<?xml version="1.0" encoding="UTF-8"?>

<Appointment xmlns="http://hl7.org/fhir">
  <id value="Example-Appointment-05c86b7b-5drg"/>
  <text>
    <status value="generated"/><div xmlns="http://www.w3.org/1999/xhtml"><p><b>Generated Narrative</b></p><p><b>identifier</b>: id: 403</p><p><b>status</b>: fulfilled</p><p><b>serviceCategory</b>: <span title="Codes: {http://snomed.info/sct 394658006}">especialidad clínica</span></p><p><b>serviceType</b>: <span title="Codes: {http://snomed.info/sct 394585009}">obstetricia y ginecología</span>, <span title="Codes: {https://digitalware-klinic.github.io/fhir/indisa/CodeSystem-AppointmentTypes c113e46f-5f39}">Cita Especialista</span>, <span title="Codes: {https://digitalware-klinic.github.io/fhir/indisa/CodeSystem-LocalProcedureCodes 120d0fe9-9347}">ANTIGENO POLIPEPTIDO DE TEJIDO O ANTIGENO DE PROLIFERACION CELULAR AUTOMATIZADO</span>, <span title="Codes: {https://digitalware-klinic.github.io/fhir/indisa/CodeSystem-Payors IDPayor025}">Asegurador Buena Salud</span></p><p><b>specialty</b>: <span title="Codes: {http://snomed.info/sct 394586005}">ginecología</span></p><p><b>appointmentType</b>: <span title="Codes: {http://terminology.hl7.org/CodeSystem/v2-0276 WALKIN}, {https://digitalware-klinic.github.io/fhir/indisa/CodeSystem-AppointmentTypes 47b66eb5-0947-455b-b069-54765c996f6f}">A previously unscheduled walk-in visit</span></p><p><b>start</b>: Jan 21, 2021 7:00:00 AM</p><p><b>end</b>: Jan 21, 2021 7:30:00 AM</p><p><b>minutesDuration</b>: 30</p><p><b>created</b>: Jan 20, 2021 10:00:00 AM</p><p><b>basedOn</b>: <span>GN-4567</span></p><blockquote><p><b>participant</b></p><p><b>type</b>: <span title="Codes: {http://terminology.hl7.org/CodeSystem/v3-ParticipationType LOC}">location</span></p><p><b>actor</b>: <a href="Location-Example-LocationBuilding-7412389635sdf556.html">Generated Summary: id: 1100112345-1 (OFFICIAL); status: active; <span title="{http://terminology.hl7.org/CodeSystem/v2-0116 O}">Occupied</span>; name: Indisa Clinica de la familia; alias: INDISA; description: Clinic and emergencies; mode: instance; <span title="Codes: {http://terminology.hl7.org/CodeSystem/v3-RoleCode HOSP}">Hospital</span>; Phone: +56(2)1111-1111; <span title="Codes: {http://terminology.hl7.org/CodeSystem/location-physical-type bu}">Building</span>; availabilityExceptions: Does not open on holidays.</a></p><p><b>status</b>: accepted</p></blockquote><blockquote><p><b>participant</b></p><p><b>type</b>: <span title="Codes: {http://terminology.hl7.org/CodeSystem/v3-ParticipationType LOC}">location</span></p><p><b>actor</b>: <a href="Location-Example-LocationRoom-1245687952.html">Generated Summary: status: active; <span title="{http://terminology.hl7.org/CodeSystem/v2-0116 O}">Occupied</span>; name: Habitación 202; alias: H202; description: Hospitalization room.; mode: instance; <span title="Codes: {http://terminology.hl7.org/CodeSystem/v3-RoleCode HU}">Hospital unit</span>; <span title="Codes: {http://terminology.hl7.org/CodeSystem/location-physical-type ro}">Room</span></a></p><p><b>status</b>: accepted</p></blockquote><blockquote><p><b>participant</b></p><p><b>type</b>: <span title="Codes: {http://terminology.hl7.org/CodeSystem/v3-ParticipationType CON}">consultant</span></p><p><b>actor</b>: <a href="Location-Example-LocationArea-789789789789.html">Generated Summary: status: active; <span title="{http://terminology.hl7.org/CodeSystem/v2-0116 O}">Occupied</span>; name: Servicio hospitalario; alias: Hospitalización; description: Hospital medical care.; mode: kind; <span title="Codes: {http://terminology.hl7.org/CodeSystem/v3-RoleCode HU}">Hospital unit</span>; Phone: +56 12355611; <span title="Codes: {http://terminology.hl7.org/CodeSystem/location-physical-type wi}">Wing</span></a></p><p><b>status</b>: accepted</p></blockquote><blockquote><p><b>participant</b></p><p><b>type</b>: <span title="Codes: {http://terminology.hl7.org/CodeSystem/v3-ParticipationType SBJ}">subject</span></p><p><b>actor</b>: <a href="Patient-Example-Patient-87356d0d.html">Generated Summary: National Person Identifier Chile: 347827348 (OFFICIAL), Medical Record Number: HC-6ef0a6d7 (USUAL); active; Maria Victoria null (OFFICIAL), Maria Jake(NICKNAME); Phone: +56(2)1111-1111, Phone: +56(2)2222-2222, jjmaria@example.com; gender: female; birthDate: 1975-08-14; <span title="Codes: {http://terminology.hl7.org/CodeSystem/v3-MaritalStatus M}">Married</span></a></p><p><b>status</b>: accepted</p></blockquote><p><b>requestedPeriod</b>: 2021-04-01 --&gt; 2021-04-30</p></div>
  </text>
  <identifier>
    <system value="https://example.org/appointment-identifiers"/>
    <value value="403"/>
  </identifier>
  <status value="fulfilled"/>
  <serviceCategory>
    <coding>
      <system value="http://snomed.info/sct"/>
      <code value="394658006"/>
      <display value="especialidad cl&#xED;nica"/>
    </coding>
  </serviceCategory>
  <serviceType>
    <coding>
      <system value="http://snomed.info/sct"/>
      <code value="394585009"/>
      <display value="obstetricia y ginecolog&#xED;a"/>
    </coding>
  </serviceType>
  <serviceType>
    <coding>
      <system value="https://digitalware-klinic.github.io/fhir/indisa/CodeSystem-AppointmentTypes"/>
      <code value="c113e46f-5f39"/>
      <display value="Cita Especialista"/>
    </coding>
  </serviceType>
  <serviceType>
    <coding>
      <system value="https://digitalware-klinic.github.io/fhir/indisa/CodeSystem-LocalProcedureCodes"/>
      <code value="120d0fe9-9347"/>
      <display value="ANTIGENO POLIPEPTIDO DE TEJIDO O ANTIGENO DE PROLIFERACION CELULAR AUTOMATIZADO"/>
    </coding>
  </serviceType>
  <serviceType>
    <coding>
      <system value="https://digitalware-klinic.github.io/fhir/indisa/CodeSystem-Payors"/>
      <code value="IDPayor025"/>
      <display value="Asegurador Buena Salud"/>
    </coding>
  </serviceType>
  <specialty>
    <coding>
      <system value="http://snomed.info/sct"/>
      <code value="394586005"/>
      <display value="ginecolog&#xED;a"/>
    </coding>
  </specialty>
  <appointmentType>
    <coding>
      <system value="http://terminology.hl7.org/CodeSystem/v2-0276"/>
      <code value="WALKIN"/>
      <display value="A previously unscheduled walk-in visit"/>
    </coding>
    <coding>
      <system value="https://digitalware-klinic.github.io/fhir/indisa/CodeSystem-AppointmentTypes"/>
      <code value="47b66eb5-0947-455b-b069-54765c996f6f"/>
      <display value="Prioritaria"/>
    </coding>
  </appointmentType>
  <start value="2021-01-21T07:00:00-05:00"/>
  <end value="2021-01-21T07:30:00-05:00"/>
  <minutesDuration value="30"/>
  <created value="2021-01-20T10:00:00-05:00"/>
  <basedOn>
    <display value="GN-4567"/>
  </basedOn>
  <participant>
    <type>
      <coding>
        <system value="http://terminology.hl7.org/CodeSystem/v3-ParticipationType"/>
        <code value="LOC"/>
        <display value="location"/>
      </coding>
    </type>
    <actor>
      <reference value="Location/Example-LocationBuilding-7412389635sdf556"/>
    </actor>
    <status value="accepted"/>
  </participant>
  <participant>
    <type>
      <coding>
        <system value="http://terminology.hl7.org/CodeSystem/v3-ParticipationType"/>
        <code value="LOC"/>
        <display value="location"/>
      </coding>
    </type>
    <actor>
      <reference value="Location/Example-LocationRoom-1245687952"/>
    </actor>
    <status value="accepted"/>
  </participant>
  <participant>
    <type>
      <coding>
        <system value="http://terminology.hl7.org/CodeSystem/v3-ParticipationType"/>
        <code value="CON"/>
        <display value="consultant"/>
      </coding>
    </type>
    <actor>
      <reference value="Location/Example-LocationArea-789789789789"/>
    </actor>
    <status value="accepted"/>
  </participant>
  <participant>
    <type>
      <coding>
        <system value="http://terminology.hl7.org/CodeSystem/v3-ParticipationType"/>
        <code value="SBJ"/>
        <display value="subject"/>
      </coding>
    </type>
    <actor>
      <reference value="Patient/Example-Patient-87356d0d"/>
    </actor>
    <status value="accepted"/>
  </participant>
  <requestedPeriod>
    <start value="2021-04-01"/>
    <end value="2021-04-30"/>
  </requestedPeriod>
</Appointment>