<?xml version="1.0" encoding="UTF-8"?>

<AppointmentResponse xmlns="http://hl7.org/fhir">
  <id value="Example-AppointmentResponse-05c86b7b"/>
  <text>
    <status value="generated"/><div xmlns="http://www.w3.org/1999/xhtml"><p><b>Generated Narrative</b></p><p><b>identifier</b>: id: 403-R1</p><p><b>appointment</b>: <a href="Appointment-Example-Appointment-05c86b7b-4fad.html">Generated Summary: id: 403; status: cancelled; <span title="Codes: {https://digitalware-klinic.github.io/fhir/indisa/CodeSystem-CancelationReason fad33226-d4f5}">Paciente</span>; <span title="Codes: {http://snomed.info/sct 394658006}">especialidad clínica</span>; <span title="Codes: {http://snomed.info/sct 394585009}">obstetricia y ginecología</span>, <span title="Codes: {https://digitalware-klinic.github.io/fhir/indisa/CodeSystem-AppointmentTypes c113e46f-5f39}">Cita Especialista</span>, <span title="Codes: {https://digitalware-klinic.github.io/fhir/indisa/CodeSystem-LocalProcedureCodes 120d0fe9-9347}">ANTIGENO POLIPEPTIDO DE TEJIDO O ANTIGENO DE PROLIFERACION CELULAR AUTOMATIZADO</span>, <span title="Codes: {https://digitalware-klinic.github.io/fhir/indisa/CodeSystem-Payors IDPayor025}">Asegurador Buena Salud</span>; <span title="Codes: {http://snomed.info/sct 394586005}">ginecología</span>; <span title="Codes: {http://terminology.hl7.org/CodeSystem/v2-0276 WALKIN}, {https://digitalware-klinic.github.io/fhir/indisa/CodeSystem-AppointmentTypes 47b66eb5-0947-455b-b069-54765c996f6f}">A previously unscheduled walk-in visit</span>; start: Jan 20, 2021 8:00:00 AM; end: Jan 20, 2021 8:30:00 AM; 30; created: Jan 5, 2021 10:00:00 AM</a></p><p><b>start</b>: Jan 20, 2021 8:00:00 AM</p><p><b>end</b>: Jan 20, 2021 8:30:00 AM</p><p><b>actor</b>: <a href="Practitioner-Example-Practitioner-09709es9d.html">Generated Summary: National Person Identifier Chile: 8596788ap (OFFICIAL); active; Sebastian Camilo null (OFFICIAL); Phone: +56(2)1111-1111, Phone: +56(2)2222-2222, dbsebastian@example.com; gender: male; birthDate: 1989-03-10</a></p><p><b>participantStatus</b>: declined</p><p><b>comment</b>: Cita declinada por el prestador de servicios de salud.</p></div>
  </text>
  <identifier>
    <system value="https://example.org/appointment-response-identifiers"/>
    <value value="403-R1"/>
  </identifier>
  <appointment>
    <reference value="Appointment/Example-Appointment-05c86b7b-4fad"/>
  </appointment>
  <start value="2021-01-20T08:00:00-05:00"/>
  <end value="2021-01-20T08:30:00-05:00"/>
  <actor>
    <reference value="Practitioner/Example-Practitioner-09709es9d"/>
  </actor>
  <participantStatus value="declined"/>
  <comment value="Cita declinada por el prestador de servicios de salud."/>
</AppointmentResponse>