<?xml version="1.0" encoding="UTF-8"?>

<Composition xmlns="http://hl7.org/fhir">
  <id value="Example-document-c1b9fc94f1af"/>
  <text>
    <status value="generated"/><div xmlns="http://www.w3.org/1999/xhtml"><h1>SEGMENTO NARRATIVO</h1></div>
  </text>
  <identifier>
    <system value="http://www.digitalware.com.co/salud/fhir/identifier/documents"/>
    <value value="e11d873a-56d1-4c8a-9bcb-7f673a60d7c6"/>
  </identifier>
  <status value="final"/>
  <type>
    <coding>
      <system value="http://loinc.org"/>
      <code value="11506-3"/>
      <display value="Progress note"/>
    </coding>
  </type>
  <category>
    <coding>
      <system value="http://loinc.org"/>
      <code value="11536-0"/>
      <display value="Nurse Notes"/>
    </coding>
  </category>
  <subject>
    <reference value="Patient/Example-Patient-87356d0d"/>
  </subject>
  <encounter>
    <reference value="Encounter/Example-Encounter-963y1945"/>
  </encounter>
  <date value="2021-02-23T10:00:23-05:00"/>
  <author>
    <reference value="Practitioner/Example-Practitioner-4290sd6n"/>
  </author>
  <title value="Nota de evoluci&#xF3;n de enfermer&#xED;a"/>
  <confidentiality value="N"/>
  <attester>
    <mode value="professional"/>
    <party>
      <reference value="Practitioner/Example-Practitioner-4290sd6n"/>
    </party>
  </attester>
  <custodian>
    <reference value="Organization/Example-Organization-213134sd15148f"/>
  </custodian>
  <section>
    <title value="Nota"/>
    <code>
      <coding>
        <system value="http://loinc.org"/>
        <code value="51848-0"/>
        <display value="Evaluation note"/>
      </coding>
    </code>
    <entry>
      <reference value="Observation/Example-Observation-3956g"/>
    </entry>
  </section>
</Composition>