<?xml version="1.0" encoding="UTF-8"?>

<Condition xmlns="http://hl7.org/fhir">
  <id value="Example-Condition-Imaging-414243ci"/>
  <text>
    <status value="generated"/><div xmlns="http://www.w3.org/1999/xhtml"><p><b>Generated Narrative</b></p><p><b>clinicalStatus</b>: <span title="Codes: {http://terminology.hl7.org/CodeSystem/condition-clinical active}">Active</span></p><p><b>category</b>: <span title="Codes: {http://terminology.hl7.org/CodeSystem/condition-category encounter-diagnosis}">Encounter Diagnosis</span></p><p><b>severity</b>: <span title="Codes: {http://snomed.info/sct 255604002}">Mild</span></p><p><b>code</b>: <span title="Codes: {http://hl7.org/fhir/sid/icd-10 S42.7}, {http://snomed.info/sct 48561006}">Fractura de clavícula con otro(s) hueso(s) u hombro o brazo</span></p><p><b>subject</b>: <a href="Patient-Example-Patient-87356d0d.html">Generated Summary: National Person Identifier Chile: 347827348 (OFFICIAL), Medical Record Number: HC-6ef0a6d7 (USUAL); active; Maria Victoria null (OFFICIAL), Maria Jake(NICKNAME); Phone: +56(2)1111-1111, Phone: +56(2)2222-2222, jjmaria@example.com; gender: female; birthDate: 1975-08-14; <span title="Codes: {http://terminology.hl7.org/CodeSystem/v3-MaritalStatus M}">Married</span></a></p><p><b>onset</b>: Feb 24, 2021 8:00:00 AM</p><p><b>recordedDate</b>: Feb 24, 2021 10:50:00 AM</p><p><b>recorder</b>: <a href="Practitioner-Example-Practitioner-4343433d.html">Generated Summary: National Person Identifier Chile: 34343434ap (OFFICIAL); active; Julian Andres null (OFFICIAL); Phone: +56(2)1111-1111, Phone: +56(2)2222-2222, rsjulian@example.com; gender: male; birthDate: 1989-03-10</a></p><p><b>note</b>: Patient in a conscious state and in severe pain.</p></div>
  </text>
  <clinicalStatus>
    <coding>
      <system value="http://terminology.hl7.org/CodeSystem/condition-clinical"/>
      <code value="active"/>
      <display value="Active"/>
    </coding>
  </clinicalStatus>
  <category>
    <coding>
      <system value="http://terminology.hl7.org/CodeSystem/condition-category"/>
      <code value="encounter-diagnosis"/>
      <display value="Encounter Diagnosis"/>
    </coding>
  </category>
  <severity>
    <coding>
      <system value="http://snomed.info/sct"/>
      <code value="255604002"/>
      <display value="Mild"/>
    </coding>
  </severity>
  <code>
    <coding>
      <system value="http://hl7.org/fhir/sid/icd-10"/>
      <code value="S42.7"/>
      <display value="Fractura de clav&#xED;cula con otro(s) hueso(s) u hombro o brazo"/>
    </coding>
    <coding>
      <system value="http://snomed.info/sct"/>
      <code value="48561006"/>
      <display value="fractura de extremo esternal de la clav&#xED;cula, no expuesta (trastorno)"/>
    </coding>
  </code>
  <subject>
    <reference value="Patient/Example-Patient-87356d0d"/>
  </subject>
  <onsetDateTime value="2021-02-24T08:00:00-05:00"/>
  <recordedDate value="2021-02-24T10:50:00-05:00"/>
  <recorder>
    <reference value="Practitioner/Example-Practitioner-4343433d"/>
  </recorder>
  <note>
    <text value="Patient in a conscious state and in severe pain."/>
  </note>
</Condition>