<?xml version="1.0" encoding="UTF-8"?>

<Coverage xmlns="http://hl7.org/fhir">
  <id value="Example-Coverage-fa7a571e"/>
  <text>
    <status value="generated"/><div xmlns="http://www.w3.org/1999/xhtml"><p><b>Generated Narrative</b></p><p><b>status</b>: active</p><p><b>type</b>: <span title="Codes: {http://terminology.hl7.org/CodeSystem/v3-ActCode EHCPOL}, {https://digitalware-klinic.github.io/fhir/indisa/CodeSystem-CoveragesTypeCl 02}">extended healthcare</span></p><p><b>policyHolder</b>: <a href="Patient-Example-Patient-87356d0d.html">Generated Summary: National Person Identifier Chile: 347827348 (OFFICIAL), Medical Record Number: HC-6ef0a6d7 (USUAL); active; Maria Victoria null (OFFICIAL), Maria Jake(NICKNAME); Phone: +56(2)1111-1111, Phone: +56(2)2222-2222, jjmaria@example.com; gender: female; birthDate: 1975-08-14; <span title="Codes: {http://terminology.hl7.org/CodeSystem/v3-MaritalStatus M}">Married</span></a></p><p><b>subscriber</b>: <a href="Patient-Example-Patient-87356d0d.html">Generated Summary: National Person Identifier Chile: 347827348 (OFFICIAL), Medical Record Number: HC-6ef0a6d7 (USUAL); active; Maria Victoria null (OFFICIAL), Maria Jake(NICKNAME); Phone: +56(2)1111-1111, Phone: +56(2)2222-2222, jjmaria@example.com; gender: female; birthDate: 1975-08-14; <span title="Codes: {http://terminology.hl7.org/CodeSystem/v3-MaritalStatus M}">Married</span></a></p><p><b>beneficiary</b>: <a href="Patient-Example-Patient-87356d0d.html">Generated Summary: National Person Identifier Chile: 347827348 (OFFICIAL), Medical Record Number: HC-6ef0a6d7 (USUAL); active; Maria Victoria null (OFFICIAL), Maria Jake(NICKNAME); Phone: +56(2)1111-1111, Phone: +56(2)2222-2222, jjmaria@example.com; gender: female; birthDate: 1975-08-14; <span title="Codes: {http://terminology.hl7.org/CodeSystem/v3-MaritalStatus M}">Married</span></a></p><p><b>relationship</b>: <span title="Codes: {http://terminology.hl7.org/CodeSystem/subscriber-relationship self}">Self</span></p><p><b>payor</b>: <a href="Organization-Example-Organization-Payor-2910416f.html">Generated Summary: id: EPS0001; active; <span title="Codes: {http://terminology.hl7.org/CodeSystem/organization-type ins}">Insurance Company</span>; name: Aseguradora Salud Completa</a></p><blockquote><p><b>class</b></p><p><b>type</b>: <span title="Codes: {http://terminology.hl7.org/CodeSystem/coverage-class class}, {https://digitalware-klinic.github.io/fhir/indisa/CodeSystem-ISAPRES db2d}">Class</span></p><p><b>value</b>: db2d</p></blockquote><blockquote><p><b>class</b></p><p><b>type</b>: <span title="Codes: {http://terminology.hl7.org/CodeSystem/coverage-class plan}, {http://example.com/planes-asegurador 00ff320e-8f5a-4f27-9862-e5083f2705f2}">Plan</span></p><p><b>value</b>: 00ff320e-8f5a-4f27-9862-e5083f2705f2</p></blockquote></div>
  </text>
  <status value="active"/>
  <type>
    <coding>
      <system value="http://terminology.hl7.org/CodeSystem/v3-ActCode"/>
      <code value="EHCPOL"/>
      <display value="extended healthcare"/>
    </coding>
    <coding>
      <system value="https://digitalware-klinic.github.io/fhir/indisa/CodeSystem-CoveragesTypeCl"/>
      <code value="02"/>
      <display value="ISAPRE"/>
    </coding>
  </type>
  <policyHolder>
    <reference value="Patient/Example-Patient-87356d0d"/>
  </policyHolder>
  <subscriber>
    <reference value="Patient/Example-Patient-87356d0d"/>
  </subscriber>
  <beneficiary>
    <reference value="Patient/Example-Patient-87356d0d"/>
  </beneficiary>
  <relationship>
    <coding>
      <system value="http://terminology.hl7.org/CodeSystem/subscriber-relationship"/>
      <code value="self"/>
      <display value="Self"/>
    </coding>
  </relationship>
  <payor>
    <reference value="Organization/Example-Organization-Payor-2910416f"/>
  </payor>
  <class>
    <type>
      <coding>
        <system value="http://terminology.hl7.org/CodeSystem/coverage-class"/>
        <code value="class"/>
        <display value="Class"/>
      </coding>
      <coding>
        <system value="https://digitalware-klinic.github.io/fhir/indisa/CodeSystem-ISAPRES"/>
        <code value="db2d"/>
        <display value="Cruz Blanca"/>
      </coding>
    </type>
    <value value="db2d"/>
  </class>
  <class>
    <type>
      <coding>
        <system value="http://terminology.hl7.org/CodeSystem/coverage-class"/>
        <code value="plan"/>
        <display value="Plan"/>
      </coding>
      <coding>
        <system value="http://example.com/planes-asegurador"/>
        <code value="00ff320e-8f5a-4f27-9862-e5083f2705f2"/>
        <display value="Plan Meditarr&#xE1;neo"/>
      </coding>
    </type>
    <value value="00ff320e-8f5a-4f27-9862-e5083f2705f2"/>
  </class>
</Coverage>