<?xml version="1.0" encoding="UTF-8"?>

<Coverage xmlns="http://hl7.org/fhir">
  <id value="Example-Coverage-fa7a571e"/>
  <text>
    <status value="generated"/><div xmlns="http://www.w3.org/1999/xhtml"><h1>SEGMENTO NARRATIVO</h1></div>
  </text>
  <status value="active"/>
  <type>
    <extension id="coverageIdentificationType" url="https://www.digitalware.com.co/salud/fhir/StrutureDefinition/identification-coverage-type">
      <valueCoding>
        <system value="https://digitalware-klinic.github.io/fhir/indisa/CodeSystem/ISAPRES"/>
        <code value="db2d"/>
        <display value="Cruz Blanca"/>
      </valueCoding>
    </extension>
    <coding>
      <system value="http://terminology.hl7.org/CodeSystem/coverage-selfpay"/>
      <code value="EHCPOL"/>
      <display value="extended healthcare"/>
    </coding>
    <coding>
      <system value="https://digitalware-klinic.github.io/fhir/indisa/CodeSystem/coverage-type-cl"/>
      <code value="02"/>
      <display value="ISAPRE"/>
    </coding>
  </type>
  <policyHolder>
    <reference value="Patient/Example-Patient-87356d0d"/>
  </policyHolder>
  <subscriber>
    <reference value="Patient/Example-Patient-87356d0d"/>
  </subscriber>
  <beneficiary>
    <reference value="Patient/Example-Patient-87356d0d"/>
  </beneficiary>
  <relationship>
    <coding>
      <system value="http://terminology.hl7.org/CodeSystem/subscriber-relationship"/>
      <code value="self"/>
      <display value="Self"/>
    </coding>
  </relationship>
  <payor>
    <reference value="Organization/Example-Organization-Payor-2910416f"/>
  </payor>
  <class>
    <type>
      <coding>
        <system value="http://terminology.hl7.org/CodeSystem/coverage-class"/>
        <code value="class"/>
        <display value="Class"/>
      </coding>
      <coding>
        <system value="https://digitalware-klinic.github.io/fhir/indisa/CodeSystem/ISAPRES"/>
        <code value="db2d"/>
        <display value="Cruz Blanca"/>
      </coding>
    </type>
    <value value="db2d"/>
  </class>
  <class>
    <type>
      <coding>
        <system value="http://terminology.hl7.org/CodeSystem/coverage-class"/>
        <code value="plan"/>
        <display value="Plan"/>
      </coding>
      <coding>
        <system value="http://example.com/planes-asegurador"/>
        <code value="00ff320e-8f5a-4f27-9862-e5083f2705f2"/>
        <display value="Plan Meditarr&#xE1;neo"/>
      </coding>
    </type>
    <value value="00ff320e-8f5a-4f27-9862-e5083f2705f2"/>
  </class>
</Coverage>