<?xml version="1.0" encoding="UTF-8"?>

<Device xmlns="http://hl7.org/fhir">
  <id value="Example-Device-757677dv"/>
  <text>
    <status value="generated"/><div xmlns="http://www.w3.org/1999/xhtml"><p><b>Generated Narrative</b></p><p><b>status</b>: active</p><p><b>manufacturer</b>: Medtronic</p><p><b>manufactureDate</b>: 2020-01-26</p><p><b>expirationDate</b>: 2022-01-25</p><p><b>lotNumber</b>: 90766</p><p><b>serialNumber</b>: 524243425F-9046</p><h3>DeviceNames</h3><table class="grid"><tr><td>-</td><td><b>Name</b></td><td><b>Type</b></td></tr><tr><td>*</td><td>Marcapasos cardiaco de dos valvulas</td><td>model-name</td></tr></table><p><b>modelNumber</b>: vivatron</p><p><b>type</b>: <span title="Codes: {http://snomed.info/sct 14106009}">marcapasos cardíaco</span></p><p><b>patient</b>: <a href="Patient-Example-Patient-87356d0d.html">Generated Summary: National Person Identifier Chile: 347827348 (OFFICIAL), Medical Record Number: HC-6ef0a6d7 (USUAL); active; Maria Victoria null (OFFICIAL), Maria Jake(NICKNAME); Phone: +56(2)1111-1111, Phone: +56(2)2222-2222, jjmaria@example.com; gender: female; birthDate: 1975-08-14; <span title="Codes: {http://terminology.hl7.org/CodeSystem/v3-MaritalStatus M}">Married</span></a></p><p><b>note</b>: Device in perfect condition</p><p><b>safety</b>: <span title="Codes: {http://snomed.info/sct 234223004}">interferencia eléctrica del marcapasos</span></p></div>
  </text>
  <status value="active"/>
  <manufacturer value="Medtronic"/>
  <manufactureDate value="2020-01-26"/>
  <expirationDate value="2022-01-25"/>
  <lotNumber value="90766"/>
  <serialNumber value="524243425F-9046"/>
  <deviceName>
    <name value="Marcapasos cardiaco de dos valvulas"/>
    <type value="model-name"/>
  </deviceName>
  <modelNumber value="vivatron"/>
  <type>
    <coding>
      <system value="http://snomed.info/sct"/>
      <code value="14106009"/>
      <display value="marcapasos card&#xED;aco"/>
    </coding>
  </type>
  <patient>
    <reference value="Patient/Example-Patient-87356d0d"/>
  </patient>
  <note>
    <text value="Device in perfect condition"/>
  </note>
  <safety>
    <coding>
      <system value="http://snomed.info/sct"/>
      <code value="234223004"/>
      <display value="interferencia el&#xE9;ctrica del marcapasos"/>
    </coding>
  </safety>
</Device>