<?xml version="1.0" encoding="UTF-8"?>

<Device xmlns="http://hl7.org/fhir">
  <id value="Example-Device-898989dv"/>
  <text>
    <status value="generated"/><div xmlns="http://www.w3.org/1999/xhtml"><p><b>Generated Narrative</b></p><p><b>status</b>: active</p><p><b>manufacturer</b>: Melbea</p><p><b>manufactureDate</b>: 2020-11-20</p><p><b>expirationDate</b>: 2020-05-19</p><p><b>lotNumber</b>: 5444223455</p><p><b>serialNumber</b>: 23322333-56</p><h3>DeviceNames</h3><table class="grid"><tr><td>-</td><td><b>Name</b></td><td><b>Type</b></td></tr><tr><td>*</td><td>Dispositivo intrauterino copper-T MelbeaGold</td><td>model-name</td></tr></table><p><b>modelNumber</b>: fiatsa</p><p><b>type</b>: <span title="Codes: {http://snomed.info/sct 268460000}">dispositivo anticonceptivo intrauterino</span></p><p><b>patient</b>: <a href="Patient-Example-Patient-87356d0d.html">Generated Summary: National Person Identifier Chile: 347827348 (OFFICIAL), Medical Record Number: HC-6ef0a6d7 (USUAL); active; Maria Victoria null (OFFICIAL), Maria Jake(NICKNAME); Phone: +56(2)1111-1111, Phone: +56(2)2222-2222, jjmaria@example.com; gender: female; birthDate: 1975-08-14; <span title="Codes: {http://terminology.hl7.org/CodeSystem/v3-MaritalStatus M}">Married</span></a></p><p><b>note</b>: Device in perfect condition</p></div>
  </text>
  <status value="active"/>
  <manufacturer value="Melbea"/>
  <manufactureDate value="2020-11-20"/>
  <expirationDate value="2020-05-19"/>
  <lotNumber value="5444223455"/>
  <serialNumber value="23322333-56"/>
  <deviceName>
    <name value="Dispositivo intrauterino copper-T MelbeaGold"/>
    <type value="model-name"/>
  </deviceName>
  <modelNumber value="fiatsa"/>
  <type>
    <coding>
      <system value="http://snomed.info/sct"/>
      <code value="268460000"/>
      <display value="dispositivo anticonceptivo intrauterino"/>
    </coding>
  </type>
  <patient>
    <reference value="Patient/Example-Patient-87356d0d"/>
  </patient>
  <note>
    <text value="Device in perfect condition"/>
  </note>
</Device>