<?xml version="1.0" encoding="UTF-8"?>

<DiagnosticReport xmlns="http://hl7.org/fhir">
  <id value="Example-DiagnosticReport-Laboratory-782823899957f"/>
  <text>
    <status value="generated"/><div xmlns="http://www.w3.org/1999/xhtml"><h2><span title="Codes: {http://snomed.info/sct 1240461000000109}, {https://digitalware-klinic.github.io/fhir/indisa/CodeSystem-CodesFonasa 0306069}">medición de anticuerpos anti-coronavirus 2 del síndrome respiratorio agudo severo</span> (<span title="Codes: {http://terminology.hl7.org/CodeSystem/observation-category laboratory}, {http://snomed.info/sct 708194008}">Laboratory</span>) </h2><table class="grid"><tr><td>Subject</td><td><b>Maria Victoria null (OFFICIAL)</b>  1975-08-14 ( Medical Record Number: HC-6ef0a6d7 (USUAL))</td></tr><tr><td>When For</td><td>25/02/2021, 9:45:00 a. m.</td></tr><tr><td>Identifier:</td><td> id: RLB56566 (USUAL)</td></tr></table><p><b>Report Details</b></p><table class="grid"><tr><td><b>Code</b></td><td><b>Value</b></td></tr><tr><td><a href="Observation-Example-Observation-3232352365gf.html"><span title="Codes: {http://snomed.info/sct 1240461000000109}, {https://digitalware-klinic.github.io/fhir/indisa/CodeSystem-CodesFonasa 0306069}">medición de anticuerpos anti-coronavirus 2 del síndrome respiratorio agudo severo</span></a></td><td><span title="Codes: {http://snomed.info/sct 260385009}">Negativo</span></td></tr></table><p>Ullamco eiusmod sunt elit non commodo est dolor.</p></div>
  </text>
  <identifier>
    <use value="usual"/>
    <system value="https://example.org/diagnostic-report-identifiers"/>
    <value value="RLB56566"/>
  </identifier>
  <basedOn>
    <reference value="ServiceRequest/Example-ServiceRequest-Laboratory-5688g6ay"/>
  </basedOn>
  <status value="final"/>
  <category>
    <coding>
      <system value="http://terminology.hl7.org/CodeSystem/observation-category"/>
      <code value="laboratory"/>
      <display value="Laboratory"/>
    </coding>
    <coding>
      <system value="http://snomed.info/sct"/>
      <code value="708194008"/>
      <display value="servicio de banco de sangre"/>
    </coding>
  </category>
  <code>
    <coding>
      <system value="http://snomed.info/sct"/>
      <code value="1240461000000109"/>
      <display value="medici&#xF3;n de anticuerpos anti-coronavirus 2 del s&#xED;ndrome respiratorio agudo severo"/>
    </coding>
    <coding>
      <system value="https://digitalware-klinic.github.io/fhir/indisa/CodeSystem-CodesFonasa"/>
      <code value="0306069"/>
      <display value="ANTICUERPOS ANTI COVID-19. IGG-DONANTE PLASMA"/>
    </coding>
  </code>
  <subject>
    <reference value="Patient/Example-Patient-87356d0d"/>
  </subject>
  <encounter>
    <reference value="Encounter/Example-Encounter-963b1515"/>
  </encounter>
  <effectiveDateTime value="2021-02-25T09:45:00-05:00"/>
  <performer>
    <reference value="Practitioner/Example-Practitioner-78456er9f"/>
  </performer>
  <specimen>
    <reference value="Specimen/Example-Specimen-Blood-56789856d"/>
  </specimen>
  <result>
    <reference value="Observation/Example-Observation-3232352365gf"/>
  </result>
  <conclusion value="Ullamco eiusmod sunt elit non commodo est dolor."/>
</DiagnosticReport>