<?xml version="1.0" encoding="UTF-8"?>

<Encounter xmlns="http://hl7.org/fhir">
  <id value="Example-Encounter-963y1945"/>
  <text>
    <status value="generated"/><div xmlns="http://www.w3.org/1999/xhtml"><h1>SEGMENTO NARRATIVO</h1></div>
  </text>
  <extension id="rateModality">
    <valueCoding>
      <system value="http://digitalware.com.co/salud/fhir/CodeSystem/rates-modality-INDISA"/>
      <code value="cerrada"/>
      <display value="cerrada/preferent"/>
    </valueCoding>
  </extension>
  <identifier>
    <use value="official"/>
    <system value="https://example.org/encounter-identifiers"/>
    <value value="56386090"/>
  </identifier>
  <status value="finished"/>
  <statusHistory>
    <status value="arrived"/>
    <period>
      <start value="2021-01-21T07:00:00-05:00"/>
      <end value="2021-01-21T07:10:00-05:00"/>
    </period>
  </statusHistory>
  <statusHistory>
    <status value="in-progress"/>
    <period>
      <start value="2021-01-21T07:10:00-05:00"/>
      <end value="2021-01-23T10:45:00-05:00"/>
    </period>
  </statusHistory>
  <statusHistory>
    <status value="finished"/>
    <period>
      <start value="2021-01-23T10:45:00-05:00"/>
      <end value="2021-01-23T11:00:00-05:00"/>
    </period>
  </statusHistory>
  <class>
    <system value="http://terminology.hl7.org/ValueSet/v3-ActEncounterCode"/>
    <code value="IMP"/>
    <display value="inpatient encounter"/>
  </class>
  <serviceType>
    <coding>
      <system value="http://hl7.org/fhir/ValueSet/service-type"/>
      <code value="410"/>
      <display value="Pregnancy"/>
    </coding>
  </serviceType>
  <priority>
    <coding>
      <system value="http://terminology.hl7.org/ValueSet/v3-ActPriority"/>
      <code value="EL"/>
      <display value="elective"/>
    </coding>
  </priority>
  <subject>
    <reference value="Patient/Example-Patient-87356d0d"/>
  </subject>
  <basedOn>
    <reference value="ServiceRequest/Example-ServiceRequest-GN4035"/>
  </basedOn>
  <participant>
    <type>
      <coding>
        <system value="http://hl7.org/fhir/ValueSet/encounter-participant-type"/>
        <code value="CON"/>
        <display value="Consultant"/>
      </coding>
    </type>
  </participant>
  <appointment>
    <reference value="Appointment/Example-Appointment-05c86b7b-5drg"/>
  </appointment>
  <period>
    <start value="2021-01-21T07:00:00-05:00"/>
    <end value="2021-01-23T11:00:00-05:00"/>
  </period>
  <reasonCode>
    <coding>
      <system value="http://hl7.org/fhir/ValueSet/encounter-reason"/>
      <code value="888003"/>
      <display value="Efecto fetal o neonatal de la p&#xE9;rdida de sangre materna"/>
    </coding>
  </reasonCode>
  <reasonReference>
    <reference value="Observation/Example-Observation-3956g"/>
  </reasonReference>
  <diagnosis>
    <condition>
      <reference value="Condition/Example-Condition-3490d"/>
    </condition>
    <use>
      <coding>
        <system value="http://hl7.org/fhir/ValueSet/diagnosis-role"/>
        <code value="AD"/>
        <display value="Admission diagnosis"/>
      </coding>
    </use>
    <rank value="1"/>
  </diagnosis>
  <diagnosis>
    <condition>
      <reference value="Condition/Example-Condition-5647f"/>
    </condition>
    <use>
      <coding>
        <system value="http://hl7.org/fhir/ValueSet/diagnosis-role"/>
        <code value="DD"/>
        <display value="Discharge diagnosis"/>
      </coding>
    </use>
    <rank value="1"/>
  </diagnosis>
  <account>
    <reference value="Account/Example-Account-6f678t45"/>
  </account>
  <hospitalization>
    <preAdmissionIdentifier>
      <value value="6037c96f1b3e"/>
    </preAdmissionIdentifier>
    <origin>
      <reference value="Location/Example-LocationRoom-1245687952"/>
    </origin>
    <admitSource>
      <coding>
        <system value="http://terminology.hl7.org/CodeSystem/admit-source"/>
        <code value="outp"/>
        <display value="From outpatient department"/>
      </coding>
    </admitSource>
    <specialCourtesy>
      <coding>
        <system value="http://terminology.hl7.org/CodeSystem/v3-EncounterSpecialCourtesy"/>
        <code value="VIP"/>
        <display value="very important person"/>
      </coding>
    </specialCourtesy>
    <dischargeDisposition>
      <coding>
        <system value="http://digitalware.com.co/salud/fhir/CodeSystem/discharge-disposition"/>
        <code value="home"/>
        <display value="home"/>
      </coding>
    </dischargeDisposition>
  </hospitalization>
  <location>
    <location>
      <reference value="Location/Example-LocationBed-7819819819bn915"/>
    </location>
    <status value="completed"/>
    <period>
      <start value="2021-01-21T08:00:00-05:00"/>
      <end value="2021-01-23T11:00:00-05:00"/>
    </period>
  </location>
  <serviceProvider>
    <reference value="Organization/Example-Organization-213134sd15148f"/>
  </serviceProvider>
</Encounter>