<?xml version="1.0" encoding="UTF-8"?>

<Encounter xmlns="http://hl7.org/fhir">
  <id value="Example-Encounter-963b1515"/>
  <text>
    <status value="generated"/><div xmlns="http://www.w3.org/1999/xhtml"><h1>SEGMENTO NARRATIVO</h1></div>
  </text>
  <extension id="rateModality">
    <valueCoding>
      <system value="http://digitalware.com.co/salud/fhir/CodeSystem/rates-modality-INDISA"/>
      <code value="cerrada"/>
      <display value="cerrada/preferente"/>
    </valueCoding>
  </extension>
  <identifier>
    <use value="official"/>
    <system value="https://example.org/encounter-identifiers"/>
    <value value="12334556"/>
  </identifier>
  <status value="finished"/>
  <statusHistory>
    <status value="arrived"/>
    <period>
      <start value="2021-01-21T07:00:00-05:00"/>
      <end value="2021-01-21T07:10:00-05:00"/>
    </period>
  </statusHistory>
  <statusHistory>
    <status value="in-progress"/>
    <period>
      <start value="2021-01-21T07:10:00-05:00"/>
      <end value="2021-01-21T07:40:00-05:00"/>
    </period>
  </statusHistory>
  <statusHistory>
    <status value="finished"/>
    <period>
      <start value="2021-01-21T07:41:00-05:00"/>
      <end value="2021-01-21T07:41:00-05:00"/>
    </period>
  </statusHistory>
  <class>
    <system value="http://terminology.hl7.org/ValueSet/v3-ActEncounterCode"/>
    <code value="AMB"/>
    <display value="ambulatory"/>
  </class>
  <serviceType>
    <coding>
      <system value="http://hl7.org/fhir/ValueSet/service-type"/>
      <code value="349"/>
      <display value="General Practitioner"/>
    </coding>
  </serviceType>
  <priority>
    <coding>
      <system value="http://terminology.hl7.org/ValueSet/v3-ActPriority"/>
      <code value="R"/>
      <display value="routine"/>
    </coding>
  </priority>
  <subject>
    <reference value="Patient/Example-Patient-87356d0d"/>
  </subject>
  <basedOn>
    <reference value="ServiceRequest/Example-ServiceRequest-GN4035"/>
  </basedOn>
  <participant>
    <type>
      <coding>
        <system value="http://hl7.org/fhir/ValueSet/encounter-participant-type"/>
        <code value="CON"/>
        <display value="Consultant"/>
      </coding>
    </type>
  </participant>
  <appointment>
    <reference value="Appointment/Example-Appointment-05c86b7b-5drg"/>
  </appointment>
  <period>
    <start value="2021-01-21T07:00:00-05:00"/>
    <end value="2021-01-21T07:30:00-05:00"/>
  </period>
  <reasonCode>
    <coding>
      <system value="http://hl7.org/fhir/ValueSet/encounter-reason"/>
      <code value="257006"/>
      <display value="Acne rosacea"/>
    </coding>
  </reasonCode>
  <reasonReference>
    <reference value="Observation/Example-Observation-3546o"/>
  </reasonReference>
  <diagnosis>
    <condition>
      <reference value="Condition/Example-Condition-4869c"/>
    </condition>
  </diagnosis>
  <account>
    <reference value="Account/Example-Account-6f674e96"/>
  </account>
  <location>
    <location>
      <reference value="Location/Example-LocationRoom-1245687952"/>
    </location>
  </location>
  <serviceProvider>
    <reference value="Organization/Example-Organization-213134sd15148f"/>
  </serviceProvider>
</Encounter>