<?xml version="1.0" encoding="UTF-8"?>

<Endpoint xmlns="http://hl7.org/fhir">
  <id value="Example-EndPoint-PACServer-676767endp"/>
  <text>
    <status value="generated"/><div xmlns="http://www.w3.org/1999/xhtml"><p><b>Generated Narrative</b></p><p><b>identifier</b>: id: PACS001 (USUAL)</p><p><b>status</b>: active</p><p><b>connectionType</b>: <span title="{http://terminology.hl7.org/CodeSystem/endpoint-connection-type dicom-stow-rs}">DICOM STOW-RS</span></p><p><b>name</b>: Servidor PACS No. 001</p><p><b>payloadType</b>: <span title="Codes: {http://dicom.nema.org/resources/ontology/DCM 121181}">DICOM Object Catalog</span></p><p><b>payloadMimeType</b>: application/dicom</p><p><b>address</b>: <a href="http://127.1.1.0:104">http://127.1.1.0:104</a></p></div>
  </text>
  <identifier>
    <use value="usual"/>
    <system value="https://example.org/imaging-study-identifiers"/>
    <value value="PACS001"/>
  </identifier>
  <status value="active"/>
  <connectionType>
    <system value="http://terminology.hl7.org/CodeSystem/endpoint-connection-type"/>
    <code value="dicom-stow-rs"/>
    <display value="DICOM STOW-RS"/>
  </connectionType>
  <name value="Servidor PACS No. 001"/>
  <payloadType>
    <coding>
      <system value="http://dicom.nema.org/resources/ontology/DCM"/>
      <code value="121181"/>
      <display value="DICOM Object Catalog"/>
    </coding>
  </payloadType>
  <payloadMimeType value="application/dicom"/>
  <address value="http://127.1.1.0:104"/>
</Endpoint>