<?xml version="1.0" encoding="UTF-8"?>

<HealthcareService xmlns="http://hl7.org/fhir">
  <id value="Example-HealthcareService-20ede331"/>
  <text>
    <status value="generated"/><div xmlns="http://www.w3.org/1999/xhtml"><h1>SEGMENTO NARRATIVO</h1></div>
  </text>
  <extension id="servicePartOf" url="https://www.digitalware.com.co/salud/fhir/extension/servicePartOf">
    <valueReference>
      <reference value="HealthcareService/Example-HealthcareService-20ede331-1"/>
    </valueReference>
  </extension>
  <identifier>
    <use value="official"/>
    <system value="http://MinChile/CodeHab-Service"/>
    <value>
      <id value="Code45678"/>
    </value>
  </identifier>
  <active value="true"/>
  <category>
    <coding>
      <system value="http://snomed.info/sct"/>
      <code value="27"/>
      <display value="Medico especialista"/>
    </coding>
  </category>
  <type>
    <coding>
      <system value="http://snomed.info/sct"/>
      <code value="186"/>
      <display value="obstetricia y ginecologia"/>
    </coding>
  </type>
  <specialty>
    <coding>
      <system value="http://snomed.info/sct"/>
      <code value="394586005"/>
      <display value="ginecologia"/>
    </coding>
  </specialty>
  <location>
    <reference value="Location/Example-LocationArea-789789789789"/>
  </location>
  <name value="Servicio Ginecologia"/>
  <comment value="Gynecology and Obstetrics Service."/>
  <serviceProvisionCode>
    <coding>
      <system value="https://www.digitalware.com.co/salud/fhir/codesystem/provision-codes"/>
      <code value="SURA"/>
      <display value="Prioridad para salud Suramericana"/>
    </coding>
  </serviceProvisionCode>
  <serviceProvisionCode>
    <coding>
      <system value="https://www.digitalware.com.co/salud/fhir/codesystem/provision-codes"/>
      <code value="KERALTY"/>
      <display value="Prioridad para salud Keralty"/>
    </coding>
  </serviceProvisionCode>
  <program>
    <coding>
      <system value="https://www.digitalware.com.co/salud/fhir/codesystem/program-codes"/>
      <code value="P01"/>
      <display value="Programa de Gestantes Salud Suramericana"/>
    </coding>
  </program>
  <characteristic>
    <coding>
      <system value="https://MinChile/procedure-code"/>
      <code value="CODEP0016"/>
      <display value="Parto"/>
    </coding>
  </characteristic>
  <characteristic>
    <coding>
      <system value="https://MinChile/procedure-code"/>
      <code value="CODEP0134"/>
      <display value="Citologia"/>
    </coding>
  </characteristic>
  <referralMethod>
    <coding>
      <system value="https://www.digitalware.com.co/salud/fhir/codesystem/referen-codes"/>
      <code value="R057"/>
      <display value="Pacientes de Compensar no requieren orden de remision"/>
    </coding>
  </referralMethod>
  <referralMethod>
    <coding>
      <system value="https://www.digitalware.com.co/salud/fhir/codesystem/referen-codes"/>
      <code value="R175"/>
      <display value="Pacientes de Famisionar requieren orden de remision"/>
    </coding>
  </referralMethod>
  <referralMethod>
    <coding>
      <system value="https://www.digitalware.com.co/salud/fhir/codesystem/referen-codes"/>
      <code value="R578"/>
      <display value="Se requiere consulta previa con Medicina General"/>
    </coding>
  </referralMethod>
  <appointmentRequired value="true"/>
  <availableTime>
    <daysOfWeek value="mon"/>
    <availableStartTime value="08:00:00"/>
    <availableEndTime value="12:00:00"/>
  </availableTime>
  <availabilityExceptions value="Weekends are not served"/>
</HealthcareService>