<?xml version="1.0" encoding="UTF-8"?>

<Location xmlns="http://hl7.org/fhir">
  <id value="Example-LocationFuncionalUnit-16558949sf878498"/>
  <text>
    <status value="generated"/><div xmlns="http://www.w3.org/1999/xhtml"><p><b>Generated Narrative</b></p><h3>Texts</h3><table class="grid"><tr><td>-</td></tr><tr><td>*</td></tr></table><p><b>status</b>: active</p><p><b>operationalStatus</b>: <span title="{http://terminology.hl7.org/CodeSystem/v2-0116 U}">Unoccupied</span></p><p><b>name</b>: Laboratorio/farmacia</p><p><b>alias</b>: Laboratior 1/farmacia 1</p><p><b>description</b>: blood component laboratory / emergency pharmacy</p><p><b>mode</b>: instance</p><p><b>type</b>: <span title="Codes: {http://terminology.hl7.org/ValueSet/v3-ServiceDeliveryLocationRoleType HU}">Hospital unit</span></p><p><b>telecom</b>: <a href="tel:+561234567889">+561234567889</a></p><p><b>partOf</b>: <a href="Location/Example-LocationBuilding-7412389635sdf556">Location/Example-LocationBuilding-7412389635sdf556</a></p><h3>HoursOfOperations</h3><table class="grid"><tr><td>-</td><td><b>DaysOfWeek</b></td><td><b>AllDay</b></td><td><b>OpeningTime</b></td><td><b>ClosingTime</b></td></tr><tr><td>*</td><td>mon, tue, wed, thu, fri, sat, sun</td><td>true</td><td>13:02:01</td><td>23:19:29</td></tr></table><p><b>availabilityExceptions</b>: Does not open on holidays</p></div>
  </text>
  <status value="active"/>
  <operationalStatus>
    <system value="http://terminology.hl7.org/CodeSystem/v2-0116"/>
    <code value="U"/>
    <display value="Unoccupied"/>
  </operationalStatus>
  <name value="Laboratorio/farmacia"/>
  <alias value="Laboratior 1/farmacia 1"/>
  <description value="blood component laboratory / emergency pharmacy"/>
  <mode value="instance"/>
  <type>
    <coding>
      <system value="http://terminology.hl7.org/ValueSet/v3-ServiceDeliveryLocationRoleType"/>
      <code value="HU"/>
      <display value="Hospital unit"/>
    </coding>
  </type>
  <telecom>
    <system value="phone"/>
    <value value="+561234567889"/>
    <use value="work"/>
  </telecom>
  <partOf>
    <reference value="Location/Example-LocationBuilding-7412389635sdf556"/>
  </partOf>
  <hoursOfOperation>
    <daysOfWeek value="mon"/>
    <daysOfWeek value="tue"/>
    <daysOfWeek value="wed"/>
    <daysOfWeek value="thu"/>
    <daysOfWeek value="fri"/>
    <daysOfWeek value="sat"/>
    <daysOfWeek value="sun"/>
    <allDay value="true"/>
    <openingTime value="13:02:01"/>
    <closingTime value="23:19:29"/>
  </hoursOfOperation>
  <availabilityExceptions value="Does not open on holidays"/>
</Location>