<?xml version="1.0" encoding="UTF-8"?>

<Location xmlns="http://hl7.org/fhir">
  <id value="Example-Pharmacy-51654689466d55"/>
  <text>
    <status value="generated"/><div xmlns="http://www.w3.org/1999/xhtml"><h1>SEGMENTO NARRATIVO</h1></div>
  </text>
  <status value="active"/>
  <operationalStatus>
    <system value="http://terminology.hl7.org/CodeSystem/v2-0116"/>
    <code value="U"/>
    <display value="Unoccupied"/>
  </operationalStatus>
  <name value="Farmacia"/>
  <alias value="Farmacia 1"/>
  <description value="Emergency pharmacy."/>
  <mode value="instance"/>
  <type>
    <coding>
      <system value="http://terminology.hl7.org/ValueSet/v3-ServiceDeliveryLocationRoleType"/>
      <code value="HOSP"/>
      <display value="Hospital"/>
    </coding>
  </type>
  <telecom>
    <system value="phone"/>
    <value value="78978994952"/>
    <use value="work"/>
  </telecom>
  <partOf>
    <reference value="Location/Example-LocationBuilding-7412389635sdf556"/>
  </partOf>
</Location>