<?xml version="1.0" encoding="UTF-8"?>

<Location xmlns="http://hl7.org/fhir">
  <id value="Example-LocationBuilding-7412389635sdf556"/>
  <text>
    <status value="generated"/><div xmlns="http://www.w3.org/1999/xhtml"><p><b>Generated Narrative</b></p><p><b>identifier</b>: id: 1100112345-1 (OFFICIAL)</p><p><b>status</b>: active</p><p><b>operationalStatus</b>: <span title="{http://terminology.hl7.org/CodeSystem/v2-0116 O}">Occupied</span></p><p><b>name</b>: Indisa Clinica de la familia</p><p><b>alias</b>: INDISA</p><p><b>description</b>: Clinic and emergencies</p><p><b>mode</b>: instance</p><p><b>type</b>: <span title="Codes: {http://terminology.hl7.org/CodeSystem/v3-RoleCode HOSP}">Hospital</span></p><p><b>telecom</b>: <a href="tel:+56(2)1111-1111">+56(2)1111-1111</a></p><p><b>address</b>: Av. Sta. María 1810, Santiago, Providencia, Región Metropolitana, Chile(WORK)</p><p><b>physicalType</b>: <span title="Codes: {http://terminology.hl7.org/CodeSystem/location-physical-type bu}">Building</span></p><h3>Positions</h3><table class="grid"><tr><td>-</td><td><b>Longitude</b></td><td><b>Latitude</b></td></tr><tr><td>*</td><td>133</td><td>223</td></tr></table><p><b>managingOrganization</b>: <a href="Organization-Example-Organization-213134sd15148f.html">Generated Summary: id: 1100133335-1 (OFFICIAL), id: 12789312-9 (OFFICIAL); active; <span title="Codes: {http://terminology.hl7.org/CodeSystem/organization-type prov}">Healthcare Provider</span>; name: Indisa clinica de la familia; alias: INDISA; Phone: 3430000</a></p><h3>HoursOfOperations</h3><table class="grid"><tr><td>-</td><td><b>DaysOfWeek</b></td><td><b>AllDay</b></td></tr><tr><td>*</td><td>mon, tue, wed, thu, fri, sat, sun</td><td>true</td></tr></table><p><b>availabilityExceptions</b>: Does not open on holidays.</p></div>
  </text>
  <identifier>
    <use value="official"/>
    <system value="http://www.minsalud.gov.co/codHabilitacion"/>
    <value value="1100112345-1"/>
  </identifier>
  <status value="active"/>
  <operationalStatus>
    <system value="http://terminology.hl7.org/CodeSystem/v2-0116"/>
    <code value="O"/>
    <display value="Occupied"/>
  </operationalStatus>
  <name value="Indisa Clinica de la familia"/>
  <alias value="INDISA"/>
  <description value="Clinic and emergencies"/>
  <mode value="instance"/>
  <type>
    <coding>
      <system value="http://terminology.hl7.org/CodeSystem/v3-RoleCode"/>
      <code value="HOSP"/>
      <display value="Hospital"/>
    </coding>
  </type>
  <telecom>
    <system value="phone"/>
    <value value="+56(2)1111-1111"/>
    <use value="work"/>
  </telecom>
  <address>
    <use value="work"/>
    <text value="Av. Sta. Mar&#xED;a 1810, Santiago, Providencia, Regi&#xF3;n Metropolitana, Chile"/>
    <city value="Providencia"/>
    <state value="Regi&#xF3;n Metropolitana"/>
    <postalCode value="2342355"/>
    <country value="Chile"/>
  </address>
  <physicalType>
    <coding>
      <system value="http://terminology.hl7.org/CodeSystem/location-physical-type"/>
      <code value="bu"/>
      <display value="Building"/>
    </coding>
  </physicalType>
  <position>
    <longitude value="133"/>
    <latitude value="223"/>
  </position>
  <managingOrganization>
    <reference value="Organization/Example-Organization-213134sd15148f"/>
  </managingOrganization>
  <hoursOfOperation>
    <daysOfWeek value="mon"/>
    <daysOfWeek value="tue"/>
    <daysOfWeek value="wed"/>
    <daysOfWeek value="thu"/>
    <daysOfWeek value="fri"/>
    <daysOfWeek value="sat"/>
    <daysOfWeek value="sun"/>
    <allDay value="true"/>
  </hoursOfOperation>
  <availabilityExceptions value="Does not open on holidays."/>
</Location>