<?xml version="1.0" encoding="UTF-8"?>

<Location xmlns="http://hl7.org/fhir">
  <id value="Example-LocationFuncionalUnit-16558949sf878498"/>
  <text>
    <status value="generated"/><div xmlns="http://www.w3.org/1999/xhtml"><h1>SEGMENTO NARRATIVO</h1></div>
  </text>
  <status value="active"/>
  <operationalStatus>
    <system value="http://terminology.hl7.org/CodeSystem/v2-0116"/>
    <code value="U"/>
    <display value="Unoccupied"/>
  </operationalStatus>
  <name value="Laboratorio/farmacia"/>
  <alias value="Laboratior 1/farmacia 1"/>
  <description value="blood component laboratory / emergency pharmacy"/>
  <mode value="instance"/>
  <type>
    <coding>
      <system value="http://terminology.hl7.org/ValueSet/v3-ServiceDeliveryLocationRoleType"/>
      <code value="HU"/>
      <display value="Hospital unit"/>
    </coding>
  </type>
  <telecom>
    <system value="phone"/>
    <value value="+561234567889"/>
    <use value="work"/>
  </telecom>
  <partOf>
    <reference value="Location/Example-LocationBuilding-7412389635sdf556"/>
  </partOf>
  <hoursOfOperation>
    <daysOfWeek value="mon"/>
    <daysOfWeek value="tue"/>
    <daysOfWeek value="wed"/>
    <daysOfWeek value="thu"/>
    <daysOfWeek value="fri"/>
    <daysOfWeek value="sat"/>
    <daysOfWeek value="sun"/>
    <allDay value="true"/>
    <openingTime value="13:02:01"/>
    <closingTime value="23:19:29"/>
  </hoursOfOperation>
  <availabilityExceptions value="Does not open on holidays"/>
</Location>