<?xml version="1.0" encoding="UTF-8"?>

<Location xmlns="http://hl7.org/fhir">
  <id value="Example-OperatingRoom-ads51ds5d145212ds"/>
  <text>
    <status value="generated"/><div xmlns="http://www.w3.org/1999/xhtml"><h1>SEGMENTO NARRATIVO</h1></div>
  </text>
  <status value="active"/>
  <operationalStatus>
    <system value="http://terminology.hl7.org/CodeSystem/v2-0116"/>
    <code value="C"/>
    <display value="Closed"/>
  </operationalStatus>
  <name value="Quirof&#xE1;no"/>
  <alias value="Quirof&#xE1;no 1"/>
  <description value="Minor procedure operating room."/>
  <mode value="instance"/>
  <type>
    <coding>
      <system value="http://terminology.hl7.org/ValueSet/v3-ServiceDeliveryLocationRoleType"/>
      <code value="HOSP"/>
      <display value="Hospital"/>
    </coding>
  </type>
  <partOf>
    <reference value="Location/Example-LocationArea-789789789789"/>
  </partOf>
  <hoursOfOperation>
    <daysOfWeek value="mon"/>
    <daysOfWeek value="tue"/>
    <daysOfWeek value="wed"/>
    <daysOfWeek value="thu"/>
    <daysOfWeek value="fri"/>
    <daysOfWeek value="sat"/>
    <daysOfWeek value="sun"/>
    <allDay value="true"/>
  </hoursOfOperation>
  <availabilityExceptions value="No holidays are scheduled"/>
</Location>