<?xml version="1.0" encoding="UTF-8"?>

<Location xmlns="http://hl7.org/fhir">
  <id value="ads51ds5d145212ds"/>
  <text>
    <status value="generated"/><div xmlns="http://www.w3.org/1999/xhtml"><p><b>Generated Narrative</b></p><h3>Texts</h3><table class="grid"><tr><td>-</td></tr><tr><td>*</td></tr></table><p><b>status</b>: active</p><p><b>operationalStatus</b>: <span title="{http://terminology.hl7.org/CodeSystem/v2-0116 C}">Closed</span></p><p><b>name</b>: Quirofáno</p><p><b>alias</b>: Quirofáno 1</p><p><b>description</b>: Quirofáno de procedimientos menores</p><p><b>mode</b>: instance</p><p><b>type</b>: <span title="Codes: {http://terminology.hl7.org/ValueSet/v3-ServiceDeliveryLocationRoleType HOSP}">Hospital</span></p><p><b>partOf</b>: <a href="Location/789789789789">Location/789789789789</a></p><h3>HoursOfOperations</h3><table class="grid"><tr><td>-</td><td><b>DaysOfWeek</b></td><td><b>AllDay</b></td></tr><tr><td>*</td><td>mon, tue, wed, thu, fri, sat, sun</td><td>true</td></tr></table><p><b>availabilityExceptions</b>: No se programan los días festivos</p></div>
  </text>
  <status value="active"/>
  <operationalStatus>
    <system value="http://terminology.hl7.org/CodeSystem/v2-0116"/>
    <code value="C"/>
    <display value="Closed"/>
  </operationalStatus>
  <name value="Quirof&#xE1;no"/>
  <alias value="Quirof&#xE1;no 1"/>
  <description value="Quirof&#xE1;no de procedimientos menores"/>
  <mode value="instance"/>
  <type>
    <coding>
      <system value="http://terminology.hl7.org/ValueSet/v3-ServiceDeliveryLocationRoleType"/>
      <code value="HOSP"/>
      <display value="Hospital"/>
    </coding>
  </type>
  <partOf>
    <reference value="Location/789789789789"/>
  </partOf>
  <hoursOfOperation>
    <daysOfWeek value="mon"/>
    <daysOfWeek value="tue"/>
    <daysOfWeek value="wed"/>
    <daysOfWeek value="thu"/>
    <daysOfWeek value="fri"/>
    <daysOfWeek value="sat"/>
    <daysOfWeek value="sun"/>
    <allDay value="true"/>
  </hoursOfOperation>
  <availabilityExceptions value="No se programan los d&#xED;as festivos"/>
</Location>