<?xml version="1.0" encoding="UTF-8"?>

<Location xmlns="http://hl7.org/fhir">
  <id value="Example-LocationRoom-1245687952"/>
  <text>
    <status value="generated"/><div xmlns="http://www.w3.org/1999/xhtml"><h1>SEGMENTO NARRATIVO</h1></div>
  </text>
  <status value="active"/>
  <operationalStatus>
    <system value="http://terminology.hl7.org/CodeSystem/v2-0116"/>
    <code value="o"/>
    <display value="Occupied"/>
  </operationalStatus>
  <name value="Habitaci&#xF3;n 202"/>
  <alias value="H202"/>
  <description value="Hospitalization room."/>
  <mode value="instance"/>
  <type>
    <coding>
      <system value="http://terminology.hl7.org/ValueSet/v3-ServiceDeliveryLocationRoleType"/>
      <code value="HU"/>
      <display value="Hospital unit"/>
    </coding>
  </type>
  <partOf>
    <reference value="Location/Example-LocationArea-789789789789"/>
  </partOf>
</Location>