<?xml version="1.0" encoding="UTF-8"?>

<Location xmlns="http://hl7.org/fhir">
  <id value="Example-Laboratory-51654689466d55"/>
  <text>
    <status value="generated"/><div xmlns="http://www.w3.org/1999/xhtml"><h1>SEGMENTO NARRATIVO</h1></div>
  </text>
  <status value="active"/>
  <operationalStatus>
    <system value="http://terminology.hl7.org/CodeSystem/v2-0116"/>
    <code value="C"/>
    <display value="Closed"/>
  </operationalStatus>
  <name value="Laboratorio"/>
  <alias value="Laboratorio 1"/>
  <description value="Blood component laboratory."/>
  <mode value="instance"/>
  <type>
    <coding>
      <system value="http://terminology.hl7.org/ValueSet/v3-ServiceDeliveryLocationRoleType"/>
      <code value="HLAB"/>
      <display value="Hospital Laboratory"/>
    </coding>
  </type>
  <telecom>
    <system value="phone"/>
    <value value="+561234567889"/>
    <use value="work"/>
  </telecom>
  <partOf>
    <reference value="Location/Example-LocationBuilding-7412389635sdf556"/>
  </partOf>
  <hoursOfOperation>
    <daysOfWeek value="mon"/>
    <daysOfWeek value="tue"/>
    <daysOfWeek value="wed"/>
    <daysOfWeek value="thu"/>
    <daysOfWeek value="fri"/>
    <daysOfWeek value="sat"/>
    <daysOfWeek value="sun"/>
    <allDay value="true"/>
  </hoursOfOperation>
  <availabilityExceptions value="Does not open on holidays"/>
</Location>