<?xml version="1.0" encoding="UTF-8"?>

<Location xmlns="http://hl7.org/fhir">
  <id value="Example-LocationBuilding-7412389635sdf556"/>
  <text>
    <status value="generated"/><div xmlns="http://www.w3.org/1999/xhtml"><h1>SEGMENTO NARRATIVO</h1></div>
  </text>
  <identifier>
    <use value="official"/>
    <system value="http://www.minsalud.gov.co/codHabilitacion"/>
    <value value="1100112345-1"/>
  </identifier>
  <status value="active"/>
  <operationalStatus>
    <system value="http://terminology.hl7.org/CodeSystem/v2-0116"/>
    <code value="o"/>
    <display value="Occupied"/>
  </operationalStatus>
  <name value="Indisa Clinica de la familia"/>
  <alias value="INDISA"/>
  <description value="Clinic and emergencies"/>
  <mode value="instance"/>
  <type>
    <coding>
      <system value="http://terminology.hl7.org/ValueSet/v3-ServiceDeliveryLocationRoleType"/>
      <code value="HOSP"/>
      <display value="Hospital"/>
    </coding>
  </type>
  <telecom>
    <system value="phone"/>
    <value value="+56(2)1111-1111"/>
    <use value="work"/>
  </telecom>
  <address>
    <use value="work"/>
    <text value="Av. Sta. Mar&#xED;a 1810, Santiago, Providencia, Regi&#xF3;n Metropolitana, Chile"/>
    <city value="Providencia"/>
    <state value="Regi&#xF3;n Metropolitana"/>
    <postalCode value="2342355"/>
    <country value="Chile"/>
  </address>
  <physicalType>
    <coding>
      <system value="http://hl7.org/fhir/ValueSet/location-physical-type"/>
      <code value="bu"/>
      <display value="Building"/>
    </coding>
  </physicalType>
  <position>
    <longitude value="133"/>
    <latitude value="223"/>
  </position>
  <managingOrganization>
    <reference value="Organization/Example-Organization-213134sd15148f"/>
  </managingOrganization>
  <hoursOfOperation>
    <daysOfWeek value="mon"/>
    <daysOfWeek value="tue"/>
    <daysOfWeek value="wed"/>
    <daysOfWeek value="thu"/>
    <daysOfWeek value="fri"/>
    <daysOfWeek value="sat"/>
    <daysOfWeek value="sun"/>
    <allDay value="true"/>
  </hoursOfOperation>
  <availabilityExceptions value="Does not open on holidays."/>
</Location>