<?xml version="1.0" encoding="UTF-8"?>

<MedicationDispense xmlns="http://hl7.org/fhir">
  <id value="Example-MedicationDispense-123456mdd"/>
  <text>
    <status value="generated"/><div xmlns="http://www.w3.org/1999/xhtml"><p><b>Generated Narrative</b></p><p><b>identifier</b>: id: DISMD5690-1 (USUAL)</p><p><b>status</b>: completed</p><p><b>category</b>: <span title="Codes: {http://terminology.hl7.org/CodeSystem/medicationrequest-category outpatient}">Outpatient</span></p><p><b>medication</b>: <a href="Medication-Example-Medication-986756md.html">Generated Summary: id: MD3456 (USUAL); <span title="Codes: {http://www.whocc.no/atc C09AA02}, {https://digitalware-klinic.github.io/fhir/indisa/CodeSystem-CodesProviderMedication 01035034567}">Enalapril</span>; status: active; <span title="Codes: {http://snomed.info/sct 46992007}">Píldora</span>; 10 Pildoras/1 blister</a></p><p><b>subject</b>: <a href="Patient-Example-Patient-87356d0d.html">Generated Summary: National Person Identifier Chile: 347827348 (OFFICIAL), Medical Record Number: HC-6ef0a6d7 (USUAL); active; Maria Victoria null (OFFICIAL), Maria Jake(NICKNAME); Phone: +56(2)1111-1111, Phone: +56(2)2222-2222, jjmaria@example.com; gender: female; birthDate: 1975-08-14; <span title="Codes: {http://terminology.hl7.org/CodeSystem/v3-MaritalStatus M}">Married</span></a></p><p><b>context</b>: <a href="Encounter-Example-Encounter-963b1515.html">Generated Summary: id: 12334556 (OFFICIAL); status: finished; <span title="{http://terminology.hl7.org/CodeSystem/v3-ActCode AMB}">ambulatory</span>; <span title="Codes: {http://terminology.hl7.org/CodeSystem/service-type 349}">General Practitioner</span>; <span title="Codes: {http://terminology.hl7.org/CodeSystem/v3-ActPriority R}">routine</span>; period: Jan 21, 2021 7:00:00 AM --&gt; Jan 21, 2021 7:30:00 AM; <span title="Codes: {http://snomed.info/sct 257006}">Acne rosacea</span></a></p><h3>Performers</h3><table class="grid"><tr><td>-</td><td><b>Actor</b></td></tr><tr><td>*</td><td><a href="Organization/Example-OrganizationFarmacy-12345orgfarm">Organization/Example-OrganizationFarmacy-12345orgfarm</a></td></tr></table><p><b>location</b>: <a href="Location-Example-Pharmacy-51654689466d55.html">Generated Summary: status: active; <span title="{http://terminology.hl7.org/CodeSystem/v2-0116 U}">Unoccupied</span>; name: Farmacia; alias: Farmacia 1; description: Emergency pharmacy.; mode: instance; <span title="Codes: {http://terminology.hl7.org/CodeSystem/v3-RoleCode HOSP}">Hospital</span>; Phone: 78978994952; <span title="Codes: {http://terminology.hl7.org/CodeSystem/location-physical-type wa}">Ward</span></a></p><p><b>authorizingPrescription</b>: <a href="MedicationRequest-Example-MedicationRequest-123456mdr.html">Generated Summary: id: SOLMD5690-1 (USUAL); status: completed; intent: order; <span title="Codes: {http://terminology.hl7.org/CodeSystem/medicationrequest-category outpatient}">Outpatient</span>; priority: routine; ?ngen-3; authoredOn: Feb 21, 2021 7:30:00 AM; <span title="Codes: {http://snomed.info/sct 24184005}">hallazgo relacionado con presión arterial aumentada</span>; blood pressure control medication.</a></p><p><b>quantity</b>: 50 pildoras</p><p><b>receiver</b>: <a href="Patient-Example-Patient-87356d0d.html">Generated Summary: National Person Identifier Chile: 347827348 (OFFICIAL), Medical Record Number: HC-6ef0a6d7 (USUAL); active; Maria Victoria null (OFFICIAL), Maria Jake(NICKNAME); Phone: +56(2)1111-1111, Phone: +56(2)2222-2222, jjmaria@example.com; gender: female; birthDate: 1975-08-14; <span title="Codes: {http://terminology.hl7.org/CodeSystem/v3-MaritalStatus M}">Married</span></a></p><h3>DosageInstructions</h3><table class="grid"><tr><td>-</td></tr><tr><td>*</td></tr></table></div>
  </text>
  <identifier>
    <use value="usual"/>
    <system value="https://example.org/medicationdispense-identifiers"/>
    <value value="DISMD5690-1"/>
  </identifier>
  <status value="completed"/>
  <category>
    <coding>
      <system value="http://terminology.hl7.org/CodeSystem/medicationrequest-category"/>
      <code value="outpatient"/>
      <display value="Outpatient"/>
    </coding>
  </category>
  <medicationReference>
    <reference value="Medication/Example-Medication-986756md"/>
  </medicationReference>
  <subject>
    <reference value="Patient/Example-Patient-87356d0d"/>
  </subject>
  <context>
    <reference value="Encounter/Example-Encounter-963b1515"/>
  </context>
  <performer>
    <actor>
      <reference value="Organization/Example-OrganizationFarmacy-12345orgfarm"/>
    </actor>
  </performer>
  <location>
    <reference value="Location/Example-Pharmacy-51654689466d55"/>
  </location>
  <authorizingPrescription>
    <reference value="MedicationRequest/Example-MedicationRequest-123456mdr"/>
  </authorizingPrescription>
  <quantity>
    <value value="50"/>
    <unit value="pildoras"/>
  </quantity>
  <receiver>
    <reference value="Patient/Example-Patient-87356d0d"/>
  </receiver>
  <dosageInstruction>
    <text value="Tomar una pastilla en la ma&#xF1;ana todos los dias hasta nuevo aviso."/>
  </dosageInstruction>
</MedicationDispense>