<?xml version="1.0" encoding="UTF-8"?>

<MedicationRequest xmlns="http://hl7.org/fhir">
  <id value="Example-MedicationRequest-123456mdr1"/>
  <text>
    <status value="generated"/><div xmlns="http://www.w3.org/1999/xhtml"><p><b>Generated Narrative</b></p><p><b>identifier</b>: id: SOLMD5690-2 (USUAL)</p><p><b>status</b>: completed</p><p><b>intent</b>: order</p><p><b>category</b>: <span title="Codes: {http://terminology.hl7.org/CodeSystem/medicationrequest-category inpatient}">Inpatient</span></p><p><b>priority</b>: routine</p><p><b>reported</b>: false</p><p><b>medication</b>: <a href="Medication-Example-Medication-12345mdiny.html">Generated Summary: id: MD2356 (USUAL); <span title="Codes: {http://www.whocc.no/atc B02BD}, {https://digitalware-klinic.github.io/fhir/indisa/CodeSystem-CodesProviderMedication 91535634589}">Blood coagulation factors</span>; status: active; <span title="Codes: {http://snomed.info/sct 385222004}">Polvo de inyección</span>; 250 IU/10 ml</a></p><p><b>subject</b>: <a href="Patient-Example-Patient-87356d0d.html">Generated Summary: National Person Identifier Chile: 347827348 (OFFICIAL), Medical Record Number: HC-6ef0a6d7 (USUAL); active; Maria Victoria null (OFFICIAL), Maria Jake(NICKNAME); Phone: +56(2)1111-1111, Phone: +56(2)2222-2222, jjmaria@example.com; gender: female; birthDate: 1975-08-14; <span title="Codes: {http://terminology.hl7.org/CodeSystem/v3-MaritalStatus M}">Married</span></a></p><p><b>encounter</b>: <a href="Encounter-Example-Encounter-963y1945.html">Generated Summary: id: 56386090 (OFFICIAL); status: finished; <span title="{http://terminology.hl7.org/CodeSystem/v3-ActCode IMP}">inpatient encounter</span>; <span title="Codes: {http://terminology.hl7.org/CodeSystem/service-type 410}">Pregnancy</span>; <span title="Codes: {http://terminology.hl7.org/CodeSystem/v3-ActPriority EL}">elective</span>; period: Jan 21, 2021 7:00:00 AM --&gt; Jan 23, 2021 11:00:00 AM; <span title="Codes: {http://snomed.info/sct 888003}">Efecto fetal o neonatal de la pérdida de sangre materna</span></a></p><p><b>authoredOn</b>: Feb 21, 2021 7:30:00 AM</p><p><b>requester</b>: <a href="Practitioner-Example-Practitioner-4343433d.html">Generated Summary: National Person Identifier Chile: 34343434ap (OFFICIAL); active; Julian Andres null (OFFICIAL); Phone: +56(2)1111-1111, Phone: +56(2)2222-2222, rsjulian@example.com; gender: male; birthDate: 1989-03-10</a></p><p><b>reasonCode</b>: <span title="Codes: {http://snomed.info/sct 888003}">Efecto fetal o neonatal de la pérdida de sangre materna</span></p><p><b>reasonReference</b>: <a href="Condition/Example-Condition-3490d">Condition/Example-Condition-3490d</a></p><p><b>insurance</b>: <a href="Coverage-Example-Coverage-fa7a571e.html">Generated Summary: status: active; <span title="Codes: {http://terminology.hl7.org/CodeSystem/v3-ActCode EHCPOL}, {https://digitalware-klinic.github.io/fhir/indisa/CodeSystem-CoveragesTypeCl 02}">extended healthcare</span>; <span title="Codes: {http://terminology.hl7.org/CodeSystem/subscriber-relationship self}">Self</span></a></p><p><b>note</b>: application of medicine to help clotting in the mother.</p><h3>DosageInstructions</h3><table class="grid"><tr><td>-</td></tr><tr><td>*</td></tr></table><h3>DispenseRequests</h3><table class="grid"><tr><td>-</td><td><b>ValidityPeriod</b></td><td><b>Quantity</b></td><td><b>Performer</b></td></tr><tr><td>*</td><td>Feb 21, 2021 12:00:00 PM --&gt; Feb 21, 2021 1:00:00 PM</td><td>5 inyecciones</td><td><a href="Organization/Example-OrganizationFarmacy-12345orgfarm">Organization/Example-OrganizationFarmacy-12345orgfarm</a></td></tr></table></div>
  </text>
  <identifier>
    <use value="usual"/>
    <system value="https://example.org/medicationrequest-identifiers"/>
    <value value="SOLMD5690-2"/>
  </identifier>
  <status value="completed"/>
  <intent value="order"/>
  <category>
    <coding>
      <system value="http://terminology.hl7.org/CodeSystem/medicationrequest-category"/>
      <code value="inpatient"/>
      <display value="Inpatient"/>
    </coding>
  </category>
  <priority value="routine"/>
  <reportedBoolean value="false"/>
  <medicationReference>
    <reference value="Medication/Example-Medication-12345mdiny"/>
  </medicationReference>
  <subject>
    <reference value="Patient/Example-Patient-87356d0d"/>
  </subject>
  <encounter>
    <reference value="Encounter/Example-Encounter-963y1945"/>
  </encounter>
  <authoredOn value="2021-02-21T07:30:00-05:00"/>
  <requester>
    <reference value="Practitioner/Example-Practitioner-4343433d"/>
  </requester>
  <reasonCode>
    <coding>
      <system value="http://snomed.info/sct"/>
      <code value="888003"/>
      <display value="Efecto fetal o neonatal de la p&#xE9;rdida de sangre materna"/>
    </coding>
  </reasonCode>
  <reasonReference>
    <reference value="Condition/Example-Condition-3490d"/>
  </reasonReference>
  <insurance>
    <reference value="Coverage/Example-Coverage-fa7a571e"/>
  </insurance>
  <note>
    <text value="application of medicine to help clotting in the mother."/>
  </note>
  <dosageInstruction>
    <text value="Aplicar una vez cada dia en hospitalizacion hasta nueva evaluacion medica."/>
  </dosageInstruction>
  <dispenseRequest>
    <validityPeriod>
      <start value="2021-02-21T12:00:00-05:00"/>
      <end value="2021-02-21T13:00:00-05:00"/>
    </validityPeriod>
    <quantity>
      <value value="5"/>
      <unit value="inyecciones"/>
    </quantity>
    <performer>
      <reference value="Organization/Example-OrganizationFarmacy-12345orgfarm"/>
    </performer>
  </dispenseRequest>
</MedicationRequest>