<?xml version="1.0" encoding="UTF-8"?>

<Medication xmlns="http://hl7.org/fhir">
  <id value="Example-Medication-12345mdiny"/>
  <text>
    <status value="generated"/><div xmlns="http://www.w3.org/1999/xhtml"><p><b>Generated Narrative</b></p><p><b>identifier</b>: id: MD2356 (USUAL)</p><p><b>code</b>: <span title="Codes: {http://www.whocc.no/atc B02BD}, {https://digitalware-klinic.github.io/fhir/indisa/CodeSystem-CodesProviderMedication 91535634589}">Blood coagulation factors</span></p><p><b>status</b>: active</p><p><b>manufacturer</b>: <a href="Organization/Example-OrganizationExterna-12345orgext">Organization/Example-OrganizationExterna-12345orgext</a></p><p><b>form</b>: <span title="Codes: {http://snomed.info/sct 385222004}">Polvo de inyección</span></p><p><b>amount</b>: 250 IU/10 ml</p><h3>Ingredients</h3><table class="grid"><tr><td>-</td><td><b>Item[x]</b></td><td><b>IsActive</b></td><td><b>Strength</b></td></tr><tr><td>*</td><td><span title="Codes: {http://snomed.info/sct 109003006}">complejo anti-inhibidor de la coagulación</span></td><td>true</td><td>500 UF/600 mg</td></tr></table></div>
  </text>
  <identifier>
    <use value="usual"/>
    <system value="https://example.org/medication-identifiers"/>
    <value value="MD2356"/>
  </identifier>
  <code>
    <coding>
      <system value="http://www.whocc.no/atc"/>
      <code value="B02BD"/>
      <display value="Blood coagulation factors"/>
    </coding>
    <coding>
      <system value="https://digitalware-klinic.github.io/fhir/indisa/CodeSystem-CodesProviderMedication"/>
      <code value="91535634589"/>
      <display value="Factor de coagulacion de sangre"/>
    </coding>
  </code>
  <status value="active"/>
  <manufacturer>
    <reference value="Organization/Example-OrganizationExterna-12345orgext"/>
  </manufacturer>
  <form>
    <coding>
      <system value="http://snomed.info/sct"/>
      <code value="385222004"/>
      <display value="Polvo de inyecci&#xF3;n"/>
    </coding>
  </form>
  <amount>
    <numerator>
      <value value="250"/>
      <unit value="IU"/>
    </numerator>
    <denominator>
      <value value="10"/>
      <unit value="ml"/>
    </denominator>
  </amount>
  <ingredient>
    <itemCodeableConcept>
      <coding>
        <system value="http://snomed.info/sct"/>
        <code value="109003006"/>
        <display value="complejo anti-inhibidor de la coagulaci&#xF3;n"/>
      </coding>
    </itemCodeableConcept>
    <isActive value="true"/>
    <strength>
      <numerator>
        <value value="500"/>
        <unit value="UF"/>
      </numerator>
      <denominator>
        <value value="600"/>
        <unit value="mg"/>
      </denominator>
    </strength>
  </ingredient>
</Medication>