<?xml version="1.0" encoding="UTF-8"?>

<MessageHeader xmlns="http://hl7.org/fhir">
  <id value="Example-MessageHeader-07bde3c45e7c"/>
  <meta>
    <lastUpdated value="2021-02-09T14:23:17-05:00"/>
  </meta>
  <text>
    <status value="generated"/><div xmlns="http://www.w3.org/1999/xhtml"><p><b>Generated Narrative</b></p><p><b>event</b>: <span title="{https://digitalware-klinic.github.io/fhir/indisa/CodeSystem-MessageEvent CREATE}">Resource creation notification</span></p><h3>Destinations</h3><table class="grid"><tr><td>-</td><td><b>Name</b></td><td><b>Endpoint</b></td></tr><tr><td>*</td><td>ESB platform</td><td><a href="http://127.0.0.1:8443/esb/end-point">http://127.0.0.1:8443/esb/end-point</a></td></tr></table><h3>Sources</h3><table class="grid"><tr><td>-</td><td><b>Software</b></td><td><b>Endpoint</b></td></tr><tr><td>*</td><td>Klinic API FHIR</td><td><a href="http://127.0.0.1:7000/klinic-api-fhir">http://127.0.0.1:7000/klinic-api-fhir</a></td></tr></table><p><b>focus</b>: <a href="Encounter-Example-Encounter-963b1515.html">Generated Summary: id: 12334556 (OFFICIAL); status: finished; <span title="{http://terminology.hl7.org/CodeSystem/v3-ActCode AMB}">ambulatory</span>; <span title="Codes: {http://terminology.hl7.org/CodeSystem/service-type 349}">General Practitioner</span>; <span title="Codes: {http://terminology.hl7.org/CodeSystem/v3-ActPriority R}">routine</span>; period: 21/01/2021, 7:00:00 a. m. --&gt; 21/01/2021, 7:30:00 a. m.; <span title="Codes: {http://snomed.info/sct 257006}">Acne rosacea</span></a></p></div>
  </text>
  <eventCoding>
    <system value="https://digitalware-klinic.github.io/fhir/indisa/CodeSystem-MessageEvent"/>
    <code value="CREATE"/>
    <display value="Resource creation notification"/>
  </eventCoding>
  <destination>
    <name value="ESB platform"/>
    <endpoint value="http://127.0.0.1:8443/esb/end-point"/>
  </destination>
  <source>
    <software value="Klinic API FHIR"/>
    <endpoint value="http://127.0.0.1:7000/klinic-api-fhir"/>
  </source>
  <focus>
    <reference value="Encounter/Example-Encounter-963b1515"/>
    <type value="Encounter"/>
  </focus>
</MessageHeader>