<?xml version="1.0" encoding="UTF-8"?>

<Observation xmlns="http://hl7.org/fhir">
  <id value="Example-Observation-satO2-34798"/>
  <text>
    <status value="generated"/><div xmlns="http://www.w3.org/1999/xhtml"><p><b>Generated Narrative</b></p><p></p><p><b>category</b>: <span title="Codes: {http://terminology.hl7.org/CodeSystem/observation-category vital-signs}">Vital Signs</span></p><p><b>code</b>: <span title="Codes: {http://snomed.info/sct 103228002}">saturación de hemoglobina con oxígeno</span></p><p><b>subject</b>: <a href="Patient-Example-Patient-87356d0d.html">Generated Summary: National Person Identifier Chile: 347827348 (OFFICIAL), Medical Record Number: HC-6ef0a6d7 (USUAL); active; Maria Victoria null (OFFICIAL), Maria Jake(NICKNAME); Phone: +56(2)1111-1111, Phone: +56(2)2222-2222, jjmaria@example.com; gender: female; birthDate: 1975-08-14; <span title="Codes: {http://terminology.hl7.org/CodeSystem/v3-MaritalStatus M}">Married</span></a></p><p><b>encounter</b>: <a href="Encounter-Example-Encounter-963y1945.html">Generated Summary: id: 56386090 (OFFICIAL); status: finished; <span title="{http://terminology.hl7.org/CodeSystem/v3-ActCode IMP}">inpatient encounter</span>; <span title="Codes: {http://terminology.hl7.org/CodeSystem/service-type 410}">Pregnancy</span>; <span title="Codes: {http://terminology.hl7.org/CodeSystem/v3-ActPriority EL}">elective</span>; period: Jan 21, 2021 7:00:00 AM --&gt; Jan 23, 2021 11:00:00 AM; <span title="Codes: {http://snomed.info/sct 888003}">Efecto fetal o neonatal de la pérdida de sangre materna</span></a></p><p><b>effective</b>: Jan 22, 2021 2:28:00 PM</p><p><b>performer</b>: <a href="Practitioner-Example-Practitioner-4290sd6n.html">Generated Summary: National Person Identifier Chile: 45565700ap (OFFICIAL); active; Maria Camila null (OFFICIAL); Phone: +56(2)1111-1111, Phone: +56(2)2222-2222, pamaria@example.com; gender: female; birthDate: 1991-06-05</a></p><p><b>value</b>: 97 %</p><p><b>interpretation</b>: <span title="Codes: {http://terminology.hl7.org/CodeSystem/v3-ObservationInterpretation N}">Normal</span></p><p><b>method</b>: <span title="Codes: {http://snomed.info/sct 708065004}">técnica de oximetría de pulso</span></p><p><b>device</b>: <a href="Device-Example-Device-PulseOximetryMonitor-sO2.html">Generated Summary: status: active; manufacturer: Home Life; manufactureDate: 2020-01-01; serialNumber: HL-OXP-439798; modelNumber: 2019EBC-0020464; <span title="Codes: {http://snomed.info/sct 462761006}">módulo de sistema de monitorización de pacientes, oximetría de pulso</span>; sO2</a></p><h3>ReferenceRanges</h3><table class="grid"><tr><td>-</td><td><b>Text</b></td></tr><tr><td>*</td><td>94 - 97</td></tr></table></div>
  </text>
  <status value="final"/>
  <category>
    <coding>
      <system value="http://terminology.hl7.org/CodeSystem/observation-category"/>
      <code value="vital-signs"/>
      <display value="Vital Signs"/>
    </coding>
  </category>
  <code>
    <coding>
      <system value="http://snomed.info/sct"/>
      <code value="103228002"/>
      <display value="saturaci&#xF3;n de hemoglobina con ox&#xED;geno"/>
    </coding>
  </code>
  <subject>
    <reference value="Patient/Example-Patient-87356d0d"/>
  </subject>
  <encounter>
    <reference value="Encounter/Example-Encounter-963y1945"/>
  </encounter>
  <effectiveDateTime value="2021-01-22T14:28:00-05:00"/>
  <performer>
    <reference value="Practitioner/Example-Practitioner-4290sd6n"/>
  </performer>
  <valueQuantity>
    <value value="97"/>
    <unit value="%"/>
  </valueQuantity>
  <interpretation>
    <coding>
      <system value="http://terminology.hl7.org/CodeSystem/v3-ObservationInterpretation"/>
      <code value="N"/>
      <display value="Normal"/>
    </coding>
  </interpretation>
  <method>
    <coding>
      <system value="http://snomed.info/sct"/>
      <code value="708065004"/>
      <display value="t&#xE9;cnica de oximetr&#xED;a de pulso"/>
    </coding>
  </method>
  <device>
    <reference value="Device/Example-Device-PulseOximetryMonitor-sO2"/>
  </device>
  <referenceRange>
    <text value="94 - 97"/>
  </referenceRange>
</Observation>