<?xml version="1.0" encoding="UTF-8"?>

<Observation xmlns="http://hl7.org/fhir">
  <id value="Example-Observation-Antibiogram-obx3"/>
  <text>
    <status value="generated"/><div xmlns="http://www.w3.org/1999/xhtml"><p><b>Generated Narrative</b></p><p></p><p><b>category</b>: <span title="Codes: {http://terminology.hl7.org/CodeSystem/observation-category laboratory}, {http://terminology.hl7.org/CodeSystem/v2-0074 MB}">Laboratory</span></p><p><b>code</b>: <span title="Codes: {http://snomed.info/sct 372868007}">oxacilina</span></p><p><b>subject</b>: <a href="Patient-Example-Patient-87356d0d.html">Generated Summary: National Person Identifier Chile: 347827348 (OFFICIAL), Medical Record Number: HC-6ef0a6d7 (USUAL); active; Maria Victoria null (OFFICIAL), Maria Jake(NICKNAME); Phone: +56(2)1111-1111, Phone: +56(2)2222-2222, jjmaria@example.com; gender: female; birthDate: 1975-08-14; <span title="Codes: {http://terminology.hl7.org/CodeSystem/v3-MaritalStatus M}">Married</span></a></p><p><b>effective</b>: 25/02/2021, 9:45:00 a. m.</p><p><b>value</b>: &gt;8.0</p><p><b>interpretation</b>: <span title="Codes: {http://terminology.hl7.org/CodeSystem/v3-ObservationInterpretation R}">Resistant</span></p></div>
  </text>
  <status value="final"/>
  <category>
    <coding>
      <system value="http://terminology.hl7.org/CodeSystem/observation-category"/>
      <code value="laboratory"/>
      <display value="Laboratory"/>
    </coding>
    <coding>
      <system value="http://terminology.hl7.org/CodeSystem/v2-0074"/>
      <code value="MB"/>
      <display value="microbiology"/>
    </coding>
  </category>
  <code>
    <coding>
      <system value="http://snomed.info/sct"/>
      <code value="372868007"/>
      <display value="oxacilina"/>
    </coding>
  </code>
  <subject>
    <reference value="Patient/Example-Patient-87356d0d"/>
  </subject>
  <effectiveDateTime value="2021-02-25T09:45:00-05:00"/>
  <valueQuantity>
    <value value="8.0"/>
    <comparator value="&gt;"/>
  </valueQuantity>
  <interpretation>
    <coding>
      <system value="http://terminology.hl7.org/CodeSystem/v3-ObservationInterpretation"/>
      <code value="R"/>
      <display value="Resistant"/>
    </coding>
  </interpretation>
</Observation>