<?xml version="1.0" encoding="UTF-8"?>

<Observation xmlns="http://hl7.org/fhir">
  <id value="Example-Observation-643767367434f"/>
  <text>
    <status value="generated"/><div xmlns="http://www.w3.org/1999/xhtml"><p><b>Generated Narrative</b></p><p></p><p><b>category</b>: <span title="Codes: {http://terminology.hl7.org/CodeSystem/observation-category laboratory}, {http://terminology.hl7.org/CodeSystem/v2-0074 HM}">Laboratory</span></p><p><b>code</b>: <span title="Codes: {http://snomed.info/sct 26604007}, {https://digitalware-klinic.github.io/fhir/indisa/CodeSystem-CodesFonasa 301045}">hemograma completo</span></p><p><b>subject</b>: <a href="Patient-Example-Patient-87356d0d.html">Generated Summary: National Person Identifier Chile: 347827348 (OFFICIAL), Medical Record Number: HC-6ef0a6d7 (USUAL); active; Maria Victoria null (OFFICIAL), Maria Jake(NICKNAME); Phone: +56(2)1111-1111, Phone: +56(2)2222-2222, jjmaria@example.com; gender: female; birthDate: 1975-08-14; <span title="Codes: {http://terminology.hl7.org/CodeSystem/v3-MaritalStatus M}">Married</span></a></p><p><b>encounter</b>: <a href="Encounter-Example-Encounter-963b1515.html">Generated Summary: id: 12334556 (OFFICIAL); status: finished; <span title="{http://terminology.hl7.org/CodeSystem/v3-ActCode AMB}">ambulatory</span>; <span title="Codes: {http://terminology.hl7.org/CodeSystem/service-type 349}">General Practitioner</span>; <span title="Codes: {http://terminology.hl7.org/CodeSystem/v3-ActPriority R}">routine</span>; period: 21/01/2021, 7:00:00 a. m. --&gt; 21/01/2021, 7:30:00 a. m.; <span title="Codes: {http://snomed.info/sct 257006}">Acne rosacea</span></a></p><p><b>effective</b>: 25/02/2021, 9:45:00 a. m.</p><p><b>derivedFrom</b>: <a href="Media-Example-Media-3253255523yf.html">Generated Summary: status: completed; <span title="Codes: {http://terminology.hl7.org/CodeSystem/media-type image}">Image</span></a></p><blockquote><p><b>component</b></p><p><b>code</b>: <span title="Codes: {http://loinc.org 6690-2}">Leukocytes [#/volume] in Blood by Automated count</span></p><p><b>value</b>: 6.5 10*3/uL</p><p><b>interpretation</b>: <span title="Codes: {http://terminology.hl7.org/CodeSystem/v3-ObservationInterpretation N}">Normal</span></p><h3>ReferenceRanges</h3><table class="grid"><tr><td>-</td><td><b>Text</b></td></tr><tr><td>*</td><td>4.0 - 10.0</td></tr></table></blockquote><blockquote><p><b>component</b></p><p><b>code</b>: <span title="Codes: {http://loinc.org 789-8}">Erythrocytes [#/volume] in Blood by Automated count</span></p><p><b>value</b>: 4.5 10*6/uL</p><p><b>interpretation</b>: <span title="Codes: {http://terminology.hl7.org/CodeSystem/v3-ObservationInterpretation N}">Normal</span></p><h3>ReferenceRanges</h3><table class="grid"><tr><td>-</td><td><b>Text</b></td></tr><tr><td>*</td><td>3.5 - 5.5</td></tr></table></blockquote><blockquote><p><b>component</b></p><p><b>code</b>: <span title="Codes: {http://loinc.org 718-7}">Hemoglobin [Mass/volume] in Blood</span></p><p><b>value</b>: 10.7 g/dL</p><p><b>interpretation</b>: <span title="Codes: {http://terminology.hl7.org/CodeSystem/v3-ObservationInterpretation L}">Low</span></p><h3>ReferenceRanges</h3><table class="grid"><tr><td>-</td><td><b>Text</b></td></tr><tr><td>*</td><td>11.0 - 16.0</td></tr></table></blockquote><blockquote><p><b>component</b></p><p><b>code</b>: <span title="Codes: {http://loinc.org 4544-3}">Hematocrit [Volume Fraction] of Blood by Automated count</span></p><p><b>value</b>: 60 %</p><p><b>interpretation</b>: <span title="Codes: {http://terminology.hl7.org/CodeSystem/v3-ObservationInterpretation H}">High</span></p><h3>ReferenceRanges</h3><table class="grid"><tr><td>-</td><td><b>Text</b></td></tr><tr><td>*</td><td>37 - 54</td></tr></table></blockquote><blockquote><p><b>component</b></p><p><b>code</b>: <span title="Codes: {http://loinc.org 787-2}">MCV [Entitic volume] by Automated count</span></p><p><b>value</b>: 85.5 fL</p><p><b>interpretation</b>: <span title="Codes: {http://terminology.hl7.org/CodeSystem/v3-ObservationInterpretation N}">Normal</span></p><h3>ReferenceRanges</h3><table class="grid"><tr><td>-</td><td><b>Text</b></td></tr><tr><td>*</td><td>80 - 100</td></tr></table></blockquote><blockquote><p><b>component</b></p><p><b>code</b>: <span title="Codes: {http://loinc.org 785-6}">MCH [Entitic mass] by Automated count</span></p><p><b>value</b>: 30.4 pg</p><p><b>interpretation</b>: <span title="Codes: {http://terminology.hl7.org/CodeSystem/v3-ObservationInterpretation N}">Normal</span></p><h3>ReferenceRanges</h3><table class="grid"><tr><td>-</td><td><b>Text</b></td></tr><tr><td>*</td><td>27 - 34</td></tr></table></blockquote><blockquote><p><b>component</b></p><p><b>code</b>: <span title="Codes: {http://loinc.org 786-4}">MCHC [Mass/volume] by Automated count</span></p><p><b>value</b>: 30.3 g/dL</p><p><b>interpretation</b>: <span title="Codes: {http://terminology.hl7.org/CodeSystem/v3-ObservationInterpretation L}">Low</span></p><h3>ReferenceRanges</h3><table class="grid"><tr><td>-</td><td><b>Text</b></td></tr><tr><td>*</td><td>32 - 36</td></tr></table></blockquote><blockquote><p><b>component</b></p><p><b>code</b>: <span title="Codes: {http://loinc.org 777-3}">Platelets [#/volume] in Blood by Automated count</span></p><p><b>value</b>: 110.5 10*3/uL</p><p><b>interpretation</b>: <span title="Codes: {http://terminology.hl7.org/CodeSystem/v3-ObservationInterpretation N}">Normal</span></p><h3>ReferenceRanges</h3><table class="grid"><tr><td>-</td><td><b>Text</b></td></tr><tr><td>*</td><td>100 - 300</td></tr></table></blockquote></div>
  </text>
  <status value="final"/>
  <category>
    <coding>
      <system value="http://terminology.hl7.org/CodeSystem/observation-category"/>
      <code value="laboratory"/>
      <display value="Laboratory"/>
    </coding>
    <coding>
      <system value="http://terminology.hl7.org/CodeSystem/v2-0074"/>
      <code value="HM"/>
      <display value="Hematology"/>
    </coding>
  </category>
  <code>
    <coding>
      <system value="http://snomed.info/sct"/>
      <code value="26604007"/>
      <display value="hemograma completo"/>
    </coding>
    <coding>
      <system value="https://digitalware-klinic.github.io/fhir/indisa/CodeSystem-CodesFonasa"/>
      <code value="301045"/>
      <display value="HEMOGRAMA"/>
    </coding>
  </code>
  <subject>
    <reference value="Patient/Example-Patient-87356d0d"/>
  </subject>
  <encounter>
    <reference value="Encounter/Example-Encounter-963b1515"/>
  </encounter>
  <effectiveDateTime value="2021-02-25T09:45:00-05:00"/>
  <derivedFrom>
    <reference value="Media/Example-Media-3253255523yf"/>
  </derivedFrom>
  <component>
    <code>
      <coding>
        <system value="http://loinc.org"/>
        <code value="6690-2"/>
        <display value="Leukocytes [#/volume] in Blood by Automated count"/>
      </coding>
    </code>
    <valueQuantity>
      <value value="6.5"/>
      <unit value="10*3/uL"/>
    </valueQuantity>
    <interpretation>
      <coding>
        <system value="http://terminology.hl7.org/CodeSystem/v3-ObservationInterpretation"/>
        <code value="N"/>
        <display value="Normal"/>
      </coding>
    </interpretation>
    <referenceRange>
      <text value="4.0 - 10.0"/>
    </referenceRange>
  </component>
  <component>
    <code>
      <coding>
        <system value="http://loinc.org"/>
        <code value="789-8"/>
        <display value="Erythrocytes [#/volume] in Blood by Automated count"/>
      </coding>
    </code>
    <valueQuantity>
      <value value="4.5"/>
      <unit value="10*6/uL"/>
    </valueQuantity>
    <interpretation>
      <coding>
        <system value="http://terminology.hl7.org/CodeSystem/v3-ObservationInterpretation"/>
        <code value="N"/>
        <display value="Normal"/>
      </coding>
    </interpretation>
    <referenceRange>
      <text value="3.5 - 5.5"/>
    </referenceRange>
  </component>
  <component>
    <code>
      <coding>
        <system value="http://loinc.org"/>
        <code value="718-7"/>
        <display value="Hemoglobin [Mass/volume] in Blood"/>
      </coding>
    </code>
    <valueQuantity>
      <value value="10.7"/>
      <unit value="g/dL"/>
    </valueQuantity>
    <interpretation>
      <coding>
        <system value="http://terminology.hl7.org/CodeSystem/v3-ObservationInterpretation"/>
        <code value="L"/>
        <display value="Low"/>
      </coding>
    </interpretation>
    <referenceRange>
      <text value="11.0 - 16.0"/>
    </referenceRange>
  </component>
  <component>
    <code>
      <coding>
        <system value="http://loinc.org"/>
        <code value="4544-3"/>
        <display value="Hematocrit [Volume Fraction] of Blood by Automated count"/>
      </coding>
    </code>
    <valueQuantity>
      <value value="60"/>
      <unit value="%"/>
    </valueQuantity>
    <interpretation>
      <coding>
        <system value="http://terminology.hl7.org/CodeSystem/v3-ObservationInterpretation"/>
        <code value="H"/>
        <display value="High"/>
      </coding>
    </interpretation>
    <referenceRange>
      <text value="37 - 54"/>
    </referenceRange>
  </component>
  <component>
    <code>
      <coding>
        <system value="http://loinc.org"/>
        <code value="787-2"/>
        <display value="MCV [Entitic volume] by Automated count"/>
      </coding>
    </code>
    <valueQuantity>
      <value value="85.5"/>
      <unit value="fL"/>
    </valueQuantity>
    <interpretation>
      <coding>
        <system value="http://terminology.hl7.org/CodeSystem/v3-ObservationInterpretation"/>
        <code value="N"/>
        <display value="Normal"/>
      </coding>
    </interpretation>
    <referenceRange>
      <text value="80 - 100"/>
    </referenceRange>
  </component>
  <component>
    <code>
      <coding>
        <system value="http://loinc.org"/>
        <code value="785-6"/>
        <display value="MCH [Entitic mass] by Automated count"/>
      </coding>
    </code>
    <valueQuantity>
      <value value="30.4"/>
      <unit value="pg"/>
    </valueQuantity>
    <interpretation>
      <coding>
        <system value="http://terminology.hl7.org/CodeSystem/v3-ObservationInterpretation"/>
        <code value="N"/>
        <display value="Normal"/>
      </coding>
    </interpretation>
    <referenceRange>
      <text value="27 - 34"/>
    </referenceRange>
  </component>
  <component>
    <code>
      <coding>
        <system value="http://loinc.org"/>
        <code value="786-4"/>
        <display value="MCHC [Mass/volume] by Automated count"/>
      </coding>
    </code>
    <valueQuantity>
      <value value="30.3"/>
      <unit value="g/dL"/>
    </valueQuantity>
    <interpretation>
      <coding>
        <system value="http://terminology.hl7.org/CodeSystem/v3-ObservationInterpretation"/>
        <code value="L"/>
        <display value="Low"/>
      </coding>
    </interpretation>
    <referenceRange>
      <text value="32 - 36"/>
    </referenceRange>
  </component>
  <component>
    <code>
      <coding>
        <system value="http://loinc.org"/>
        <code value="777-3"/>
        <display value="Platelets [#/volume] in Blood by Automated count"/>
      </coding>
    </code>
    <valueQuantity>
      <value value="110.5"/>
      <unit value="10*3/uL"/>
    </valueQuantity>
    <interpretation>
      <coding>
        <system value="http://terminology.hl7.org/CodeSystem/v3-ObservationInterpretation"/>
        <code value="N"/>
        <display value="Normal"/>
      </coding>
    </interpretation>
    <referenceRange>
      <text value="100 - 300"/>
    </referenceRange>
  </component>
</Observation>