<?xml version="1.0" encoding="UTF-8"?>

<Observation xmlns="http://hl7.org/fhir">
  <id value="Example-Observation-Antibiogram-obx0"/>
  <text>
    <status value="generated"/><div xmlns="http://www.w3.org/1999/xhtml"><h1>SEGMENTO NARRATIVO</h1></div>
  </text>
  <status value="final"/>
  <category>
    <coding>
      <system value="http://terminology.hl7.org/CodeSystem/observation-category"/>
      <code value="laboratory"/>
      <display value="Laboratory"/>
    </coding>
    <coding>
      <system value="http://terminology.hl7.org/CodeSystem/v2-0074"/>
      <code value="MB"/>
      <display value="microbiology"/>
    </coding>
  </category>
  <code>
    <coding>
      <system value="http://snomed.info/sct"/>
      <code value="3092008"/>
      <display value="Staphylococcus aureus"/>
    </coding>
  </code>
  <subject>
    <reference value="Patient/Example-Patient-87356d0d"/>
  </subject>
  <effectiveDateTime value="2021-02-25T09:45:00-05:00"/>
  <method>
    <coding>
      <system value="http://snomed.info/sct"/>
      <code value="359867004"/>
      <display value="antibiograma, m&#xE9;todo de disco"/>
    </coding>
  </method>
  <hasMember>
    <reference value="Observation/Example-Observation-Antibiogram-obx1"/>
  </hasMember>
  <hasMember>
    <reference value="Observation/Example-Observation-Antibiogram-obx2"/>
  </hasMember>
  <hasMember>
    <reference value="Observation/Example-Observation-Antibiogram-obx3"/>
  </hasMember>
  <hasMember>
    <reference value="Observation/Example-Observation-Antibiogram-obx4"/>
  </hasMember>
  <hasMember>
    <reference value="Observation/Example-Observation-Antibiogram-obx5"/>
  </hasMember>
</Observation>