<?xml version="1.0" encoding="UTF-8"?>

<Organization xmlns="http://hl7.org/fhir">
  <id value="Example-Organization-213134sd15148f"/>
  <text>
    <status value="generated"/><div xmlns="http://www.w3.org/1999/xhtml"><p><b>Generated Narrative</b></p><h3>Texts</h3><table class="grid"><tr><td>-</td></tr><tr><td>*</td></tr></table><p><b>identifier</b>: id: 1100133335-1 (OFFICIAL), id: 12789312-9 (OFFICIAL)</p><p><b>active</b>: true</p><p><b>type</b>: <span title="Codes: {http://hl7.org/fhir/ValueSet/organization-type prov}">Healthcare Provider</span></p><p><b>name</b>: Indisa clinica de la familia</p><p><b>alias</b>: INDISA</p><p><b>telecom</b>: ph: 3430000(WORK)</p><p><b>address</b>: Av. Sta. María 1810, Santiago, Providencia, Región Metropolitana, Chile(WORK)</p><p><b>partOf</b>: <span></span></p><h3>Contacts</h3><table class="grid"><tr><td>-</td><td><b>Name</b></td><td><b>Telecom</b></td></tr><tr><td>*</td><td>Jairo Rodriguez</td><td>ph: 312222222(WORK), <a href="mailto:contacto@indisa.com.cl">contacto@indisa.com.cl</a></td></tr></table></div>
  </text>
  <identifier>
    <use value="official"/>
    <system value="http://www.minsalud.gov.co/codHabilitacion"/>
    <value value="1100133335-1"/>
  </identifier>
  <identifier>
    <use value="official"/>
    <system value="http://dian.gov.co/nit"/>
    <value value="12789312-9"/>
  </identifier>
  <active value="true"/>
  <type>
    <coding>
      <system value="http://hl7.org/fhir/ValueSet/organization-type"/>
      <code value="prov"/>
      <display value="Healthcare Provider"/>
    </coding>
  </type>
  <name value="Indisa clinica de la familia"/>
  <alias value="INDISA"/>
  <telecom>
    <system value="phone"/>
    <value value="3430000"/>
    <use value="work"/>
  </telecom>
  <address>
    <use value="work"/>
    <text value="Av. Sta. Mar&#xED;a 1810, Santiago, Providencia, Regi&#xF3;n Metropolitana, Chile"/>
    <city value="Providencia"/>
    <state value="Regi&#xF3;n Metropolitana"/>
    <postalCode value="2342355"/>
    <country value="Chile"/>
  </address>
  <partOf>
    <extension url="Organization/Example-Organization-213134sd15148f-1"/>
  </partOf>
  <contact>
    <name>
      <use value="usual"/>
      <text value="Jairo Rodriguez"/>
    </name>
    <telecom>
      <system value="phone"/>
      <value value="312222222"/>
      <use value="work"/>
    </telecom>
    <telecom>
      <system value="email"/>
      <value value="contacto@indisa.com.cl"/>
      <use value="work"/>
    </telecom>
  </contact>
</Organization>