<?xml version="1.0" encoding="UTF-8"?>

<Patient xmlns="http://hl7.org/fhir">
  <id value="Example-Patient-2a6d66d1"/>
  <meta>
    <tag>
      <system value="http://terminology.hl7co.org/CodeSystem/common-tags"/>
      <code value="VIP"/>
      <display value="very important person"/>
    </tag>
    <tag>
      <system value="https://digitalware-klinic.github.io/fhir/indisa/CodeSystem-payors"/>
      <code value="Payor"/>
      <display value="Pagador o asegurador"/>
    </tag>
  </meta>
  <text>
    <status value="extensions"/><div xmlns="http://www.w3.org/1999/xhtml"><p><b>Generated Narrative</b></p><p><b>Gender patient</b>: <span title="Codes: {http://snomed.info/sct 703117000}">Femenino</span></p><p><b>Birth Place</b>: Santiago de Chile Region Metropolitana Chile </p><blockquote><p><b>Nationality patient</b></p><h3>Ids</h3><table class="grid"><tr><td>-</td></tr><tr><td>*</td></tr></table><h3>Urls</h3><table class="grid"><tr><td>-</td></tr><tr><td>*</td></tr></table><p><b>value</b>: <span title="Codes: {https://www.iso.org/iso-3166-country-codes.html CL}">Chile</span></p></blockquote><p><b>Ethnic group patient</b>: <span title="Codes: {http://deis.cl/fhir/PueblosIndigenasMinsalDecreto643 01}">Mapuche</span></p><p><b>Population group patient</b>: <span title="Codes: {https://digitalware-klinic.github.io/fhir/indisa/CodeSystem-PopulationGroup 01}">Indigenas</span></p><p><b>Discapacidad del paciente</b>: <span title="Codes: {http://snomed.info/sct 15929741000119101}">disfunción de la mano derecha</span></p><p><b>Education level</b>: <span title="Codes: {https://digitalware-klinic.github.io/fhir/indisa/CodeSystem-EducationalLevelChile 02}">Basica</span></p><p><b>Patient occupation</b>: <span title="Codes: {https://digitalware-klinic.github.io/fhir/indisa/CodeSystem-Ocupation 15}">Ama de casa</span></p><p><b>Enterprise Patient</b>: Papeleria el Sol</p><p><b>Newborn</b>: false</p><p><b>Religion</b>: <span title="Codes: {http://terminology.hl7.org/CodeSystem/v3-ReligiousAffiliation 1041}">Roman Catholic Church</span></p><p><b>Cultural group</b>: <span title="Codes: {https://digitalware-klinic.github.io/fhir/indisa/CodeSystem-CulturalGroup Indio Americano}">1002-5</span></p><p><b>identifier</b>: National Person Identifier Chile: 347827348 (OFFICIAL), Medical Record Number: HC-6ef0a6d7 (USUAL)</p><p><b>active</b>: true</p><p><b>name</b>: Maria Victoria null (OFFICIAL), Maria Jake(NICKNAME)</p><p><b>telecom</b>: <a href="tel:+56(2)1111-1111">+56(2)1111-1111</a>, <a href="tel:+56(2)2222-2222">+56(2)2222-2222</a>, <a href="mailto:jmaria@example.com">jmaria@example.com</a></p><p><b>gender</b>: female</p><p><b>birthDate</b>: 1975-08-14</p><p><b>deceased</b>: false</p><p><b>address</b>: Eliodoro Yáñez NNN, depto XX, Providencia(HOME)</p><p><b>maritalStatus</b>: <span title="Codes: {http://terminology.hl7.org/CodeSystem/v3-MaritalStatus M}">Married</span></p><h3>Contacts</h3><table class="grid"><tr><td>-</td><td><b>Extension</b></td><td><b>Relationship</b></td><td><b>Name</b></td><td><b>Telecom</b></td><td><b>Address</b></td></tr><tr><td>*</td><td></td><td><span title="Codes: {http://terminology.hl7.org/CodeSystem/v2-0131 C}, {http://snomed.info/sct 66839005}">Emergency Contact</span></td><td>Jorge Jake</td><td><a href="tel:+56(2)2222-2222">+56(2)2222-2222</a>, <a href="mailto:jjorge@example.com">jjorge@example.com</a></td><td>Eliodoro Yáñez NNN, depto XX, Providencia(HOME)</td></tr></table></div>
  </text>
  <extension id="GenderIdentity" url="https://digitalware-klinic.github.io/fhir/indisa/StructureDefinition-GenderIdentity">
    <valueCodeableConcept>
      <coding>
        <system value="http://snomed.info/sct"/>
        <code value="703117000"/>
        <display value="Femenino"/>
      </coding>
    </valueCodeableConcept>
  </extension>
  <extension id="BirthPlace" url="https://digitalware-klinic.github.io/fhir/indisa/StructureDefinition-BirthPlace">
    <valueAddress>
      <city value="Santiago de Chile"/>
      <state value="Region Metropolitana"/>
      <country value="Chile"/>
    </valueAddress>
  </extension>
  <extension id="Nationality" url="https://digitalware-klinic.github.io/fhir/indisa/StructureDefinition-Nationality">
    <extension id="code" url="code">
      <valueCodeableConcept>
        <coding>
          <system value="https://www.iso.org/iso-3166-country-codes.html"/>
          <code value="CL"/>
          <display value="Chile"/>
        </coding>
      </valueCodeableConcept>
    </extension>
  </extension>
  <extension id="PatientEthnicity" url="https://digitalware-klinic.github.io/fhir/indisa/StructureDefinition-PatientEthnicity">
    <valueCodeableConcept>
      <coding>
        <system value="http://deis.cl/fhir/PueblosIndigenasMinsalDecreto643"/>
        <code value="01"/>
        <display value="Mapuche"/>
      </coding>
    </valueCodeableConcept>
  </extension>
  <extension id="PatientPopulationGroup" url="https://digitalware-klinic.github.io/fhir/indisa/StructureDefinition-PatientPopulationGroup">
    <valueCodeableConcept>
      <coding>
        <system value="https://digitalware-klinic.github.io/fhir/indisa/CodeSystem-PopulationGroup"/>
        <code value="01"/>
        <display value="Indigenas"/>
      </coding>
    </valueCodeableConcept>
  </extension>
  <extension id="Disability" url="https://digitalware-klinic.github.io/fhir/indisa/StructureDefinition-Disability">
    <valueCodeableConcept>
      <coding>
        <system value="http://snomed.info/sct"/>
        <code value="15929741000119101"/>
        <display value="disfunci&#xF3;n de la mano derecha"/>
      </coding>
    </valueCodeableConcept>
  </extension>
  <extension id="EducationalLevelChile" url="https://digitalware-klinic.github.io/fhir/indisa/StructureDefinition-EducationalLevelChile">
    <valueCodeableConcept>
      <coding>
        <system value="https://digitalware-klinic.github.io/fhir/indisa/CodeSystem-EducationalLevelChile"/>
        <code value="02"/>
        <display value="Basica"/>
      </coding>
    </valueCodeableConcept>
  </extension>
  <extension id="Ocupation" url="https://digitalware-klinic.github.io/fhir/indisa/StructureDefinition-Ocupation">
    <valueCodeableConcept>
      <coding>
        <system value="https://digitalware-klinic.github.io/fhir/indisa/CodeSystem-Ocupation"/>
        <code value="15"/>
        <display value="Ama de casa"/>
      </coding>
    </valueCodeableConcept>
  </extension>
  <extension id="EmployerOrganization" url="https://digitalware-klinic.github.io/fhir/indisa/StructureDefinition-EmployerOrganization">
    <valueString value="Papeleria el Sol"/>
  </extension>
  <extension id="NewBorn" url="https://digitalware-klinic.github.io/fhir/indisa/StructureDefinition-NewBorn">
    <valueBoolean value="false"/>
  </extension>
  <extension id="Religion" url="https://digitalware-klinic.github.io/fhir/indisa/StructureDefinition-Religion">
    <valueCodeableConcept>
      <coding>
        <system value="http://terminology.hl7.org/CodeSystem/v3-ReligiousAffiliation"/>
        <code value="1041"/>
        <display value="Roman Catholic Church"/>
      </coding>
    </valueCodeableConcept>
  </extension>
  <extension id="CulturalGroup" url="https://digitalware-klinic.github.io/fhir/indisa/StructureDefinition-CulturalGroup">
    <valueCodeableConcept>
      <coding>
        <system value="https://digitalware-klinic.github.io/fhir/indisa/CodeSystem-CulturalGroup"/>
        <code value="Indio Americano"/>
        <display value="1002-5"/>
      </coding>
    </valueCodeableConcept>
  </extension>
  <identifier>
    <use value="official"/>
    <type>
      <coding>
        <system value="http://terminology.hl7.org/CodeSystem/v2-0203"/>
        <code value="NNCHL"/>
        <display value="National Person Identifier Chile"/>
      </coding>
      <coding>
        <system value="http://registrocivil.cl/RUN"/>
        <code value="RUN"/>
        <display value="Rol &#xDA;nico Nacional"/>
      </coding>
    </type>
    <value value="347827348"/>
  </identifier>
  <identifier>
    <use value="usual"/>
    <type>
      <coding>
        <system value="http://terminology.hl7.org/CodeSystem/v2-0203"/>
        <code value="MR"/>
        <display value="Medical Record Number"/>
      </coding>
    </type>
    <system value="https://www.digitalware.com.co/salud/fhir/patient-id"/>
    <value value="HC-6ef0a6d7"/>
  </identifier>
  <active value="true"/>
  <name>
    <use value="official"/>
    <family>
      <extension id="fathers-family" url="http://hl7.org/fhir/StructureDefinition/humanname-fathers-family">
        <valueString value="Jake"/>
      </extension>
      <extension id="mothers-family" url="http://hl7.org/fhir/StructureDefinition/humanname-mothers-family">
        <valueString value="Jofr&#xE9;"/>
      </extension>
    </family>
    <given value="Maria"/>
    <given value="Victoria"/>
  </name>
  <name>
    <use value="nickname"/>
    <text value="Maria Jake"/>
  </name>
  <telecom>
    <system value="phone"/>
    <value value="+56(2)1111-1111"/>
    <use value="home"/>
  </telecom>
  <telecom>
    <system value="phone"/>
    <value value="+56(2)2222-2222"/>
    <use value="mobile"/>
  </telecom>
  <telecom>
    <system value="email"/>
    <value value="jmaria@example.com"/>
  </telecom>
  <gender value="female"/>
  <birthDate value="1975-08-14"/>
  <deceasedBoolean value="false"/>
  <address>
    <use value="home"/>
    <text value="Eliodoro Y&#xE1;&#xF1;ez NNN, depto XX, Providencia"/>
    <city value="Providencia"/>
    <state value="Regi&#xF3;n Metropolitana"/>
    <postalCode value="5555555"/>
    <country value="Chile"/>
  </address>
  <maritalStatus>
    <coding>
      <system value="http://terminology.hl7.org/CodeSystem/v3-MaritalStatus"/>
      <code value="M"/>
      <display value="Married"/>
    </coding>
  </maritalStatus>
  <contact>
    <extension id="person-id" url="https://digitalware-klinic.github.io/fhir/indisa/StructureDefinition-person-id">
      <valueIdentifier>
        <use value="official"/>
        <type>
          <coding>
            <system value="http://terminology.hl7.org/CodeSystem/v2-0203"/>
            <code value="MR"/>
            <display value="Medical record number"/>
          </coding>
          <coding>
            <system value="http://registrocivil.cl/RUN"/>
            <code value="RUN"/>
            <display value="Rol &#xDA;nico Nacional"/>
          </coding>
        </type>
        <value value="134293887929"/>
      </valueIdentifier>
    </extension>
    <relationship>
      <coding>
        <system value="http://terminology.hl7.org/CodeSystem/v2-0131"/>
        <code value="C"/>
        <display value="Emergency Contact"/>
      </coding>
      <coding>
        <system value="http://snomed.info/sct"/>
        <code value="66839005"/>
        <display value="padre"/>
      </coding>
    </relationship>
    <name>
      <text value="Jorge Jake"/>
    </name>
    <telecom>
      <system value="phone"/>
      <value value="+56(2)2222-2222"/>
      <use value="mobile"/>
    </telecom>
    <telecom>
      <system value="email"/>
      <value value="jjorge@example.com"/>
    </telecom>
    <address>
      <use value="home"/>
      <text value="Eliodoro Y&#xE1;&#xF1;ez NNN, depto XX, Providencia"/>
      <city value="Providencia"/>
      <state value="Regi&#xF3;n Metropolitana"/>
      <postalCode value="5555555"/>
      <country value="Chile"/>
    </address>
  </contact>
</Patient>