<?xml version="1.0" encoding="UTF-8"?>

<Practitioner xmlns="http://hl7.org/fhir">
  <id value="Example-Practitioner-746746379d"/>
  <text>
    <status value="generated"/><div xmlns="http://www.w3.org/1999/xhtml"><p><b>Generated Narrative</b></p><p><b>identifier</b>: National Person Identifier Chile: 2323900ap (OFFICIAL)</p><p><b>active</b>: true</p><p><b>name</b>: Nicolle Andrea null (OFFICIAL)</p><p><b>telecom</b>: <a href="tel:+56(2)1111-1111">+56(2)1111-1111</a>, <a href="tel:+56(2)2222-2222">+56(2)2222-2222</a>, <a href="mailto:grnicolle@example.com">grnicolle@example.com</a></p><p><b>gender</b>: female</p><p><b>birthDate</b>: 1989-03-10</p><blockquote><p><b>qualification</b></p><p><b>identifier</b>: Medical license number: TP454669 (OFFICIAL)</p><p><b>code</b>: <span title="Codes: {http://snomed.info/sct 309343006}">Médico</span></p></blockquote><blockquote><p><b>qualification</b></p><p><b>identifier</b>: Medical license number: TP454669 (OFFICIAL)</p><p><b>code</b>: <span title="Codes: {http://snomed.info/sct 66862007}">radiologo</span></p></blockquote></div>
  </text>
  <identifier>
    <use value="official"/>
    <type>
      <coding>
        <system value="http://terminology.hl7.org/CodeSystem/v2-0203"/>
        <code value="NNCHL"/>
        <display value="National Person Identifier Chile"/>
      </coding>
      <coding>
        <system value="http://registrocivil.cl/RUN"/>
        <code value="RUN"/>
        <display value="Registro Unico de Nacimiento"/>
      </coding>
    </type>
    <value value="2323900ap"/>
  </identifier>
  <active value="true"/>
  <name>
    <use value="official"/>
    <family>
      <extension id="fathers-family" url="http://hl7.org/fhir/StructureDefinition/humanname-fathers-family">
        <valueString value="Gomez"/>
      </extension>
      <extension id="mothers-family" url="http://hl7.org/fhir/StructureDefinition/humanname-mothers-family">
        <valueString value="Rodriguez"/>
      </extension>
    </family>
    <given value="Nicolle"/>
    <given value="Andrea"/>
  </name>
  <telecom>
    <system value="phone"/>
    <value value="+56(2)1111-1111"/>
    <use value="home"/>
  </telecom>
  <telecom>
    <system value="phone"/>
    <value value="+56(2)2222-2222"/>
    <use value="mobile"/>
  </telecom>
  <telecom>
    <system value="email"/>
    <value value="grnicolle@example.com"/>
  </telecom>
  <gender value="female"/>
  <birthDate value="1989-03-10"/>
  <qualification>
    <identifier>
      <use value="official"/>
      <type>
        <coding>
          <system value="http://terminology.hl7.org/CodeSystem/v2-0203"/>
          <code value="MD"/>
          <display value="Medical license number"/>
        </coding>
      </type>
      <value value="TP454669"/>
    </identifier>
    <code>
      <coding>
        <system value="http://snomed.info/sct"/>
        <code value="309343006"/>
        <display value="M&#xE9;dico"/>
      </coding>
    </code>
  </qualification>
  <qualification>
    <identifier>
      <use value="official"/>
      <type>
        <coding>
          <system value="http://terminology.hl7.org/CodeSystem/v2-0203"/>
          <code value="MD"/>
          <display value="Medical license number"/>
        </coding>
      </type>
      <value value="TP454669"/>
    </identifier>
    <code>
      <coding>
        <system value="http://snomed.info/sct"/>
        <code value="66862007"/>
        <display value="radiologo"/>
      </coding>
    </code>
  </qualification>
</Practitioner>