<?xml version="1.0" encoding="UTF-8"?>

<Practitioner xmlns="http://hl7.org/fhir">
  <id value="Example-Practitioner-4343433d"/>
  <text>
    <status value="generated"/><div xmlns="http://www.w3.org/1999/xhtml"><p><b>Generated Narrative</b></p><p><b>identifier</b>: National Person Identifier Chile: 34343434ap (OFFICIAL)</p><p><b>active</b>: true</p><p><b>name</b>: Julian Andres null (OFFICIAL)</p><p><b>telecom</b>: <a href="tel:+56(2)1111-1111">+56(2)1111-1111</a>, <a href="tel:+56(2)2222-2222">+56(2)2222-2222</a>, <a href="mailto:rsjulian@example.com">rsjulian@example.com</a></p><p><b>gender</b>: male</p><p><b>birthDate</b>: 1989-03-10</p><blockquote><p><b>qualification</b></p><p><b>identifier</b>: Medical license number: TP6767634 (OFFICIAL)</p><p><b>code</b>: <span title="Codes: {http://snomed.info/sct 309343006}">Médico</span></p></blockquote><blockquote><p><b>qualification</b></p><p><b>identifier</b>: Medical license number: TP6767634 (OFFICIAL)</p><p><b>code</b>: <span title="Codes: {http://snomed.info/sct 309327004}">residente superior de medicina familiar/general</span></p></blockquote></div>
  </text>
  <identifier>
    <use value="official"/>
    <type>
      <coding>
        <system value="http://terminology.hl7.org/CodeSystem/v2-0203"/>
        <code value="NNCHL"/>
        <display value="National Person Identifier Chile"/>
      </coding>
      <coding>
        <system value="http://registrocivil.cl/RUN"/>
        <code value="RUN"/>
        <display value="Registro Unico de Nacimiento"/>
      </coding>
    </type>
    <value value="34343434ap"/>
  </identifier>
  <active value="true"/>
  <name>
    <use value="official"/>
    <family>
      <extension id="fathers-family" url="http://hl7.org/fhir/StructureDefinition/humanname-fathers-family">
        <valueString value="Rodriguez"/>
      </extension>
      <extension id="mothers-family" url="http://hl7.org/fhir/StructureDefinition/humanname-mothers-family">
        <valueString value="Suarez"/>
      </extension>
    </family>
    <given value="Julian"/>
    <given value="Andres"/>
  </name>
  <telecom>
    <system value="phone"/>
    <value value="+56(2)1111-1111"/>
    <use value="home"/>
  </telecom>
  <telecom>
    <system value="phone"/>
    <value value="+56(2)2222-2222"/>
    <use value="mobile"/>
  </telecom>
  <telecom>
    <system value="email"/>
    <value value="rsjulian@example.com"/>
  </telecom>
  <gender value="male"/>
  <birthDate value="1989-03-10"/>
  <qualification>
    <identifier>
      <use value="official"/>
      <type>
        <coding>
          <system value="http://terminology.hl7.org/CodeSystem/v2-0203"/>
          <code value="MD"/>
          <display value="Medical license number"/>
        </coding>
      </type>
      <value value="TP6767634"/>
    </identifier>
    <code>
      <coding>
        <system value="http://snomed.info/sct"/>
        <code value="309343006"/>
        <display value="M&#xE9;dico"/>
      </coding>
    </code>
  </qualification>
  <qualification>
    <identifier>
      <use value="official"/>
      <type>
        <coding>
          <system value="http://terminology.hl7.org/CodeSystem/v2-0203"/>
          <code value="MD"/>
          <display value="Medical license number"/>
        </coding>
      </type>
      <value value="TP6767634"/>
    </identifier>
    <code>
      <coding>
        <system value="http://snomed.info/sct"/>
        <code value="309327004"/>
        <display value="residente superior de medicina familiar/general"/>
      </coding>
    </code>
  </qualification>
</Practitioner>