<?xml version="1.0" encoding="UTF-8"?>

<Practitioner xmlns="http://hl7.org/fhir">
  <id value="Example-Practitioner-78456er9f"/>
  <text>
    <status value="generated"/><div xmlns="http://www.w3.org/1999/xhtml"><h1>SEGMENTO NARRATIVO</h1></div>
  </text>
  <identifier>
    <use value="official"/>
    <type>
      <coding>
        <system value="http://terminology.hl7.org/CodeSystem/v2-0203"/>
        <code value="NNCHL"/>
        <display value="National Person Identifier Chile"/>
      </coding>
      <coding>
        <system value="http://registrocivil.cl/RUN"/>
        <code value="RUN"/>
        <display value="Registro Unico de Nacimiento"/>
      </coding>
    </type>
    <value value="7867564ap"/>
  </identifier>
  <active value="true"/>
  <name>
    <use value="official"/>
    <family value="Perez Suarez">
      <extension id="fathers-family" url="http://hl7.org/fhir/StructureDefinition/humanname-fathers-family">
        <valueString value="Perez"/>
      </extension>
      <extension id="mothers-family" url="http://hl7.org/fhir/StructureDefinition/humanname-mothers-family">
        <valueString value="Suarez"/>
      </extension>
    </family>
    <given value="Camilo"/>
    <given value="Jose"/>
  </name>
  <telecom>
    <system value="phone"/>
    <value value="+56(2)1111-1111"/>
    <use value="home"/>
  </telecom>
  <telecom>
    <system value="phone"/>
    <value value="+56(2)2222-2222"/>
    <use value="mobile"/>
  </telecom>
  <telecom>
    <system value="email"/>
    <value value="pscamilo@example.com"/>
  </telecom>
  <gender value="male"/>
  <birthDate value="1993-05-20"/>
  <qualification>
    <identifier>
      <use value="official"/>
      <type>
        <coding>
          <system value="http://terminology.hl7.org/CodeSystem/v2-0203"/>
          <code value="LN"/>
          <display value="License Number"/>
        </coding>
      </type>
      <value value="TP763490"/>
    </identifier>
    <code>
      <coding>
        <system value="http://snomed.info/sct"/>
        <code value="18537005"/>
        <display value="Bacteriologo"/>
      </coding>
    </code>
  </qualification>
</Practitioner>