<?xml version="1.0" encoding="UTF-8"?>

<Procedure xmlns="http://hl7.org/fhir">
  <id value="Example-ProcedureDevice-894536pd"/>
  <text>
    <status value="generated"/><div xmlns="http://www.w3.org/1999/xhtml"><p><b>Generated Narrative</b></p><p><b>identifier</b>: id: 110304050 (USUAL)</p><p><b>basedOn</b>: <a href="ServiceRequest/Example-ServiceRequest-5437578r">ServiceRequest/Example-ServiceRequest-5437578r</a></p><p><b>status</b>: completed</p><p><b>category</b>: <span title="Codes: {http://snomed.info/sct 371883000}">procedimiento en paciente ambulatorio</span></p><p><b>code</b>: <span title="Codes: {http://snomed.info/sct 176837007}, {https://digitalware-klinic.github.io/fhir/indisa/CodeSystem-CodesFonasa 2001015}">procedimiento con dispositivo anticonceptivo intrauterino</span></p><p><b>subject</b>: <a href="Patient-Example-Patient-87356d0d.html">Generated Summary: National Person Identifier Chile: 347827348 (OFFICIAL), Medical Record Number: HC-6ef0a6d7 (USUAL); active; Maria Victoria null (OFFICIAL), Maria Jake(NICKNAME); Phone: +56(2)1111-1111, Phone: +56(2)2222-2222, jjmaria@example.com; gender: female; birthDate: 1975-08-14; <span title="Codes: {http://terminology.hl7.org/CodeSystem/v3-MaritalStatus M}">Married</span></a></p><p><b>encounter</b>: <a href="Encounter-Example-Encounter-963b1515.html">Generated Summary: id: 12334556 (OFFICIAL); status: finished; <span title="{http://terminology.hl7.org/CodeSystem/v3-ActCode AMB}">ambulatory</span>; <span title="Codes: {http://terminology.hl7.org/CodeSystem/service-type 349}">General Practitioner</span>; <span title="Codes: {http://terminology.hl7.org/CodeSystem/v3-ActPriority R}">routine</span>; period: 21/01/2021, 7:00:00 a. m. --&gt; 21/01/2021, 7:30:00 a. m.; <span title="Codes: {http://snomed.info/sct 257006}">Acne rosacea</span></a></p><p><b>performed</b>: 21/02/2021, 7:30:00 a. m.</p><h3>Performers</h3><table class="grid"><tr><td>-</td><td><b>Actor</b></td></tr><tr><td>*</td><td><a href="Practitioner-Example-Practitioner-09709es9d.html">Generated Summary: National Person Identifier Chile: 8596788ap (OFFICIAL); active; Sebastian Camilo null (OFFICIAL); Phone: +56(2)1111-1111, Phone: +56(2)2222-2222, dbsebastian@example.com; gender: male; birthDate: 1989-03-10</a></td></tr></table><p><b>location</b>: <a href="Location-Example-LocationBuilding-7412389635sdf556.html">Generated Summary: id: 1100112345-1 (OFFICIAL); status: active; <span title="{http://terminology.hl7.org/CodeSystem/v2-0116 O}">Occupied</span>; name: Indisa Clinica de la familia; alias: INDISA; description: Clinic and emergencies; mode: instance; <span title="Codes: {http://terminology.hl7.org/CodeSystem/v3-RoleCode HOSP}">Hospital</span>; Phone: +56(2)1111-1111; <span title="Codes: {http://terminology.hl7.org/CodeSystem/location-physical-type bu}">Building</span>; availabilityExceptions: Does not open on holidays.</a></p><p><b>reasonCode</b>: <span title="Codes: {http://snomed.info/sct 169488004}">falla de dispositivo intrauterino - embarazo</span></p><p><b>reasonReference</b>: <a href="Condition/Example-Condition-4869c">Condition/Example-Condition-4869c</a></p><p><b>outcome</b>: <span title="Codes: {http://snomed.info/sct 385669000}">Successful</span></p><p><b>report</b>: <a href="Composition-Example-Document-c1b9fc94f1af.html">Generated Summary: id: e11d873a; status: final; <span title="Codes: {http://loinc.org 11506-3}">Progress note</span>; <span title="Codes: {http://loinc.org 11536-0}">Nurse Notes</span>; date: 23/02/2021, 10:00:23 a. m.; title: Nota de evolución de enfermería; confidentiality: N</a></p><p><b>note</b>: Patient without complication at output of procedure.</p><h3>FocalDevices</h3><table class="grid"><tr><td>-</td><td><b>Action</b></td><td><b>Manipulated</b></td></tr><tr><td>*</td><td><span title="Codes: {http://snomed.info/sct 129424004}">ajuste - acción</span></td><td><a href="Device-Example-Device-898989dv.html">Generated Summary: status: active; manufacturer: Melbea; manufactureDate: 2020-11-20; expirationDate: 2020-05-19; lotNumber: 5444223455; serialNumber: 23322333-56; modelNumber: fiatsa; <span title="Codes: {http://snomed.info/sct 268460000}">dispositivo anticonceptivo intrauterino</span>; Device in perfect condition</a></td></tr></table></div>
  </text>
  <identifier>
    <use value="usual"/>
    <system value="https://example.org/procedure-identifiers"/>
    <value value="110304050"/>
  </identifier>
  <basedOn>
    <reference value="ServiceRequest/Example-ServiceRequest-5437578r"/>
  </basedOn>
  <status value="completed"/>
  <category>
    <coding>
      <system value="http://snomed.info/sct"/>
      <code value="371883000"/>
      <display value="procedimiento en paciente ambulatorio"/>
    </coding>
  </category>
  <code>
    <coding>
      <system value="http://snomed.info/sct"/>
      <code value="176837007"/>
      <display value="procedimiento con dispositivo anticonceptivo intrauterino"/>
    </coding>
    <coding>
      <system value="https://digitalware-klinic.github.io/fhir/indisa/CodeSystem-CodesFonasa"/>
      <code value="2001015"/>
      <display value="COLOCACI&#xD3;N O EXTRACCI&#xD3;N DE DISPOSITIVO INTRAUTERINO"/>
    </coding>
  </code>
  <subject>
    <reference value="Patient/Example-Patient-87356d0d"/>
  </subject>
  <encounter>
    <reference value="Encounter/Example-Encounter-963b1515"/>
  </encounter>
  <performedDateTime value="2021-02-21T07:30:00-05:00"/>
  <performer>
    <actor>
      <reference value="Practitioner/Example-Practitioner-09709es9d"/>
    </actor>
  </performer>
  <location>
    <reference value="Location/Example-LocationBuilding-7412389635sdf556"/>
  </location>
  <reasonCode>
    <coding>
      <system value="http://snomed.info/sct"/>
      <code value="169488004"/>
      <display value="falla de dispositivo intrauterino - embarazo"/>
    </coding>
  </reasonCode>
  <reasonReference>
    <reference value="Condition/Example-Condition-4869c"/>
  </reasonReference>
  <outcome>
    <coding>
      <system value="http://snomed.info/sct"/>
      <code value="385669000"/>
      <display value="Successful"/>
    </coding>
  </outcome>
  <report>
    <reference value="Composition/Example-Document-c1b9fc94f1af"/>
  </report>
  <note>
    <text value="Patient without complication at output of procedure."/>
  </note>
  <focalDevice>
    <action>
      <coding>
        <system value="http://snomed.info/sct"/>
        <code value="129424004"/>
        <display value="ajuste - acci&#xF3;n"/>
      </coding>
    </action>
    <manipulated>
      <reference value="Device/Example-Device-898989dv"/>
    </manipulated>
  </focalDevice>
</Procedure>