<?xml version="1.0" encoding="UTF-8"?>

<ServiceRequest xmlns="http://hl7.org/fhir">
  <id value="Example-ServiceRequest-Imaging-87878hdim"/>
  <text>
    <status value="generated"/><div xmlns="http://www.w3.org/1999/xhtml"><p><b>Generated Narrative</b></p><p><b>identifier</b>: id: IM989775 (OFFICIAL), id: AUTI45454 (SECONDARY)</p><p><b>status</b>: active</p><p><b>intent</b>: order</p><p><b>category</b>: <span title="Codes: {http://snomed.info/sct 363679005}, {http://snomed.info/sct 363272006}">Imagen</span></p><p><b>priority</b>: routine</p><p><b>code</b>: <span title="Codes: {http://snomed.info/sct 11634002}, {https://digitalware-klinic.github.io/fhir/indisa/CodeSystem-CodesFonasa 0401062}">radiografía diagnóstica, imágenes en decúbito supino y en bipedestación</span></p><p><b>quantity</b>: 1</p><p><b>subject</b>: <a href="Patient-Example-Patient-87356d0d.html">Generated Summary: National Person Identifier Chile: 347827348 (OFFICIAL), Medical Record Number: HC-6ef0a6d7 (USUAL); active; Maria Victoria null (OFFICIAL), Maria Jake(NICKNAME); Phone: +56(2)1111-1111, Phone: +56(2)2222-2222, jjmaria@example.com; gender: female; birthDate: 1975-08-14; <span title="Codes: {http://terminology.hl7.org/CodeSystem/v3-MaritalStatus M}">Married</span></a></p><p><b>encounter</b>: <a href="Encounter-Example-Encounter-963b1515.html">Generated Summary: id: 12334556 (OFFICIAL); status: finished; <span title="{http://terminology.hl7.org/CodeSystem/v3-ActCode AMB}">ambulatory</span>; <span title="Codes: {http://terminology.hl7.org/CodeSystem/service-type 349}">General Practitioner</span>; <span title="Codes: {http://terminology.hl7.org/CodeSystem/v3-ActPriority R}">routine</span>; period: Jan 21, 2021 7:00:00 AM --&gt; Jan 21, 2021 7:30:00 AM; <span title="Codes: {http://snomed.info/sct 257006}">Acne rosacea</span></a></p><p><b>occurrence</b>: Feb 25, 2021 9:30:00 AM --&gt; Feb 25, 2021 10:00:00 AM</p><p><b>authoredOn</b>: Feb 21, 2021 7:30:00 AM</p><p><b>requester</b>: <a href="Practitioner-Example-Practitioner-4343433d.html">Generated Summary: National Person Identifier Chile: 34343434ap (OFFICIAL); active; Julian Andres null (OFFICIAL); Phone: +56(2)1111-1111, Phone: +56(2)2222-2222, rsjulian@example.com; gender: male; birthDate: 1989-03-10</a></p><p><b>reasonCode</b>: <span title="Codes: {http://snomed.info/sct 58150001}">fractura de clavícula (trastorno)</span></p><p><b>reasonReference</b>: <a href="Condition/Example-Condition-4553323c">Condition/Example-Condition-4553323c</a></p><p><b>insurance</b>: <a href="Coverage-Example-Coverage-fa7a571e.html">Generated Summary: status: active; <span title="Codes: {http://terminology.hl7.org/CodeSystem/v3-ActCode EHCPOL}, {https://digitalware-klinic.github.io/fhir/indisa/CodeSystem-CoveragesTypeCl 02}">extended healthcare</span>; <span title="Codes: {http://terminology.hl7.org/CodeSystem/subscriber-relationship self}">Self</span></a></p><p><b>bodySite</b>: <span title="Codes: {http://snomed.info/sct 720616002}">estructura ósea de clavícula derecha (estructura corporal)</span></p><p><b>note</b>: fasting procedure, procedure requires prior preparation</p></div>
  </text>
  <identifier>
    <use value="official"/>
    <system value="https://example.org/servicerequest-identifiers"/>
    <value value="IM989775"/>
  </identifier>
  <identifier>
    <use value="secondary"/>
    <system value="https://example.org/servicerequest-authorization-identifiers"/>
    <value value="AUTI45454"/>
  </identifier>
  <status value="active"/>
  <intent value="order"/>
  <category>
    <coding>
      <system value="http://snomed.info/sct"/>
      <code value="363679005"/>
      <display value="Imagen"/>
    </coding>
    <coding>
      <system value="http://snomed.info/sct"/>
      <code value="363272006"/>
      <display value="im&#xE1;genes radiol&#xF3;gicas, incidencias y posiciones especiales"/>
    </coding>
  </category>
  <priority value="routine"/>
  <code>
    <coding>
      <system value="http://snomed.info/sct"/>
      <code value="11634002"/>
      <display value="radiograf&#xED;a diagn&#xF3;stica, im&#xE1;genes en dec&#xFA;bito supino y en bipedestaci&#xF3;n"/>
    </coding>
    <coding>
      <system value="https://digitalware-klinic.github.io/fhir/indisa/CodeSystem-CodesFonasa"/>
      <code value="0401062"/>
      <display value="Radiograf&#xED;a de Proyecciones especiales oblicuas u otras en hombro, brazo,&#xD;&#xA;            codo, rodilla, r&#xF3;tulas, sesamoideos, axial de ambas r&#xF3;tulas o similares"/>
    </coding>
  </code>
  <quantityQuantity>
    <value value="1"/>
  </quantityQuantity>
  <subject>
    <reference value="Patient/Example-Patient-87356d0d"/>
  </subject>
  <encounter>
    <reference value="Encounter/Example-Encounter-963b1515"/>
  </encounter>
  <occurrencePeriod>
    <start value="2021-02-25T09:30:00-05:00"/>
    <end value="2021-02-25T10:00:00-05:00"/>
  </occurrencePeriod>
  <authoredOn value="2021-02-21T07:30:00-05:00"/>
  <requester>
    <reference value="Practitioner/Example-Practitioner-4343433d"/>
  </requester>
  <reasonCode>
    <coding>
      <system value="http://snomed.info/sct"/>
      <code value="58150001"/>
      <display value="fractura de clav&#xED;cula (trastorno)"/>
    </coding>
  </reasonCode>
  <reasonReference>
    <reference value="Condition/Example-Condition-4553323c"/>
  </reasonReference>
  <insurance>
    <reference value="Coverage/Example-Coverage-fa7a571e"/>
  </insurance>
  <bodySite>
    <coding>
      <system value="http://snomed.info/sct"/>
      <code value="720616002"/>
      <display value="estructura &#xF3;sea de clav&#xED;cula derecha (estructura corporal)"/>
    </coding>
  </bodySite>
  <note>
    <text value="fasting procedure"/>
  </note>
  <note>
    <text value="procedure requires prior preparation"/>
  </note>
</ServiceRequest>