<?xml version="1.0" encoding="UTF-8"?>

<ServiceRequest xmlns="http://hl7.org/fhir">
  <id value="Example-ServiceRequest-Laboratory-6745g6at"/>
  <text>
    <status value="generated"/><div xmlns="http://www.w3.org/1999/xhtml"><p><b>Generated Narrative</b></p><p><b>identifier</b>: id: LB8976 (OFFICIAL)</p><p><b>replaces</b>: <a href="ServiceRequest/Example-ServiceRequest-54376545r">ServiceRequest/Example-ServiceRequest-54376545r</a></p><p><b>requisition</b>: id: LB7834</p><p><b>status</b>: active</p><p><b>intent</b>: order</p><p><b>category</b>: <span title="Codes: {http://snomed.info/sct 108252007}">procedimiento de laboratorio</span></p><p><b>priority</b>: routine</p><p><b>code</b>: <span title="Codes: {http://snomed.info/sct 733830002}, {https://digitalware-klinic.github.io/fhir/indisa/CodeSystem-CodesFonasa 301041}">hemoglobina glucosilada A1c</span></p><p><b>quantity</b>: 1</p><p><b>subject</b>: <a href="Patient-Example-Patient-87356d0d.html">Generated Summary: National Person Identifier Chile: 347827348 (OFFICIAL), Medical Record Number: HC-6ef0a6d7 (USUAL); active; Maria Victoria null (OFFICIAL), Maria Jake(NICKNAME); Phone: +56(2)1111-1111, Phone: +56(2)2222-2222, jjmaria@example.com; gender: female; birthDate: 1975-08-14; <span title="Codes: {http://terminology.hl7.org/CodeSystem/v3-MaritalStatus M}">Married</span></a></p><p><b>encounter</b>: <a href="Encounter-Example-Encounter-963b1515.html">Generated Summary: id: 12334556 (OFFICIAL); status: finished; <span title="{http://terminology.hl7.org/CodeSystem/v3-ActCode AMB}">ambulatory</span>; <span title="Codes: {http://terminology.hl7.org/CodeSystem/service-type 349}">General Practitioner</span>; <span title="Codes: {http://terminology.hl7.org/CodeSystem/v3-ActPriority R}">routine</span>; period: Jan 21, 2021 7:00:00 AM --&gt; Jan 21, 2021 7:30:00 AM; <span title="Codes: {http://snomed.info/sct 257006}">Acne rosacea</span></a></p><p><b>authoredOn</b>: Feb 21, 2021 7:30:00 AM</p><p><b>requester</b>: <a href="Practitioner-Example-Practitioner-09709es9d.html">Generated Summary: National Person Identifier Chile: 8596788ap (OFFICIAL); active; Sebastian Camilo null (OFFICIAL); Phone: +56(2)1111-1111, Phone: +56(2)2222-2222, dbsebastian@example.com; gender: male; birthDate: 1989-03-10</a></p><p><b>reasonCode</b>: <span title="Codes: {http://snomed.info/sct 4307007}">Diabetes mellitus pregestacional Y / O intolerancia a la glucosa, clase blanca F modificada</span></p><p><b>reasonReference</b>: <a href="Condition/Example-Condition-4567c">Condition/Example-Condition-4567c</a></p><p><b>insurance</b>: <a href="Coverage-Example-Coverage-fa7a571e.html">Generated Summary: status: active; <span title="Codes: {http://terminology.hl7.org/CodeSystem/v3-ActCode EHCPOL}, {https://digitalware-klinic.github.io/fhir/indisa/CodeSystem-CoveragesTypeCl 02}">extended healthcare</span>; <span title="Codes: {http://terminology.hl7.org/CodeSystem/subscriber-relationship self}">Self</span></a></p><p><b>note</b>: Patient with full preparation.</p></div>
  </text>
  <identifier>
    <use value="official"/>
    <system value="https://example.org/servicerequest-identifiers"/>
    <value value="LB8976"/>
  </identifier>
  <replaces>
    <reference value="ServiceRequest/Example-ServiceRequest-54376545r"/>
  </replaces>
  <requisition>
    <value value="LB7834"/>
  </requisition>
  <status value="active"/>
  <intent value="order"/>
  <category>
    <coding>
      <system value="http://snomed.info/sct"/>
      <code value="108252007"/>
      <display value="procedimiento de laboratorio"/>
    </coding>
  </category>
  <priority value="routine"/>
  <code>
    <coding>
      <system value="http://snomed.info/sct"/>
      <code value="733830002"/>
      <display value="hemoglobina glucosilada A1c"/>
    </coding>
    <coding>
      <system value="https://digitalware-klinic.github.io/fhir/indisa/CodeSystem-CodesFonasa"/>
      <code value="301041"/>
      <display value="HEMOGLOBINA GLICADA A1C"/>
    </coding>
  </code>
  <quantityQuantity>
    <value value="1"/>
  </quantityQuantity>
  <subject>
    <reference value="Patient/Example-Patient-87356d0d"/>
  </subject>
  <encounter>
    <reference value="Encounter/Example-Encounter-963b1515"/>
  </encounter>
  <authoredOn value="2021-02-21T07:30:00-05:00"/>
  <requester>
    <reference value="Practitioner/Example-Practitioner-09709es9d"/>
  </requester>
  <reasonCode>
    <coding>
      <system value="http://snomed.info/sct"/>
      <code value="4307007"/>
      <display value="Diabetes mellitus pregestacional Y / O intolerancia a la glucosa, clase blanca F modificada"/>
    </coding>
  </reasonCode>
  <reasonReference>
    <reference value="Condition/Example-Condition-4567c"/>
  </reasonReference>
  <insurance>
    <reference value="Coverage/Example-Coverage-fa7a571e"/>
  </insurance>
  <note>
    <text value="Patient with full preparation."/>
  </note>
</ServiceRequest>