<?xml version="1.0" encoding="UTF-8"?>

<ServiceRequest xmlns="http://hl7.org/fhir">
  <id value="Example-ServiceRequest-4948f6ad"/>
  <text>
    <status value="generated"/><div xmlns="http://www.w3.org/1999/xhtml"><h1>SEGMENTO NARRATIVO</h1></div>
  </text>
  <identifier>
    <use value="official"/>
    <system value="https://example.org/servicerequest-identifiers"/>
    <value value="GN3456"/>
  </identifier>
  <identifier>
    <use value="secondary"/>
    <system value="https://example.org/servicerequest-authorization-identifiers"/>
    <value value="AUT8954"/>
  </identifier>
  <replaces>
    <reference value="ServiceRequest/Example-ServiceRequest-5437326r"/>
  </replaces>
  <status value="active"/>
  <intent value="order"/>
  <category>
    <coding>
      <system value="http://snomed.info/sct"/>
      <code value="386053000"/>
      <display value="procedimiento de evaluaci&#xF3;n"/>
    </coding>
  </category>
  <priority value="routine"/>
  <code>
    <coding>
      <system value="http://digitalware.com.co/salud/fhir/CodeSystem/codes-fonasa"/>
      <code value="34552344"/>
      <display value="Endoscopia nivel I"/>
    </coding>
    <coding>
      <system value="http://snomed.info/sct"/>
      <code value="423827005"/>
      <display value="endoscopia"/>
    </coding>
  </code>
  <orderDetail>
    <coding>
      <system value="http://snomed.info/sct"/>
      <code value="6470007"/>
      <display value="laparoamnioscopia"/>
    </coding>
  </orderDetail>
  <quantityQuantity>
    <value value="1"/>
  </quantityQuantity>
  <subject>
    <reference value="Patient/Example-Patient-87356d0d"/>
  </subject>
  <encounter>
    <reference value="Encounter/Example-Encounter-963b1515"/>
  </encounter>
  <authoredOn value="2021-02-21T07:30:00-05:00"/>
  <requester>
    <reference value="Practitioner/Example-Practitioner-09709es9d"/>
  </requester>
  <reasonCode>
    <coding>
      <system value="http://snomed.info/sct"/>
      <code value="2989004"/>
      <display value="Complicaci&#xF3;n despu&#xE9;s de un embarazo molar Y / o ect&#xF3;pico"/>
    </coding>
  </reasonCode>
  <reasonReference>
    <reference value="Condition/Example-Condition-4869c"/>
  </reasonReference>
  <insurance>
    <reference value="Coverage/Example-Coverage-fa7a571e"/>
  </insurance>
  <bodySite>
    <coding>
      <system value="http://snomed.info/sct"/>
      <code value="9258009"/>
      <display value="&#xDA;tero gr&#xE1;vido"/>
    </coding>
  </bodySite>
  <note>
    <text value="fasting procedure"/>
  </note>
  <note>
    <text value="procedure requires prior preparation"/>
  </note>
  <note>
    <text value="procedure requires anesthesia"/>
  </note>
</ServiceRequest>