<?xml version="1.0" encoding="UTF-8"?>

<Slot xmlns="http://hl7.org/fhir">
  <id value="Example-Slot-f261cf86"/>
  <text>
    <status value="generated"/><div xmlns="http://www.w3.org/1999/xhtml"><h1>SEGMENTO NARRATIVO</h1></div>
  </text>
  <serviceType>
    <coding>
      <system value="http://hl7.org/fhir/ValueSet/service-type"/>
      <code value="186"/>
      <display value="Obstetrics and Gynaecology"/>
    </coding>
  </serviceType>
  <specialty>
    <coding>
      <system value="http://hl7.org/fhir/ValueSet/c80-practice-codes"/>
      <code value="394586005"/>
      <display value="Gynecology"/>
    </coding>
  </specialty>
  <appointmentType>
    <coding>
      <system value="http://terminology.hl7.org/CodeSystem/v2-0276"/>
      <code value="ROUTINE"/>
      <display value="Routine appointment"/>
    </coding>
  </appointmentType>
  <schedule>
    <reference value="Schedule/Example-Schedule-d83f2b28"/>
  </schedule>
  <status value="free"/>
  <start value="2021-01-20T08:00:00-05:00"/>
  <end value="2021-01-20T08:30:00-05:00"/>
  <overbooked value="false"/>
  <comment value="Not served on weekends"/>
</Slot>