<?xml version="1.0" encoding="UTF-8"?>

<Slot xmlns="http://hl7.org/fhir">
  <id value="f261cf86-786c-46b0-bce7-0fc93aa185f6"/>
  <text>
    <status value="generated"/><div xmlns="http://www.w3.org/1999/xhtml"><p><b>Generated Narrative</b></p><h3>Texts</h3><table class="grid"><tr><td>-</td></tr><tr><td>*</td></tr></table><p><b>serviceType</b>: <span title="Codes: {http://hl7.org/fhir/ValueSet/service-type 117}">Emergency Medical</span></p><p><b>appointmentType</b>: <span title="Codes: {http://terminology.hl7.org/CodeSystem/v2-0276 EMERGENCY}">Emergency appointment</span></p><p><b>schedule</b>: <a href="Schedule/Schedule.id">Schedule/Schedule.id</a></p><p><b>status</b>: free</p><p><b>start</b>: 20/01/2021, 8:00:00 a. m.</p><p><b>end</b>: 20/01/2021, 8:30:00 a. m.</p><p><b>overbooked</b>: true</p><p><b>comment</b>: No atención los fds</p></div>
  </text>
  <serviceType>
    <coding>
      <system value="http://hl7.org/fhir/ValueSet/service-type"/>
      <code value="117"/>
      <display value="Emergency Medical"/>
    </coding>
  </serviceType>
  <appointmentType>
    <coding>
      <system value="http://terminology.hl7.org/CodeSystem/v2-0276"/>
      <code value="EMERGENCY"/>
      <display value="Emergency appointment"/>
    </coding>
  </appointmentType>
  <schedule>
    <reference value="Schedule/Schedule.id"/>
  </schedule>
  <status value="free"/>
  <start value="2021-01-20T08:00:00-05:00"/>
  <end value="2021-01-20T08:30:00-05:00"/>
  <overbooked value="true"/>
  <comment value="No atenci&#xF3;n los fds"/>
</Slot>