<?xml version="1.0" encoding="UTF-8"?>

<Appointment xmlns="http://hl7.org/fhir">
  <id value="Example-Appointment-05c86b7b-4fad"/>
  <text>
    <status value="generated"/><div xmlns="http://www.w3.org/1999/xhtml"><p><b>Generated Narrative</b></p><h3>Texts</h3><table class="grid"><tr><td>-</td></tr><tr><td>*</td></tr></table><p><b>identifier</b>: id: 403</p><p><b>status</b>: cancelled</p><p><b>cancelationReason</b>: <span title="Codes: {https://www.digitalware.com.co/salud/fhir/identifiers/reasons-cancelaction fad33226-d4f5}">Paciente</span></p><p><b>serviceCategory</b>: <span title="Codes: {http://snomed.info/sct 27}">Specialist Medical</span></p><p><b>serviceType</b>: <span title="Codes: {http://snomed.info/sct 186}">Obstetrics y Gynaecology</span>, <span title="Codes: {https://www.digitalware.com.co/salud/fhir/CodeSystem/appointment-types c113e46f-5f39}">Cita Especialista</span>, <span title="Codes: {https://www.digitalware.com.co/salud/fhir/CodeSystem/local-procedure-codes 120d0fe9-9347}">ANTIGENO POLIPEPTIDO DE TEJIDO O ANTIGENO DE PROLIFERACION CELULAR AUTOMATIZADO</span>, <span title="Codes: {https://www.digitalware.com.co/salud/fhir/CodeSystem/payors IDPayor025}">Asegurador Buena Salud</span></p><p><b>specialty</b>: <span title="Codes: {http://snomed.info/sct 481}">Gynaecology</span></p><p><b>appointmentType</b>: <span title="Codes: {http://terminology.hl7.org/CodeSystem/v2-0276 WALKIN}, {https://www.digitalware.com.co/salud/fhir/CodeSystem/appointment-types 47b66eb5-0947-455b-b069-54765c996f6f}">A previously unscheduled walk-in visit</span></p><p><b>start</b>: 20/01/2021, 8:00:00 a. m.</p><p><b>end</b>: 20/01/2021, 8:30:00 a. m.</p><p><b>minutesDuration</b>: 30</p><p><b>created</b>: 5/01/2021, 10:00:00 a. m.</p><p><b>basedOn</b>: <span>GN-4567</span></p><blockquote><p><b>participant</b></p><p><b>type</b>: <span title="Codes: {http://terminology.hl7.org/CodeSystem/participant-type LOC}">location</span></p><p><b>actor</b>: <a href="Location-Example-LocationBuilding-7412389635sdf556.html">Generated Summary: id: 1100112345-1 (OFFICIAL); status: active; <span title="{http://terminology.hl7.org/CodeSystem/v2-0116 o}">Occupied</span>; name: Indisa Clinica de la familia; alias: INDISA; description: Clinic and emergencies; mode: instance; <span title="Codes: {http://terminology.hl7.org/ValueSet/v3-ServiceDeliveryLocationRoleType HOSP}">Hospital</span>; Phone: +56(2)1111-1111; <span title="Codes: {http://hl7.org/fhir/ValueSet/location-physical-type bu}">Building</span>; availabilityExceptions: Does not open on holidays.</a></p><p><b>status</b>: accepted</p></blockquote><blockquote><p><b>participant</b></p><p><b>type</b>: <span title="Codes: {http://terminology.hl7.org/CodeSystem/participant-type LOC}">location</span></p><p><b>actor</b>: <a href="Location-Example-LocationRoom-1245687952.html">Generated Summary: status: active; <span title="{http://terminology.hl7.org/CodeSystem/v2-0116 o}">Occupied</span>; name: Habitación 202; alias: H202; description: Hospitalization room.; mode: instance; <span title="Codes: {http://terminology.hl7.org/ValueSet/v3-ServiceDeliveryLocationRoleType HU}">Hospital unit</span></a></p><p><b>status</b>: accepted</p></blockquote><blockquote><p><b>participant</b></p><p><b>type</b>: <span title="Codes: {http://terminology.hl7.org/CodeSystem/participant-type CON}">consultant</span></p><p><b>actor</b>: <a href="Location-Example-LocationArea-789789789789.html">Generated Summary: status: active; <span title="{http://terminology.hl7.org/CodeSystem/v2-0116 o}">Ocupado</span>; name: Servicio hospitalario; alias: Hospitalización; description: Hospital medical care.; mode: kind; <span title="Codes: {http://terminology.hl7.org/ValueSet/v3-ServiceDeliveryLocationRoleType HU}">Hospital unit</span>; Phone: +56 12355611</a></p><p><b>status</b>: accepted</p></blockquote><blockquote><p><b>participant</b></p><p><b>type</b>: <span title="Codes: {http://terminology.hl7.org/CodeSystem/participant-type SBJ}">subject</span></p><p><b>actor</b>: <a href="Patient-Example-Patient-87356d0d.html">Generated Summary: Medical record number: 347827348 (OFFICIAL), id: HC-6ef0a6d7 (USUAL); active; Maria Victoria Jake Jofré (OFFICIAL), Maria Jake(NICKNAME); Phone: +56(2)1111-1111, Phone: +56(2)2222-2222, jjmaria@example.com; gender: female; birthDate: 1975-08-14; <span title="Codes: {http://hl7.org/fhir/ValueSet/marital-status M}">Married</span></a></p><p><b>status</b>: accepted</p></blockquote></div>
  </text>
  <extension id="cancelationDateTime" url="https://www.digitalware.com.co/salud/fhir/StrutureDefinition/cancelation-datetime">
    <valueDateTime value="2021-01-19T10:00:00-05:00"/>
  </extension>
  <extension id="cancelationSanction" url="https://www.digitalware.com.co/salud/fhir/StrutureDefinition/cancelation-sanction">
    <valueCodeableConcept>
      <coding>
        <system value="https://www.digitalware.com.co/salud/fhir/identifiers/cancelation-sanction"/>
        <code value="a2f430d7-e5c6"/>
        <display value="Cancelaci&#xF3;n inorportuna"/>
      </coding>
      <text value="35000"/>
    </valueCodeableConcept>
  </extension>
  <identifier>
    <system value="https://example.org/appointment-identifiers"/>
    <value value="403"/>
  </identifier>
  <status value="cancelled"/>
  <cancelationReason>
    <coding>
      <system value="https://www.digitalware.com.co/salud/fhir/identifiers/reasons-cancelaction"/>
      <code value="fad33226-d4f5"/>
      <display value="Paciente"/>
    </coding>
  </cancelationReason>
  <serviceCategory>
    <coding>
      <system value="http://snomed.info/sct"/>
      <code value="27"/>
      <display value="Specialist Medical"/>
    </coding>
  </serviceCategory>
  <serviceType>
    <coding>
      <system value="http://snomed.info/sct"/>
      <code value="186"/>
      <display value="Obstetrics y Gynaecology"/>
    </coding>
  </serviceType>
  <serviceType>
    <coding>
      <system value="https://www.digitalware.com.co/salud/fhir/CodeSystem/appointment-types"/>
      <code value="c113e46f-5f39"/>
      <display value="Cita Especialista"/>
    </coding>
  </serviceType>
  <serviceType>
    <coding>
      <system value="https://www.digitalware.com.co/salud/fhir/CodeSystem/local-procedure-codes"/>
      <code value="120d0fe9-9347"/>
      <display value="ANTIGENO POLIPEPTIDO DE TEJIDO O ANTIGENO DE PROLIFERACION CELULAR AUTOMATIZADO"/>
    </coding>
  </serviceType>
  <serviceType>
    <coding>
      <system value="https://www.digitalware.com.co/salud/fhir/CodeSystem/payors"/>
      <code value="IDPayor025"/>
      <display value="Asegurador Buena Salud"/>
    </coding>
  </serviceType>
  <specialty>
    <coding>
      <system value="http://snomed.info/sct"/>
      <code value="481"/>
      <display value="Gynaecology"/>
    </coding>
  </specialty>
  <appointmentType>
    <coding>
      <system value="http://terminology.hl7.org/CodeSystem/v2-0276"/>
      <code value="WALKIN"/>
      <display value="A previously unscheduled walk-in visit"/>
    </coding>
    <coding>
      <system value="https://www.digitalware.com.co/salud/fhir/CodeSystem/appointment-types"/>
      <code value="47b66eb5-0947-455b-b069-54765c996f6f"/>
      <display value="Prioritaria"/>
    </coding>
  </appointmentType>
  <start value="2021-01-20T08:00:00-05:00"/>
  <end value="2021-01-20T08:30:00-05:00"/>
  <minutesDuration value="30"/>
  <created value="2021-01-05T10:00:00-05:00"/>
  <basedOn>
    <display value="GN-4567"/>
  </basedOn>
  <participant>
    <type>
      <coding>
        <system value="http://terminology.hl7.org/CodeSystem/participant-type"/>
        <code value="LOC"/>
        <display value="location"/>
      </coding>
    </type>
    <actor>
      <reference value="Location/Example-LocationBuilding-7412389635sdf556"/>
    </actor>
    <status value="accepted"/>
  </participant>
  <participant>
    <type>
      <coding>
        <system value="http://terminology.hl7.org/CodeSystem/participant-type"/>
        <code value="LOC"/>
        <display value="location"/>
      </coding>
    </type>
    <actor>
      <reference value="Location/Example-LocationRoom-1245687952"/>
    </actor>
    <status value="accepted"/>
  </participant>
  <participant>
    <type>
      <coding>
        <system value="http://terminology.hl7.org/CodeSystem/participant-type"/>
        <code value="CON"/>
        <display value="consultant"/>
      </coding>
    </type>
    <actor>
      <reference value="Location/Example-LocationArea-789789789789"/>
    </actor>
    <status value="accepted"/>
  </participant>
  <participant>
    <type>
      <coding>
        <system value="http://terminology.hl7.org/CodeSystem/participant-type"/>
        <code value="SBJ"/>
        <display value="subject"/>
      </coding>
    </type>
    <actor>
      <reference value="Patient/Example-Patient-87356d0d"/>
    </actor>
    <status value="accepted"/>
  </participant>
</Appointment>