<?xml version="1.0" encoding="UTF-8"?>

<Appointment xmlns="http://hl7.org/fhir">
  <id value="Example-Appointment-05c86b7b-4fad"/>
  <text>
    <status value="generated"/><div xmlns="http://www.w3.org/1999/xhtml"><h1>SEGMENTO NARRATIVO</h1></div>
  </text>
  <extension id="cancelationDateTime" url="https://www.digitalware.com.co/salud/fhir/StrutureDefinition/cancelation-datetime">
    <valueDateTime value="2021-01-19T10:00:00-05:00"/>
  </extension>
  <extension id="cancelationSanction" url="https://www.digitalware.com.co/salud/fhir/StrutureDefinition/cancelation-sanction">
    <valueCodeableConcept>
      <coding>
        <system value="https://www.digitalware.com.co/salud/fhir/identifiers/cancelation-sanction"/>
        <code value="a2f430d7-e5c6"/>
        <display value="Cancelaci&#xF3;n inorportuna"/>
      </coding>
      <text value="35000"/>
    </valueCodeableConcept>
  </extension>
  <identifier>
    <system value="https://example.org/appointment-identifiers"/>
    <value value="403"/>
  </identifier>
  <status value="cancelled"/>
  <cancelationReason>
    <coding>
      <system value="https://www.digitalware.com.co/salud/fhir/identifiers/reasons-cancelaction"/>
      <code value="fad33226-d4f5"/>
      <display value="Paciente"/>
    </coding>
  </cancelationReason>
  <serviceCategory>
    <coding>
      <system value="http://snomed.info/sct"/>
      <code value="27"/>
      <display value="Medico especialista"/>
    </coding>
  </serviceCategory>
  <serviceType>
    <coding>
      <system value="http://snomed.info/sct"/>
      <code value="186"/>
      <display value="Obstetricia y Ginecologia"/>
    </coding>
  </serviceType>
  <serviceType>
    <coding>
      <system value="https://www.digitalware.com.co/salud/fhir/CodeSystem/appointment-types"/>
      <code value="c113e46f-5f39"/>
      <display value="Cita Especialista"/>
    </coding>
  </serviceType>
  <serviceType>
    <coding>
      <system value="https://www.digitalware.com.co/salud/fhir/CodeSystem/local-procedure-codes"/>
      <code value="120d0fe9-9347"/>
      <display value="ANTIGENO POLIPEPTIDO DE TEJIDO O ANTIGENO DE PROLIFERACION CELULAR AUTOMATIZADO"/>
    </coding>
  </serviceType>
  <serviceType>
    <coding>
      <system value="https://www.digitalware.com.co/salud/fhir/CodeSystem/payors"/>
      <code value="IDPayor025"/>
      <display value="Asegurador Buena Salud"/>
    </coding>
  </serviceType>
  <specialty>
    <coding>
      <system value="http://snomed.info/sct"/>
      <code value="481"/>
      <display value="Ginecologia"/>
    </coding>
  </specialty>
  <appointmentType>
    <coding>
      <system value="http://terminology.hl7.org/CodeSystem/v2-0276"/>
      <code value="WALKIN"/>
      <display value="A previously unscheduled walk-in visit"/>
    </coding>
    <coding>
      <system value="https://www.digitalware.com.co/salud/fhir/CodeSystem/appointment-types"/>
      <code value="47b66eb5-0947-455b-b069-54765c996f6f"/>
      <display value="Prioritaria"/>
    </coding>
  </appointmentType>
  <start value="2021-01-20T08:00:00-05:00"/>
  <end value="2021-01-20T08:30:00-05:00"/>
  <minutesDuration value="30"/>
  <created value="2021-01-05T10:00:00-05:00"/>
  <basedOn>
    <display value="GN-4567"/>
  </basedOn>
  <participant>
    <type>
      <coding>
        <system value="http://terminology.hl7.org/CodeSystem/participant-type"/>
        <code value="LOC"/>
        <display value="location"/>
      </coding>
    </type>
    <actor>
      <reference value="Location/Example-LocationBuilding-7412389635sdf556"/>
    </actor>
    <status value="accepted"/>
  </participant>
  <participant>
    <type>
      <coding>
        <system value="http://terminology.hl7.org/CodeSystem/participant-type"/>
        <code value="LOC"/>
        <display value="location"/>
      </coding>
    </type>
    <actor>
      <reference value="Location/Example-LocationRoom-1245687952"/>
    </actor>
    <status value="accepted"/>
  </participant>
  <participant>
    <type>
      <coding>
        <system value="http://terminology.hl7.org/CodeSystem/participant-type"/>
        <code value="CON"/>
        <display value="consultant"/>
      </coding>
    </type>
    <actor>
      <reference value="Location/Example-LocationArea-789789789789"/>
    </actor>
    <status value="accepted"/>
  </participant>
  <participant>
    <type>
      <coding>
        <system value="http://terminology.hl7.org/CodeSystem/participant-type"/>
        <code value="SBJ"/>
        <display value="subject"/>
      </coding>
    </type>
    <actor>
      <reference value="Patient/Example-Patient-87356d0d"/>
    </actor>
    <status value="accepted"/>
  </participant>
</Appointment>