[
  {
    "id": "educationalLevelChile",
    "type": "CodeSystem",
    "url": "http://www.subdere.gov.cl/sites/default/files/documentos/CUT_2018_v04.xls",
    "version": "1.0",
    "name": "educationalLevelChile"
  },
  {
    "id": "fhir.digital-ware.klinic-api-fhir",
    "type": "ImplementationGuide",
    "url": "https://digitalware-klinic.github.io/fhir/indisa/ImplementationGuide/fhir.digital-ware.klinic-api-fhir",
    "version": "1.0",
    "name": "klinicapifhir"
  },
  {
    "id": "AccountAmount",
    "type": "StructureDefinition",
    "url": "https://digitalware-klinic.github.io/fhir/indisa/StructureDefinition/AccountAmount",
    "version": "1.0",
    "name": "AccountAmountKlinic"
  },
  {
    "id": "AvailableTelemedicine",
    "type": "StructureDefinition",
    "url": "https://digitalware-klinic.github.io/fhir/indisa/StructureDefinition/AvailableTelemedicine",
    "version": "1.0",
    "name": "AvailableTelemedicine"
  },
  {
    "id": "BedWithOxygen",
    "type": "StructureDefinition",
    "url": "https://digitalware-klinic.github.io/fhir/indisa/StructureDefinition/BedWithOxygen",
    "version": "1.0",
    "name": "BedWithOxygen"
  },
  {
    "id": "BirthPlace",
    "type": "StructureDefinition",
    "url": "https://digitalware-klinic.github.io/fhir/indisa/StructureDefinition/BirthPlace",
    "version": "1.0",
    "name": "BirthPlace"
  },
  {
    "id": "BonusAmount",
    "type": "StructureDefinition",
    "url": "https://digitalware-klinic.github.io/fhir/indisa/StructureDefinition/BonusAmount",
    "version": "1.0",
    "name": "BonusAmountKlinic"
  },
  {
    "id": "CancelationDateTime",
    "type": "StructureDefinition",
    "url": "https://digitalware-klinic.github.io/fhir/indisa/StructureDefinition/CancelationDateTime",
    "version": "1.0",
    "name": "CancelationDateTime"
  },
  {
    "id": "CancelationSanction",
    "type": "StructureDefinition",
    "url": "https://digitalware-klinic.github.io/fhir/indisa/StructureDefinition/CancelationSanction",
    "version": "1.0",
    "name": "CancelationSanction"
  },
  {
    "id": "Census",
    "type": "StructureDefinition",
    "url": "https://digitalware-klinic.github.io/fhir/indisa/StructureDefinition/Census",
    "version": "1.0",
    "name": "Census"
  },
  {
    "id": "ChargeBed",
    "type": "StructureDefinition",
    "url": "https://digitalware-klinic.github.io/fhir/indisa/StructureDefinition/ChargeBed",
    "version": "1.0",
    "name": "ChargeBed"
  },
  {
    "id": "ClinicalDischargeType",
    "type": "StructureDefinition",
    "url": "https://digitalware-klinic.github.io/fhir/indisa/StructureDefinition/ClinicalDischargeType",
    "version": "1.0",
    "name": "ClinicalDischargeType"
  },
  {
    "id": "Disability",
    "type": "StructureDefinition",
    "url": "https://digitalware-klinic.github.io/fhir/indisa/StructureDefinition/Disability",
    "version": "1.0",
    "name": "Disability"
  },
  {
    "id": "EducationalLevel",
    "type": "StructureDefinition",
    "url": "https://digitalware-klinic.github.io/fhir/indisa/StructureDefinition/EducationalLevel",
    "version": "1.0",
    "name": "EducationalLevel"
  },
  {
    "id": "EmployerOrganization",
    "type": "StructureDefinition",
    "url": "https://digitalware-klinic.github.io/fhir/indisa/StructureDefinition/EmployerOrganization",
    "version": "1.0",
    "name": "EmployerOrganization"
  },
  {
    "id": "Fathersfamily",
    "type": "StructureDefinition",
    "url": "https://digitalware-klinic.github.io/fhir/indisa/StructureDefinition/Fathersfamily",
    "version": "1.0",
    "name": "Fathersfamily"
  },
  {
    "id": "GenderIdentity",
    "type": "StructureDefinition",
    "url": "https://digitalware-klinic.github.io/fhir/indisa/StructureDefinition/GenderIdentity",
    "version": "1.0",
    "name": "GenderIdentity"
  },
  {
    "id": "IdExpeditionPlace",
    "type": "StructureDefinition",
    "url": "https://digitalware-klinic.github.io/fhir/indisa/StructureDefinition/IdExpeditionPlace",
    "version": "1.0",
    "name": "IdExpeditionPlace"
  },
  {
    "id": "LocationAreaKlinic",
    "type": "StructureDefinition",
    "url": "https://digitalware-klinic.github.io/fhir/indisa/StructureDefinition/LocationAreaKlinic",
    "version": "1.0",
    "name": "LocationAreaKlinic"
  },
  {
    "id": "LocationBedKlinic",
    "type": "StructureDefinition",
    "url": "https://digitalware-klinic.github.io/fhir/indisa/StructureDefinition/LocationBedKlinic",
    "version": "1.0",
    "name": "LocationBedKlinic"
  },
  {
    "id": "LocationBuildingKlinic",
    "type": "StructureDefinition",
    "url": "https://digitalware-klinic.github.io/fhir/indisa/StructureDefinition/LocationBuildingKlinic",
    "version": "1.0",
    "name": "LocationBuildingKlinic"
  },
  {
    "id": "LocationFunctionalUnitKlinic",
    "type": "StructureDefinition",
    "url": "https://digitalware-klinic.github.io/fhir/indisa/StructureDefinition/LocationFunctionalUnitKlinic",
    "version": "1.0",
    "name": "LocationFunctionalUnitKlinic"
  },
  {
    "id": "LocationRoomKlinic",
    "type": "StructureDefinition",
    "url": "https://digitalware-klinic.github.io/fhir/indisa/StructureDefinition/LocationRoomKlinic",
    "version": "1.0",
    "name": "LocationRoomKlinic"
  },
  {
    "id": "MedicalFeesKlinic",
    "type": "StructureDefinition",
    "url": "https://digitalware-klinic.github.io/fhir/indisa/StructureDefinition/MedicalFeesKlinic",
    "version": "1.0",
    "name": "MedicalFeesKlinic"
  },
  {
    "id": "Mothersfamily",
    "type": "StructureDefinition",
    "url": "https://digitalware-klinic.github.io/fhir/indisa/StructureDefinition/Mothersfamily",
    "version": "1.0",
    "name": "Mothersfamily"
  },
  {
    "id": "MultipleOccupation",
    "type": "StructureDefinition",
    "url": "https://digitalware-klinic.github.io/fhir/indisa/StructureDefinition/MultipleOccupation",
    "version": "1.0",
    "name": "MultipleOccupation"
  },
  {
    "id": "Nationality",
    "type": "StructureDefinition",
    "url": "https://digitalware-klinic.github.io/fhir/indisa/StructureDefinition/Nationality",
    "version": "1.0",
    "name": "Nationality"
  },
  {
    "id": "NewBorn",
    "type": "StructureDefinition",
    "url": "https://digitalware-klinic.github.io/fhir/indisa/StructureDefinition/NewBorn",
    "version": "1.0",
    "name": "NewBorn"
  },
  {
    "id": "Ocupation",
    "type": "StructureDefinition",
    "url": "https://digitalware-klinic.github.io/fhir/indisa/StructureDefinition/Ocupation",
    "version": "1.0",
    "name": "Ocupation"
  },
  {
    "id": "OrganizationHealthcareProvider",
    "type": "StructureDefinition",
    "url": "https://digitalware-klinic.github.io/fhir/indisa/StructureDefinition/OrganizationHealthcareProvider",
    "version": "1.0",
    "name": "OrganizationHealthcareProvider"
  },
  {
    "id": "OrganizationName",
    "type": "StructureDefinition",
    "url": "https://digitalware-klinic.github.io/fhir/indisa/StructureDefinition/OrganizationName",
    "version": "1.0",
    "name": "OrganizationName"
  },
  {
    "id": "OrganizationTelecom",
    "type": "StructureDefinition",
    "url": "https://digitalware-klinic.github.io/fhir/indisa/StructureDefinition/OrganizationTelecom",
    "version": "1.0",
    "name": "OrganizationTelecom"
  },
  {
    "id": "PatientEthnicity",
    "type": "StructureDefinition",
    "url": "https://digitalware-klinic.github.io/fhir/indisa/StructureDefinition/PatientEthnicity",
    "version": "1.0",
    "name": "PatientEthnicity"
  },
  {
    "id": "PatientPopulationGroup",
    "type": "StructureDefinition",
    "url": "https://digitalware-klinic.github.io/fhir/indisa/StructureDefinition/PatientPopulationGroup",
    "version": "1.0",
    "name": "PatientPopulationGroup"
  },
  {
    "id": "Personid",
    "type": "StructureDefinition",
    "url": "https://digitalware-klinic.github.io/fhir/indisa/StructureDefinition/Personid",
    "version": "1.0",
    "name": "Personid"
  },
  {
    "id": "PractitionerKlinic",
    "type": "StructureDefinition",
    "url": "https://digitalware-klinic.github.io/fhir/indisa/StructureDefinition/PractitionerKlinic",
    "version": "1.0",
    "name": "PractitionerKlinic"
  },
  {
    "id": "ProfileAccountKlinic",
    "type": "StructureDefinition",
    "url": "https://digitalware-klinic.github.io/fhir/indisa/StructureDefinition/ProfileAccountKlinic",
    "version": "1.0",
    "name": "ProfileAccountKlinic"
  },
  {
    "id": "ProfileAppointment",
    "type": "StructureDefinition",
    "url": "https://digitalware-klinic.github.io/fhir/indisa/StructureDefinition/ProfileAppointment",
    "version": "1.0",
    "name": "ProfileAppointment"
  },
  {
    "id": "ProfileCoverageKlinic",
    "type": "StructureDefinition",
    "url": "https://digitalware-klinic.github.io/fhir/indisa/StructureDefinition/ProfileCoverageKlinic",
    "version": "1.0",
    "name": "ProfileCoverageKlinic"
  },
  {
    "id": "ProfileEncounterKlinic",
    "type": "StructureDefinition",
    "url": "https://digitalware-klinic.github.io/fhir/indisa/StructureDefinition/ProfileEncounterKlinic",
    "version": "1.0",
    "name": "ProfileEncounterKlinic"
  },
  {
    "id": "ProfileHealthcareService",
    "type": "StructureDefinition",
    "url": "https://digitalware-klinic.github.io/fhir/indisa/StructureDefinition/ProfileHealthcareService",
    "version": "1.0",
    "name": "ProfileHealthcareService"
  },
  {
    "id": "ProfilePatientKlinic",
    "type": "StructureDefinition",
    "url": "https://digitalware-klinic.github.io/fhir/indisa/StructureDefinition/ProfilePatientKlinic",
    "version": "1.0",
    "name": "ProfilePatientKlinic"
  },
  {
    "id": "ProfileSchedule",
    "type": "StructureDefinition",
    "url": "https://digitalware-klinic.github.io/fhir/indisa/StructureDefinition/ProfileSchedule",
    "version": "1.0",
    "name": "ProfileSchedule"
  },
  {
    "id": "QuotaPatient",
    "type": "StructureDefinition",
    "url": "https://digitalware-klinic.github.io/fhir/indisa/StructureDefinition/QuotaPatient",
    "version": "1.0",
    "name": "QuotaPatient"
  },
  {
    "id": "RateModality",
    "type": "StructureDefinition",
    "url": "https://digitalware-klinic.github.io/fhir/indisa/StructureDefinition/RateModality",
    "version": "1.0",
    "name": "RateModality"
  },
  {
    "id": "RegionalLocationIdentifier",
    "type": "StructureDefinition",
    "url": "https://digitalware-klinic.github.io/fhir/indisa/StructureDefinition/RegionalLocationIdentifier",
    "version": "1.0",
    "name": "RegionalLocationIdentifier"
  },
  {
    "id": "Religion",
    "type": "StructureDefinition",
    "url": "https://digitalware-klinic.github.io/fhir/indisa/StructureDefinition/Religion",
    "version": "1.0",
    "name": "Religion"
  },
  {
    "id": "ServicePartOf",
    "type": "StructureDefinition",
    "url": "https://digitalware-klinic.github.io/fhir/indisa/StructureDefinition/ServicePartOf",
    "version": "1.0",
    "name": "ServicePartOf"
  },
  {
    "id": "SlotKlinic",
    "type": "StructureDefinition",
    "url": "https://digitalware-klinic.github.io/fhir/indisa/StructureDefinition/SlotKlinic",
    "version": "1.0",
    "name": "SlotKlinic"
  },
  {
    "id": "VirtualBed",
    "type": "StructureDefinition",
    "url": "https://digitalware-klinic.github.io/fhir/indisa/StructureDefinition/VirtualBed",
    "version": "1.0",
    "name": "VirtualBed"
  },
  {
    "id": "consultationsAmount",
    "type": "StructureDefinition",
    "url": "https://digitalware-klinic.github.io/fhir/indisa/StructureDefinition/consultationsAmount",
    "version": "1.0",
    "name": "ConsultationsAmountKlinic"
  },
  {
    "id": "copaymentAmount",
    "type": "StructureDefinition",
    "url": "https://digitalware-klinic.github.io/fhir/indisa/StructureDefinition/copaymentAmount",
    "version": "1.0",
    "name": "CopaymentAmountKlinic"
  },
  {
    "id": "hoursOfOperation",
    "type": "StructureDefinition",
    "url": "https://digitalware-klinic.github.io/fhir/indisa/StructureDefinition/hoursOfOperation",
    "version": "1.0",
    "name": "HoursOfOperation"
  },
  {
    "id": "medicationAmount",
    "type": "StructureDefinition",
    "url": "https://digitalware-klinic.github.io/fhir/indisa/StructureDefinition/medicationAmount",
    "version": "1.0",
    "name": "MedicationAmount"
  },
  {
    "id": "suppliesAmount",
    "type": "StructureDefinition",
    "url": "https://digitalware-klinic.github.io/fhir/indisa/StructureDefinition/suppliesAmount",
    "version": "1.0",
    "name": "SuppliesAmountKlinic"
  }
]