{
  "resourceType": "DiagnosticReport",
  "id": "Example-DiagnosticReport-Laboratory-782823899957f",
  "text": {
    "status": "generated",
    "div": "<div xmlns=\"http://www.w3.org/1999/xhtml\"><h2><span title=\"Codes: {http://snomed.info/sct 1240461000000109}, {https://digitalware-klinic.github.io/fhir/indisa/CodeSystem-CodesFonasa 0306069}\">medición de anticuerpos anti-coronavirus 2 del síndrome respiratorio agudo severo</span> (<span title=\"Codes: {http://terminology.hl7.org/CodeSystem/observation-category laboratory}, {http://snomed.info/sct 708194008}\">Laboratory</span>) </h2><table class=\"grid\"><tr><td>Subject</td><td><b>Maria Victoria null (OFFICIAL)</b>  1975-08-14 ( Medical Record Number: HC-6ef0a6d7 (USUAL))</td></tr><tr><td>When For</td><td>25/02/2021, 9:45:00 a. m.</td></tr><tr><td>Identifier:</td><td> id: RLB56566 (USUAL)</td></tr></table><p><b>Report Details</b></p><table class=\"grid\"><tr><td><b>Code</b></td><td><b>Value</b></td></tr><tr><td><a href=\"Observation-Example-Observation-3232352365gf.html\"><span title=\"Codes: {http://snomed.info/sct 1240461000000109}, {https://digitalware-klinic.github.io/fhir/indisa/CodeSystem-CodesFonasa 0306069}\">medición de anticuerpos anti-coronavirus 2 del síndrome respiratorio agudo severo</span></a></td><td><span title=\"Codes: {http://snomed.info/sct 260385009}\">Negativo</span></td></tr></table><p>Ullamco eiusmod sunt elit non commodo est dolor.</p></div>"
  },
  "identifier": [
    {
      "use": "usual",
      "system": "https://example.org/diagnostic-report-identifiers",
      "value": "RLB56566"
    }
  ],
  "basedOn": [
    {
      "reference": "ServiceRequest/Example-ServiceRequest-Laboratory-5688g6ay"
    }
  ],
  "status": "final",
  "category": [
    {
      "coding": [
        {
          "system": "http://terminology.hl7.org/CodeSystem/observation-category",
          "code": "laboratory",
          "display": "Laboratory"
        },
        {
          "system": "http://snomed.info/sct",
          "code": "708194008",
          "display": "servicio de banco de sangre"
        }
      ]
    }
  ],
  "code": {
    "coding": [
      {
        "system": "http://snomed.info/sct",
        "code": "1240461000000109",
        "display": "medición de anticuerpos anti-coronavirus 2 del síndrome respiratorio agudo severo"
      },
      {
        "system": "https://digitalware-klinic.github.io/fhir/indisa/CodeSystem-CodesFonasa",
        "code": "0306069",
        "display": "ANTICUERPOS ANTI COVID-19. IGG-DONANTE PLASMA"
      }
    ]
  },
  "subject": {
    "reference": "Patient/Example-Patient-87356d0d"
  },
  "encounter": {
    "reference": "Encounter/Example-Encounter-963b1515"
  },
  "effectiveDateTime": "2021-02-25T09:45:00-05:00",
  "performer": [
    {
      "reference": "Practitioner/Example-Practitioner-78456er9f"
    }
  ],
  "specimen": [
    {
      "reference": "Specimen/Example-Specimen-Blood-56789856d"
    }
  ],
  "result": [
    {
      "reference": "Observation/Example-Observation-3232352365gf"
    }
  ],
  "conclusion": "Ullamco eiusmod sunt elit non commodo est dolor."
}