<?xml version="1.0" encoding="UTF-8"?>

<DiagnosticReport xmlns="http://hl7.org/fhir">
  <id value="Example-DiagnosticReport-Laboratory-782823899957f"/>
  <text>
    <status value="generated"/><div xmlns="http://www.w3.org/1999/xhtml"><h1>SEGMENTO NARRATIVO</h1></div>
  </text>
  <identifier>
    <use value="official"/>
    <system value="https://example.org/diagnostic-report-identifiers"/>
    <value value="RLB56566"/>
  </identifier>
  <basedOn>
    <reference value="ServiceRequest/Example-ServiceRequest-Laboratory-5688g6ay"/>
  </basedOn>
  <status value="final"/>
  <category>
    <coding>
      <system value="http://snomed.info/sct"/>
      <code value="708194008"/>
      <display value="servicio de banco de sangre"/>
    </coding>
  </category>
  <code>
    <coding>
      <system value="http://snomed.info/sct"/>
      <code value="1240461000000109"/>
      <display value="medici&#xF3;n de anticuerpos anti-coronavirus 2 del s&#xED;ndrome respiratorio agudo severo"/>
    </coding>
    <coding>
      <system value="http://digitalware.com.co/salud/fhir/CodeSystem/codes-fonasa"/>
      <code value="0306069"/>
      <display value="ANTICUERPOS ANTI COVID-19. IGG-DONANTE PLASMA"/>
    </coding>
  </code>
  <subject>
    <reference value="Patient/Example-Patient-87356d0d"/>
  </subject>
  <encounter>
    <reference value="Encounter/Example-Encounter-963b1515"/>
  </encounter>
  <effectiveDateTime value="2021-02-25T09:45:00-05:00"/>
  <performer>
    <reference value="Practitioner/Example-Practitioner-78456er9f"/>
  </performer>
  <specimen>
    <reference value="Specimen/Example-Specimen-Blood-56789856d"/>
  </specimen>
  <result>
    <reference value="Observation/Example-Observation-3232352365gf"/>
  </result>
  <conclusion value="Ullamco eiusmod sunt elit non commodo est dolor."/>
</DiagnosticReport>