{
  "resourceType": "Encounter",
  "id": "Example-Encounter-963y1945",
  "text": {
    "status": "generated",
    "div": "<div xmlns=\"http://www.w3.org/1999/xhtml\"><p><b>Generated Narrative</b></p><p><b style=\"color: maroon\">Exception generating Narrative: null</b></p></div>"
  },
  "extension": [
    {
      "id": "rateModality",
      "valueCoding": {
        "system": "http://digitalware.com.co/salud/fhir/CodeSystem/rates-modality-INDISA",
        "code": "cerrada",
        "display": "cerrada/preferent"
      }
    }
  ],
  "identifier": [
    {
      "use": "official",
      "system": "https://example.org/encounter-identifiers",
      "value": "56386090"
    }
  ],
  "status": "finished",
  "statusHistory": [
    {
      "status": "arrived",
      "period": {
        "start": "2021-01-21T07:00:00-05:00",
        "end": "2021-01-21T07:10:00-05:00"
      }
    },
    {
      "status": "in-progress",
      "period": {
        "start": "2021-01-21T07:10:00-05:00",
        "end": "2021-01-23T10:45:00-05:00"
      }
    },
    {
      "status": "finished",
      "period": {
        "start": "2021-01-23T10:45:00-05:00",
        "end": "2021-01-23T11:00:00-05:00"
      }
    }
  ],
  "class": {
    "system": "http://terminology.hl7.org/ValueSet/v3-ActEncounterCode",
    "code": "IMP",
    "display": "inpatient encounter"
  },
  "serviceType": {
    "coding": [
      {
        "system": "http://hl7.org/fhir/ValueSet/service-type",
        "code": "410",
        "display": "Pregnancy"
      }
    ]
  },
  "priority": {
    "coding": [
      {
        "system": "http://terminology.hl7.org/ValueSet/v3-ActPriority",
        "code": "EL",
        "display": "elective"
      }
    ]
  },
  "subject": {
    "reference": "Patient/Example-Patient-87356d0d"
  },
  "basedOn": [
    {
      "reference": "ServiceRequest/Example-ServiceRequest-GN4035"
    }
  ],
  "participant": [
    {
      "type": [
        {
          "coding": [
            {
              "system": "http://hl7.org/fhir/ValueSet/encounter-participant-type",
              "code": "CON",
              "display": "Consultant"
            }
          ]
        }
      ]
    }
  ],
  "appointment": [
    {
      "reference": "Appointment/Example-Appointment-05c86b7b-5drg"
    }
  ],
  "period": {
    "start": "2021-01-21T07:00:00-05:00",
    "end": "2021-01-23T11:00:00-05:00"
  },
  "reasonCode": [
    {
      "coding": [
        {
          "system": "http://hl7.org/fhir/ValueSet/encounter-reason",
          "code": "888003",
          "display": "Efecto fetal o neonatal de la pérdida de sangre materna"
        }
      ]
    }
  ],
  "reasonReference": [
    {
      "reference": "Observation/Example-Observation-3956g"
    }
  ],
  "diagnosis": [
    {
      "condition": {
        "reference": "Condition/Example-Condition-3490d"
      },
      "use": {
        "coding": [
          {
            "system": "http://hl7.org/fhir/ValueSet/diagnosis-role",
            "code": "AD",
            "display": "Admission diagnosis"
          }
        ]
      }
    },
    {
      "condition": {
        "reference": "Condition/Example-Condition-5647f"
      },
      "use": {
        "coding": [
          {
            "system": "http://hl7.org/fhir/ValueSet/diagnosis-role",
            "code": "DD",
            "display": "Discharge diagnosis"
          }
        ]
      }
    }
  ],
  "account": [
    {
      "reference": "Account/Example-Account-6f678t45"
    }
  ],
  "hospitalization": {
    "preAdmissionIdentifier": {
      "use": "official",
      "system": "https://example.org/preadmision-identifiers",
      "value": "7649"
    },
    "origin": {
      "reference": "Location/Example-LocationRoom-1245687952"
    },
    "admitSource": {
      "coding": [
        {
          "system": "http://hl7.org/fhir/ValueSet/admit-source",
          "code": "mp",
          "display": "Medical Practitioner/physician referral"
        }
      ]
    },
    "dischargeDisposition": {
      "coding": [
        {
          "system": "http://digitalware.com.co/salud/fhir/CodeSystem/discharge-disposition",
          "code": "home",
          "display": "home"
        }
      ]
    }
  },
  "location": [
    {
      "location": {
        "reference": "Location/Example-LocationBed-7819819819bn915"
      },
      "status": "completed",
      "period": {
        "start": "2021-01-21T08:00:00-05:00",
        "end": "2021-01-23T11:00:00-05:00"
      }
    }
  ],
  "serviceProvider": {
    "reference": "Organization/Example-Organization-213134sd15148f"
  }
}