{
  "resourceType": "Encounter",
  "id": "963b1515-1ced-4020-b3df-0568accf41c9",
  "text": {
    "status": "generated",
    "div": "<div xmlns=\"http://www.w3.org/1999/xhtml\"><p><b>Generated Narrative</b></p><h3>Texts</h3><table class=\"grid\"><tr><td>-</td></tr><tr><td>*</td></tr></table><p><b>identifier</b>: id: 12334556 (OFFICIAL)</p><p><b>status</b>: arrived</p><h3>StatusHistories</h3><table class=\"grid\"><tr><td>-</td><td><b>Status</b></td><td><b>Period</b></td></tr><tr><td>*</td><td>finished</td><td>2020-02-08 --&gt; 2020-03-01</td></tr></table><h3>ClassHistories</h3><table class=\"grid\"><tr><td>-</td><td><b>Class</b></td></tr><tr><td>*</td><td><span title=\"{http://terminology.hl7.org/ValueSet/v3-ActEncounterCode AMB}\">ambulatory</span></td></tr></table><p><b>type</b>: <span title=\"Codes: {http://hl7.org/fhir/ValueSet/encounter-type OKI}\">Outpatient Kenacort injection</span></p><p><b>subject</b>: <a href=\"Patient/Patient.id\">Patient/Patient.id</a></p><p><b>episodeOfCare</b>: <a href=\"EpisodeOfCare/EpisodeOfCare.id\">EpisodeOfCare/EpisodeOfCare.id</a></p><p><b>basedOn</b>: <a href=\"ServiceRequest/ServiceRequest.id\">ServiceRequest/ServiceRequest.id</a></p><h3>Participants</h3><table class=\"grid\"><tr><td>-</td><td><b>Type</b></td><td><b>Individual</b></td></tr><tr><td>*</td><td><span title=\"Codes: {http://hl7.org/fhir/ValueSet/encounter-participant-type ADM}\">admitter</span></td><td><a href=\"Practitioner/Practitioner.id\">Practitioner/Practitioner.id</a></td></tr></table><p><b>appointment</b>: <a href=\"Appointment/Appointment.id\">Appointment/Appointment.id</a></p><p><b>period</b>: 20/01/2021, 8:00:00 a. m. --&gt; 20/01/2021, 8:30:00 a. m.</p><p><b>reasonReference</b>: <a href=\"Condition/Condition.id \">Condition/Condition.id </a></p><h3>Diagnoses</h3><table class=\"grid\"><tr><td>-</td><td><b>Condition</b></td><td><b>Use</b></td></tr><tr><td>*</td><td><a href=\"Condition/Condition.id\">Condition/Condition.id</a></td><td><span title=\"Codes: {http://hl7.org/fhir/ValueSet/diagnosis-role AD}\">Admission diagnosis</span></td></tr></table><p><b>account</b>: <a href=\"Account/Account.id\">Account/Account.id</a></p><p><b>serviceProvider</b>: <a href=\"Organization/Organization.id\">Organization/Organization.id</a></p><p><b>partOf</b>: <a href=\"Encounter/Encounter.id\">Encounter/Encounter.id</a></p></div>"
  },
  "identifier": [
    {
      "use": "official",
      "system": "https://example.org/encounter-identifiers",
      "value": "12334556"
    }
  ],
  "status": "arrived",
  "statusHistory": [
    {
      "status": "finished",
      "period": {
        "start": "2020-02-08",
        "end": "2020-03-01"
      }
    }
  ],
  "classHistory": [
    {
      "class": {
        "system": "http://terminology.hl7.org/ValueSet/v3-ActEncounterCode",
        "code": "AMB",
        "display": "ambulatory"
      }
    }
  ],
  "type": [
    {
      "coding": [
        {
          "system": "http://hl7.org/fhir/ValueSet/encounter-type",
          "code": "OKI",
          "display": "Outpatient Kenacort injection"
        }
      ]
    }
  ],
  "subject": {
    "reference": "Patient/Patient.id"
  },
  "episodeOfCare": [
    {
      "reference": "EpisodeOfCare/EpisodeOfCare.id"
    }
  ],
  "basedOn": [
    {
      "reference": "ServiceRequest/ServiceRequest.id"
    }
  ],
  "participant": [
    {
      "type": [
        {
          "coding": [
            {
              "system": "http://hl7.org/fhir/ValueSet/encounter-participant-type",
              "code": "ADM",
              "display": "admitter"
            }
          ]
        }
      ],
      "individual": {
        "reference": "Practitioner/Practitioner.id"
      }
    }
  ],
  "appointment": [
    {
      "reference": "Appointment/Appointment.id"
    }
  ],
  "period": {
    "start": "2021-01-20T08:00:00-05:00",
    "end": "2021-01-20T08:30:00-05:00"
  },
  "reasonReference": [
    {
      "reference": "Condition/Condition.id "
    }
  ],
  "diagnosis": [
    {
      "condition": {
        "reference": "Condition/Condition.id"
      },
      "use": {
        "coding": [
          {
            "system": "http://hl7.org/fhir/ValueSet/diagnosis-role",
            "code": "AD",
            "display": "Admission diagnosis"
          }
        ]
      }
    }
  ],
  "account": [
    {
      "reference": "Account/Account.id"
    }
  ],
  "serviceProvider": {
    "reference": "Organization/Organization.id"
  },
  "partOf": {
    "reference": "Encounter/Encounter.id"
  }
}