<?xml version="1.0" encoding="UTF-8"?>

<HealthcareService xmlns="http://hl7.org/fhir">
  <id value="Example-HealthcareService-20ede331"/>
  <text>
    <status value="generated"/><div xmlns="http://www.w3.org/1999/xhtml"><p><b>Generated Narrative</b></p><p><b>identifier</b>: id: Code45678 (OFFICIAL)</p><p><b>active</b>: true</p><p><b>category</b>: <span title="Codes: {http://snomed.info/sct 394658006}">especialidad clínica</span></p><p><b>type</b>: <span title="Codes: {http://snomed.info/sct 394585009}">obstetricia y ginecología</span></p><p><b>specialty</b>: <span title="Codes: {http://snomed.info/sct 394586005}">ginecologia</span></p><p><b>location</b>: <a href="Location-Example-LocationArea-789789789789.html">Generated Summary: status: active; <span title="{http://terminology.hl7.org/CodeSystem/v2-0116 O}">Occupied</span>; name: Servicio hospitalario; alias: Hospitalización; description: Hospital medical care.; mode: kind; <span title="Codes: {http://terminology.hl7.org/CodeSystem/v3-RoleCode HU}">Hospital unit</span>; Phone: +56 12355611; <span title="Codes: {http://terminology.hl7.org/CodeSystem/location-physical-type wi}">Wing</span></a></p><p><b>name</b>: Servicio Ginecologia</p><p><b>comment</b>: Gynecology and Obstetrics Service.</p><p><b>serviceProvisionCode</b>: <span title="Codes: {https://digitalware-klinic.github.io/fhir/indisa/CodeSystem-ProgramCodes SURA}">Prioridad para salud Suramericana</span>, <span title="Codes: {https://digitalware-klinic.github.io/fhir/indisa/CodeSystem-ProgramCodes KERALTY}">Prioridad para salud Keralty</span></p><p><b>program</b>: <span title="Codes: {https://digitalware-klinic.github.io/fhir/indisa/CodeSystem-ProgramCodes P01}">Programa de Gestantes Salud Suramericana</span></p><p><b>characteristic</b>: <span title="Codes: {https://MinChile/procedure-code CODEP0016}">Parto</span>, <span title="Codes: {https://MinChile/procedure-code CODEP0134}">Citologia</span></p><p><b>referralMethod</b>: <span title="Codes: {https://digitalware-klinic.github.io/fhir/indisa/CodeSystem-ReferenCodes R057}">Pacientes de Compensar no requieren orden de remision</span>, <span title="Codes: {https://digitalware-klinic.github.io/fhir/indisa/CodeSystem-ReferenCodes R175}">Pacientes de Famisionar requieren orden de remision</span>, <span title="Codes: {https://digitalware-klinic.github.io/fhir/indisa/CodeSystem-ReferenCodes R578}">Se requiere consulta previa con Medicina General</span></p><p><b>appointmentRequired</b>: true</p><h3>AvailableTimes</h3><table class="grid"><tr><td>-</td><td><b>DaysOfWeek</b></td><td><b>AvailableStartTime</b></td><td><b>AvailableEndTime</b></td></tr><tr><td>*</td><td>mon</td><td>08:00:00</td><td>12:00:00</td></tr></table><p><b>availabilityExceptions</b>: Weekends are not served</p></div>
  </text>
  <extension id="servicePartOf" url="https://digitalware-klinic.github.io/fhir/indisa/StructureDefinition-servicePartOf">
    <valueReference>
      <reference value="HealthcareService/Example-HealthcareService-20ede331-1"/>
    </valueReference>
  </extension>
  <identifier>
    <use value="official"/>
    <system value="http://MinChile/CodeHab-Service"/>
    <value value="Code45678"/>
  </identifier>
  <active value="true"/>
  <category>
    <coding>
      <system value="http://snomed.info/sct"/>
      <code value="394658006"/>
      <display value="especialidad cl&#xED;nica"/>
    </coding>
  </category>
  <type>
    <coding>
      <system value="http://snomed.info/sct"/>
      <code value="394585009"/>
      <display value="obstetricia y ginecolog&#xED;a"/>
    </coding>
  </type>
  <specialty>
    <coding>
      <system value="http://snomed.info/sct"/>
      <code value="394586005"/>
      <display value="ginecologia"/>
    </coding>
  </specialty>
  <location>
    <reference value="Location/Example-LocationArea-789789789789"/>
  </location>
  <name value="Servicio Ginecologia"/>
  <comment value="Gynecology and Obstetrics Service."/>
  <serviceProvisionCode>
    <coding>
      <system value="https://digitalware-klinic.github.io/fhir/indisa/CodeSystem-ProgramCodes"/>
      <code value="SURA"/>
      <display value="Prioridad para salud Suramericana"/>
    </coding>
  </serviceProvisionCode>
  <serviceProvisionCode>
    <coding>
      <system value="https://digitalware-klinic.github.io/fhir/indisa/CodeSystem-ProgramCodes"/>
      <code value="KERALTY"/>
      <display value="Prioridad para salud Keralty"/>
    </coding>
  </serviceProvisionCode>
  <program>
    <coding>
      <system value="https://digitalware-klinic.github.io/fhir/indisa/CodeSystem-ProgramCodes"/>
      <code value="P01"/>
      <display value="Programa de Gestantes Salud Suramericana"/>
    </coding>
  </program>
  <characteristic>
    <coding>
      <system value="https://MinChile/procedure-code"/>
      <code value="CODEP0016"/>
      <display value="Parto"/>
    </coding>
  </characteristic>
  <characteristic>
    <coding>
      <system value="https://MinChile/procedure-code"/>
      <code value="CODEP0134"/>
      <display value="Citologia"/>
    </coding>
  </characteristic>
  <referralMethod>
    <coding>
      <system value="https://digitalware-klinic.github.io/fhir/indisa/CodeSystem-ReferenCodes"/>
      <code value="R057"/>
      <display value="Pacientes de Compensar no requieren orden de remision"/>
    </coding>
  </referralMethod>
  <referralMethod>
    <coding>
      <system value="https://digitalware-klinic.github.io/fhir/indisa/CodeSystem-ReferenCodes"/>
      <code value="R175"/>
      <display value="Pacientes de Famisionar requieren orden de remision"/>
    </coding>
  </referralMethod>
  <referralMethod>
    <coding>
      <system value="https://digitalware-klinic.github.io/fhir/indisa/CodeSystem-ReferenCodes"/>
      <code value="R578"/>
      <display value="Se requiere consulta previa con Medicina General"/>
    </coding>
  </referralMethod>
  <appointmentRequired value="true"/>
  <availableTime>
    <daysOfWeek value="mon"/>
    <availableStartTime value="08:00:00"/>
    <availableEndTime value="12:00:00"/>
  </availableTime>
  <availabilityExceptions value="Weekends are not served"/>
</HealthcareService>