{
  "resourceType": "Location",
  "id": "Example-LocationBuilding-7412389635sdf556",
  "text": {
    "status": "generated",
    "div": "<div xmlns=\"http://www.w3.org/1999/xhtml\"><h1>SEGMENTO NARRATIVO</h1></div>"
  },
  "identifier": [
    {
      "use": "official",
      "system": "http://www.minsalud.gov.co/codHabilitacion",
      "value": "1100112345-1"
    }
  ],
  "status": "active",
  "operationalStatus": {
    "system": "http://terminology.hl7.org/CodeSystem/v2-0116",
    "code": "o",
    "display": "Occupied"
  },
  "name": "Indisa Clinica de la familia",
  "alias": [
    "INDISA"
  ],
  "description": "Clinic and emergencies",
  "mode": "instance",
  "type": [
    {
      "coding": [
        {
          "system": "http://terminology.hl7.org/ValueSet/v3-ServiceDeliveryLocationRoleType",
          "code": "HOSP",
          "display": "Hospital"
        }
      ]
    }
  ],
  "telecom": [
    {
      "system": "phone",
      "value": "+56(2)1111-1111",
      "use": "work"
    }
  ],
  "address": {
    "use": "work",
    "text": "Av. Sta. María 1810, Santiago, Providencia, Región Metropolitana, Chile",
    "city": "Providencia",
    "state": "Región Metropolitana",
    "postalCode": "2342355",
    "country": "Chile"
  },
  "physicalType": {
    "coding": [
      {
        "system": "http://hl7.org/fhir/ValueSet/location-physical-type",
        "code": "bu",
        "display": "Building"
      }
    ]
  },
  "position": {
    "longitude": 133,
    "latitude": 223
  },
  "managingOrganization": {
    "reference": "Organization/Example-Organization-213134sd15148f"
  },
  "hoursOfOperation": [
    {
      "daysOfWeek": [
        "mon",
        "tue",
        "wed",
        "thu",
        "fri",
        "sat",
        "sun"
      ],
      "allDay": true
    }
  ],
  "availabilityExceptions": "Does not open on holidays."
}