{
  "resourceType": "Location",
  "id": "Example-Laboratory-51654689466d55",
  "text": {
    "status": "generated",
    "div": "<div xmlns=\"http://www.w3.org/1999/xhtml\"><h1>SEGMENTO NARRATIVO</h1></div>"
  },
  "status": "active",
  "operationalStatus": {
    "system": "http://terminology.hl7.org/CodeSystem/v2-0116",
    "code": "C",
    "display": "Closed"
  },
  "name": "Laboratorio",
  "alias": [
    "Laboratorio 1"
  ],
  "description": "Blood component laboratory.",
  "mode": "instance",
  "type": [
    {
      "coding": [
        {
          "system": "http://terminology.hl7.org/ValueSet/v3-ServiceDeliveryLocationRoleType",
          "code": "HLAB",
          "display": "Hospital Laboratory"
        }
      ]
    }
  ],
  "telecom": [
    {
      "system": "phone",
      "value": "+561234567889",
      "use": "work"
    }
  ],
  "partOf": {
    "reference": "Location/Example-LocationBuilding-7412389635sdf556"
  },
  "hoursOfOperation": [
    {
      "daysOfWeek": [
        "mon",
        "tue",
        "wed",
        "thu",
        "fri",
        "sat",
        "sun"
      ],
      "allDay": true
    }
  ],
  "availabilityExceptions": "Does not open on holidays"
}