{
  "resourceType": "Location",
  "id": "Example-Pharmacy-51654689466d55",
  "text": {
    "status": "generated",
    "div": "<div xmlns=\"http://www.w3.org/1999/xhtml\"><p><b>Generated Narrative</b></p><p><b>status</b>: active</p><p><b>operationalStatus</b>: <span title=\"{http://terminology.hl7.org/CodeSystem/v2-0116 U}\">Unoccupied</span></p><p><b>name</b>: Farmacia</p><p><b>alias</b>: Farmacia 1</p><p><b>description</b>: Emergency pharmacy.</p><p><b>mode</b>: instance</p><p><b>type</b>: <span title=\"Codes: {http://terminology.hl7.org/CodeSystem/v3-RoleCode HOSP}\">Hospital</span></p><p><b>telecom</b>: ph: 78978994952(WORK)</p><p><b>physicalType</b>: <span title=\"Codes: {http://terminology.hl7.org/CodeSystem/location-physical-type wa}\">Ward</span></p><p><b>partOf</b>: <a href=\"Location-Example-LocationBuilding-7412389635sdf556.html\">Generated Summary: id: 1100112345-1 (OFFICIAL); status: active; <span title=\"{http://terminology.hl7.org/CodeSystem/v2-0116 O}\">Occupied</span>; name: Indisa Clinica de la familia; alias: INDISA; description: Clinic and emergencies; mode: instance; <span title=\"Codes: {http://terminology.hl7.org/CodeSystem/v3-RoleCode HOSP}\">Hospital</span>; Phone: +56(2)1111-1111; <span title=\"Codes: {http://terminology.hl7.org/CodeSystem/location-physical-type bu}\">Building</span>; availabilityExceptions: Does not open on holidays.</a></p></div>"
  },
  "status": "active",
  "operationalStatus": {
    "system": "http://terminology.hl7.org/CodeSystem/v2-0116",
    "code": "U",
    "display": "Unoccupied"
  },
  "name": "Farmacia",
  "alias": [
    "Farmacia 1"
  ],
  "description": "Emergency pharmacy.",
  "mode": "instance",
  "type": [
    {
      "coding": [
        {
          "system": "http://terminology.hl7.org/CodeSystem/v3-RoleCode",
          "code": "HOSP",
          "display": "Hospital"
        }
      ]
    }
  ],
  "telecom": [
    {
      "system": "phone",
      "value": "78978994952",
      "use": "work"
    }
  ],
  "physicalType": {
    "coding": [
      {
        "system": "http://terminology.hl7.org/CodeSystem/location-physical-type",
        "code": "wa",
        "display": "Ward"
      }
    ]
  },
  "partOf": {
    "reference": "Location/Example-LocationBuilding-7412389635sdf556"
  }
}