{
  "resourceType": "Location",
  "id": "7412389635sdf556",
  "text": {
    "status": "generated",
    "div": "<div xmlns=\"http://www.w3.org/1999/xhtml\"><p><b>Generated Narrative</b></p><h3>Texts</h3><table class=\"grid\"><tr><td>-</td></tr><tr><td>*</td></tr></table><p><b>identifier</b>: id: 1100112345-1 (OFFICIAL)</p><p><b>status</b>: active</p><p><b>operationalStatus</b>: <span title=\"{http://terminology.hl7.org/CodeSystem/v2-0116 o}\">Ocupado</span></p><p><b>name</b>: Indisa Clinica de la familia</p><p><b>alias</b>: INDISA</p><p><b>description</b>:  Clinica y urgencias</p><p><b>mode</b>: instance</p><p><b>type</b>: <span title=\"Codes: {http://terminology.hl7.org/ValueSet/v3-ServiceDeliveryLocationRoleType HOSP}\">Hospital</span></p><p><b>telecom</b>: <a href=\"tel:+56(2)1111-1111\">+56(2)1111-1111</a></p><p><b>address</b>: Av. Sta. María 1810, Santiago, Providencia, Región Metropolitana, Chile(WORK)</p><h3>Positions</h3><table class=\"grid\"><tr><td>-</td><td><b>Longitude</b></td><td><b>Latitude</b></td></tr><tr><td>*</td><td>133</td><td>223</td></tr></table><p><b>managingOrganization</b>: <a href=\"Organization/Id Organization\">Organization/Id Organization</a></p><h3>HoursOfOperations</h3><table class=\"grid\"><tr><td>-</td><td><b>DaysOfWeek</b></td><td><b>AllDay</b></td></tr><tr><td>*</td><td>mon, tue, wed, thu, fri, sat, sun</td><td>true</td></tr></table><p><b>availabilityExceptions</b>: No se abre en días festivos</p></div>"
  },
  "identifier": [
    {
      "use": "official",
      "system": "http://www.minsalud.gov.co/codHabilitacion",
      "value": "1100112345-1"
    }
  ],
  "status": "active",
  "operationalStatus": {
    "system": "http://terminology.hl7.org/CodeSystem/v2-0116",
    "code": "o",
    "display": "Ocupado"
  },
  "name": "Indisa Clinica de la familia",
  "alias": [
    "INDISA"
  ],
  "description": " Clinica y urgencias",
  "mode": "instance",
  "type": [
    {
      "coding": [
        {
          "system": "http://terminology.hl7.org/ValueSet/v3-ServiceDeliveryLocationRoleType",
          "code": "HOSP",
          "display": "Hospital"
        }
      ]
    }
  ],
  "telecom": [
    {
      "system": "phone",
      "value": "+56(2)1111-1111",
      "use": "work"
    }
  ],
  "address": {
    "use": "work",
    "text": "Av. Sta. María 1810, Santiago, Providencia, Región Metropolitana, Chile",
    "city": "Providencia",
    "state": "Región Metropolitana",
    "postalCode": "2342355",
    "country": "Chile"
  },
  "position": {
    "longitude": 133,
    "latitude": 223
  },
  "managingOrganization": {
    "reference": "Organization/Id Organization"
  },
  "hoursOfOperation": [
    {
      "daysOfWeek": [
        "mon",
        "tue",
        "wed",
        "thu",
        "fri",
        "sat",
        "sun"
      ],
      "allDay": true
    }
  ],
  "availabilityExceptions": "No se abre en días festivos"
}