{
  "resourceType": "Location",
  "id": "Example-Laboratory-51654689466d55",
  "text": {
    "status": "generated",
    "div": "<div xmlns=\"http://www.w3.org/1999/xhtml\"><p><b>Generated Narrative</b></p><h3>Texts</h3><table class=\"grid\"><tr><td>-</td></tr><tr><td>*</td></tr></table><p><b>status</b>: active</p><p><b>operationalStatus</b>: <span title=\"{http://terminology.hl7.org/CodeSystem/v2-0116 C}\">Closed</span></p><p><b>name</b>: Laboratorio</p><p><b>alias</b>: Laboratorio 1</p><p><b>description</b>: Blood component laboratory.</p><p><b>mode</b>: instance</p><p><b>type</b>: <span title=\"Codes: {http://terminology.hl7.org/ValueSet/v3-ServiceDeliveryLocationRoleType HLAB}\">Hospital Laboratory</span></p><p><b>telecom</b>: <a href=\"tel:+561234567889\">+561234567889</a></p><p><b>partOf</b>: <a href=\"Location-Example-LocationBuilding-7412389635sdf556.html\">Generated Summary: id: 1100112345-1 (OFFICIAL); status: active; <span title=\"{http://terminology.hl7.org/CodeSystem/v2-0116 o}\">Occupied</span>; name: Indisa Clinica de la familia; alias: INDISA; description: Clinic and emergencies; mode: instance; <span title=\"Codes: {http://terminology.hl7.org/ValueSet/v3-ServiceDeliveryLocationRoleType HOSP}\">Hospital</span>; Phone: +56(2)1111-1111; <span title=\"Codes: {http://hl7.org/fhir/ValueSet/location-physical-type bu}\">Building</span>; availabilityExceptions: Does not open on holidays.</a></p><h3>HoursOfOperations</h3><table class=\"grid\"><tr><td>-</td><td><b>DaysOfWeek</b></td><td><b>AllDay</b></td></tr><tr><td>*</td><td>mon, tue, wed, thu, fri, sat, sun</td><td>true</td></tr></table><p><b>availabilityExceptions</b>: Does not open on holidays</p></div>"
  },
  "status": "active",
  "operationalStatus": {
    "system": "http://terminology.hl7.org/CodeSystem/v2-0116",
    "code": "C",
    "display": "Closed"
  },
  "name": "Laboratorio",
  "alias": [
    "Laboratorio 1"
  ],
  "description": "Blood component laboratory.",
  "mode": "instance",
  "type": [
    {
      "coding": [
        {
          "system": "http://terminology.hl7.org/ValueSet/v3-ServiceDeliveryLocationRoleType",
          "code": "HLAB",
          "display": "Hospital Laboratory"
        }
      ]
    }
  ],
  "telecom": [
    {
      "system": "phone",
      "value": "+561234567889",
      "use": "work"
    }
  ],
  "partOf": {
    "reference": "Location/Example-LocationBuilding-7412389635sdf556"
  },
  "hoursOfOperation": [
    {
      "daysOfWeek": [
        "mon",
        "tue",
        "wed",
        "thu",
        "fri",
        "sat",
        "sun"
      ],
      "allDay": true
    }
  ],
  "availabilityExceptions": "Does not open on holidays"
}