{
  "resourceType": "Location",
  "id": "Example-Pharmacy-51654689466d55",
  "text": {
    "status": "generated",
    "div": "<div xmlns=\"http://www.w3.org/1999/xhtml\"><p><b>Generated Narrative</b></p><h3>Texts</h3><table class=\"grid\"><tr><td>-</td></tr><tr><td>*</td></tr></table><p><b>status</b>: active</p><p><b>operationalStatus</b>: <span title=\"{http://terminology.hl7.org/CodeSystem/v2-0116 U}\">Unoccupied</span></p><p><b>name</b>: Farmacia</p><p><b>alias</b>: Farmacia 1</p><p><b>description</b>: Emergency pharmacy.</p><p><b>mode</b>: instance</p><p><b>type</b>: <span title=\"Codes: {http://terminology.hl7.org/ValueSet/v3-ServiceDeliveryLocationRoleType HOSP}\">Hospital</span></p><p><b>telecom</b>: ph: 78978994952(WORK)</p><p><b>partOf</b>: <a href=\"Location/Example-LocationBuilding-7412389635sdf556\">Location/Example-LocationBuilding-7412389635sdf556</a></p></div>"
  },
  "status": "active",
  "operationalStatus": {
    "system": "http://terminology.hl7.org/CodeSystem/v2-0116",
    "code": "U",
    "display": "Unoccupied"
  },
  "name": "Farmacia",
  "alias": [
    "Farmacia 1"
  ],
  "description": "Emergency pharmacy.",
  "mode": "instance",
  "type": [
    {
      "coding": [
        {
          "system": "http://terminology.hl7.org/ValueSet/v3-ServiceDeliveryLocationRoleType",
          "code": "HOSP",
          "display": "Hospital"
        }
      ]
    }
  ],
  "telecom": [
    {
      "system": "phone",
      "value": "78978994952",
      "use": "work"
    }
  ],
  "partOf": {
    "reference": "Location/Example-LocationBuilding-7412389635sdf556"
  }
}