{
  "resourceType": "Location",
  "id": "Example-LocationRoom-1245687952",
  "text": {
    "status": "generated",
    "div": "<div xmlns=\"http://www.w3.org/1999/xhtml\"><h1>SEGMENTO NARRATIVO</h1></div>"
  },
  "status": "active",
  "operationalStatus": {
    "system": "http://terminology.hl7.org/CodeSystem/v2-0116",
    "code": "o",
    "display": "Occupied"
  },
  "name": "Habitación 202",
  "alias": [
    "H202"
  ],
  "description": "Hospitalization room.",
  "mode": "instance",
  "type": [
    {
      "coding": [
        {
          "system": "http://terminology.hl7.org/ValueSet/v3-ServiceDeliveryLocationRoleType",
          "code": "HU",
          "display": "Hospital unit"
        }
      ]
    }
  ],
  "partOf": {
    "reference": "Location/Example-LocationArea-789789789789"
  }
}