<?xml version="1.0" encoding="UTF-8"?>

<Location xmlns="http://hl7.org/fhir">
  <id value="51654689466d55"/>
  <text>
    <status value="generated"/><div xmlns="http://www.w3.org/1999/xhtml"><p><b>Generated Narrative</b></p><h3>Texts</h3><table class="grid"><tr><td>-</td></tr><tr><td>*</td></tr></table><p><b>status</b>: active</p><p><b>operationalStatus</b>: <span title="{http://terminology.hl7.org/CodeSystem/v2-0116 C}">Closed</span></p><p><b>name</b>: Laboratorio</p><p><b>alias</b>: Laboratior 1</p><p><b>description</b>: Laboratorio de hemocomponentes</p><p><b>mode</b>: instance</p><p><b>type</b>: <span title="Codes: {http://terminology.hl7.org/ValueSet/v3-ServiceDeliveryLocationRoleType HLAB}">Hospital Laboratory</span></p><p><b>telecom</b>: <a href="tel:+561234567889">+561234567889</a></p><p><b>partOf</b>: <a href="Location-7412389635sdf556.html">Generated Summary: id: 1100112345-1 (OFFICIAL); status: active; <span title="{http://terminology.hl7.org/CodeSystem/v2-0116 o}">Ocupado</span>; name: Indisa Clinica de la familia; alias: INDISA; description:  Clinica y urgencias; mode: instance; <span title="Codes: {http://terminology.hl7.org/ValueSet/v3-ServiceDeliveryLocationRoleType HOSP}">Hospital</span>; Phone: +56(2)1111-1111; availabilityExceptions: No se abre en días festivos</a></p><h3>HoursOfOperations</h3><table class="grid"><tr><td>-</td><td><b>DaysOfWeek</b></td><td><b>AllDay</b></td></tr><tr><td>*</td><td>mon, tue, wed, thu, fri, sat, sun</td><td>true</td></tr></table><p><b>availabilityExceptions</b>: No se abre en días festivos</p></div>
  </text>
  <status value="active"/>
  <operationalStatus>
    <system value="http://terminology.hl7.org/CodeSystem/v2-0116"/>
    <code value="C"/>
    <display value="Closed"/>
  </operationalStatus>
  <name value="Laboratorio"/>
  <alias value="Laboratior 1"/>
  <description value="Laboratorio de hemocomponentes"/>
  <mode value="instance"/>
  <type>
    <coding>
      <system value="http://terminology.hl7.org/ValueSet/v3-ServiceDeliveryLocationRoleType"/>
      <code value="HLAB"/>
      <display value="Hospital Laboratory"/>
    </coding>
  </type>
  <telecom>
    <system value="phone"/>
    <value value="+561234567889"/>
    <use value="work"/>
  </telecom>
  <partOf>
    <reference value="Location/7412389635sdf556"/>
  </partOf>
  <hoursOfOperation>
    <daysOfWeek value="mon"/>
    <daysOfWeek value="tue"/>
    <daysOfWeek value="wed"/>
    <daysOfWeek value="thu"/>
    <daysOfWeek value="fri"/>
    <daysOfWeek value="sat"/>
    <daysOfWeek value="sun"/>
    <allDay value="true"/>
  </hoursOfOperation>
  <availabilityExceptions value="No se abre en d&#xED;as festivos"/>
</Location>