{
  "resourceType": "Location",
  "id": "Example-LocationBed-7819819819bn915",
  "text": {
    "status": "generated",
    "div": "<div xmlns=\"http://www.w3.org/1999/xhtml\"><p><b>Generated Narrative</b></p><p><b style=\"color: maroon\">Exception generating Narrative: unknown extension http://hl7.org/fhir/StructureDefinition/Location-VirtualBed</b></p></div>"
  },
  "extension": [
    {
      "id": "VirtualBed",
      "url": "http://hl7.org/fhir/StructureDefinition/Location-VirtualBed"
    },
    {
      "id": "Census",
      "url": "http://hl7.org/fhir/StructureDefinition/Location-Census"
    },
    {
      "id": "ChargeBed",
      "url": "http://hl7.org/fhir/StructureDefinition/Location-ChargeBed"
    },
    {
      "id": "BedWithOxygen",
      "url": "http://hl7.org/fhir/StructureDefinition/Location-BedWithOxygen"
    }
  ],
  "status": "active",
  "operationalStatus": {
    "system": "http://terminology.hl7.org/CodeSystem/v2-0116",
    "code": "o",
    "display": "Occupied"
  },
  "name": "Cama 2",
  "alias": [
    "C2"
  ],
  "description": "Patient bed.",
  "mode": "instance",
  "type": [
    {
      "coding": [
        {
          "system": "http://terminology.hl7.org/ValueSet/v3-ServiceDeliveryLocationRoleType",
          "code": "HU",
          "display": "Hospital unit"
        }
      ]
    }
  ],
  "partOf": {
    "reference": "Location/Example-LocationRoom-1245687952"
  }
}