<?xml version="1.0" encoding="UTF-8"?>

<MedicationRequest xmlns="http://hl7.org/fhir">
  <id value="Example-MedicationRequest-123456mdr"/>
  <text>
    <status value="generated"/><div xmlns="http://www.w3.org/1999/xhtml"><p><b>Generated Narrative</b></p><p><b>identifier</b>: id: SOLMD5690-1 (USUAL)</p><p><b>status</b>: completed</p><p><b>intent</b>: order</p><p><b>category</b>: <span title="Codes: {http://terminology.hl7.org/CodeSystem/medicationrequest-category outpatient}">Outpatient</span></p><p><b>priority</b>: routine</p><p><b>reported</b>: false</p><p><b>medication</b>: <a href="Medication-Example-Medication-986756md.html">Generated Summary: id: MD3456 (USUAL); <span title="Codes: {http://www.whocc.no/atc C09AA02}, {https://digitalware-klinic.github.io/fhir/indisa/CodeSystem-CodesProviderMedication 01035034567}">Enalapril</span>; status: active; <span title="Codes: {http://snomed.info/sct 46992007}">Píldora</span>; 10 Pildoras/1 blister</a></p><p><b>subject</b>: <a href="Patient-Example-Patient-87356d0d.html">Generated Summary: National Person Identifier Chile: 347827348 (OFFICIAL), Medical Record Number: HC-6ef0a6d7 (USUAL); active; Maria Victoria null (OFFICIAL), Maria Jake(NICKNAME); Phone: +56(2)1111-1111, Phone: +56(2)2222-2222, jjmaria@example.com; gender: female; birthDate: 1975-08-14; <span title="Codes: {http://terminology.hl7.org/CodeSystem/v3-MaritalStatus M}">Married</span></a></p><p><b>encounter</b>: <a href="Encounter-Example-Encounter-963b1515.html">Generated Summary: id: 12334556 (OFFICIAL); status: finished; <span title="{http://terminology.hl7.org/CodeSystem/v3-ActCode AMB}">ambulatory</span>; <span title="Codes: {http://terminology.hl7.org/CodeSystem/service-type 349}">General Practitioner</span>; <span title="Codes: {http://terminology.hl7.org/CodeSystem/v3-ActPriority R}">routine</span>; period: 21/01/2021, 7:00:00 a. m. --&gt; 21/01/2021, 7:30:00 a. m.; <span title="Codes: {http://snomed.info/sct 257006}">Acne rosacea</span></a></p><p><b>authoredOn</b>: 21/02/2021, 7:30:00 a. m.</p><p><b>requester</b>: <a href="Practitioner-Example-Practitioner-4343433d.html">Generated Summary: National Person Identifier Chile: 34343434ap (OFFICIAL); active; Julian Andres null (OFFICIAL); Phone: +56(2)1111-1111, Phone: +56(2)2222-2222, rsjulian@example.com; gender: male; birthDate: 1989-03-10</a></p><p><b>reasonCode</b>: <span title="Codes: {http://snomed.info/sct 24184005}">hallazgo relacionado con presión arterial aumentada</span></p><p><b>reasonReference</b>: <a href="Condition/Example-Condition-4553323c">Condition/Example-Condition-4553323c</a></p><p><b>insurance</b>: <a href="Coverage-Example-Coverage-fa7a571e.html">Generated Summary: status: active; <span title="Codes: {http://terminology.hl7.org/CodeSystem/v3-ActCode EHCPOL}, {https://digitalware-klinic.github.io/fhir/indisa/CodeSystem-CoveragesTypeCl 02}">extended healthcare</span>; <span title="Codes: {http://terminology.hl7.org/CodeSystem/subscriber-relationship self}">Self</span></a></p><p><b>note</b>: blood pressure control medication.</p><h3>DosageInstructions</h3><table class="grid"><tr><td>-</td></tr><tr><td>*</td></tr></table><h3>DispenseRequests</h3><table class="grid"><tr><td>-</td><td><b>ValidityPeriod</b></td><td><b>Quantity</b></td><td><b>Performer</b></td></tr><tr><td>*</td><td>21/02/2021, 12:00:00 p. m. --&gt; 21/03/2021, 12:00:00 p. m.</td><td>50 pildoras</td><td><a href="Organization/Example-OrganizationFarmacy-12345orgfarm">Organization/Example-OrganizationFarmacy-12345orgfarm</a></td></tr></table></div>
  </text>
  <identifier>
    <use value="usual"/>
    <system value="https://example.org/medicationrequest-identifiers"/>
    <value value="SOLMD5690-1"/>
  </identifier>
  <status value="completed"/>
  <intent value="order"/>
  <category>
    <coding>
      <system value="http://terminology.hl7.org/CodeSystem/medicationrequest-category"/>
      <code value="outpatient"/>
      <display value="Outpatient"/>
    </coding>
  </category>
  <priority value="routine"/>
  <reportedBoolean value="false"/>
  <medicationReference>
    <reference value="Medication/Example-Medication-986756md"/>
  </medicationReference>
  <subject>
    <reference value="Patient/Example-Patient-87356d0d"/>
  </subject>
  <encounter>
    <reference value="Encounter/Example-Encounter-963b1515"/>
  </encounter>
  <authoredOn value="2021-02-21T07:30:00-05:00"/>
  <requester>
    <reference value="Practitioner/Example-Practitioner-4343433d"/>
  </requester>
  <reasonCode>
    <coding>
      <system value="http://snomed.info/sct"/>
      <code value="24184005"/>
      <display value="hallazgo relacionado con presi&#xF3;n arterial aumentada"/>
    </coding>
  </reasonCode>
  <reasonReference>
    <reference value="Condition/Example-Condition-4553323c"/>
  </reasonReference>
  <insurance>
    <reference value="Coverage/Example-Coverage-fa7a571e"/>
  </insurance>
  <note>
    <text value="blood pressure control medication."/>
  </note>
  <dosageInstruction>
    <text value="Tomar una pastilla en la ma&#xF1;ana todos los dias hasta nuevo aviso."/>
  </dosageInstruction>
  <dispenseRequest>
    <validityPeriod>
      <start value="2021-02-21T12:00:00-05:00"/>
      <end value="2021-03-21T12:00:00-05:00"/>
    </validityPeriod>
    <quantity>
      <value value="50"/>
      <unit value="pildoras"/>
    </quantity>
    <performer>
      <reference value="Organization/Example-OrganizationFarmacy-12345orgfarm"/>
    </performer>
  </dispenseRequest>
</MedicationRequest>