<?xml version="1.0" encoding="UTF-8"?>

<MessageHeader xmlns="http://hl7.org/fhir">
  <id value="d3c28245-6e76-4816-8bef-07bde3c45e7c"/>
  <meta>
    <lastUpdated value="2021-02-09T14:23:17-05:00"/>
  </meta>
  <text>
    <status value="generated"/><div xmlns="http://www.w3.org/1999/xhtml"><h1>SEGMENTO NARRATIVO</h1></div>
  </text>
  <eventCoding>
    <system value="http://digitalware.com.co/salud/fhir/CodeSystem/MessageEvent"/>
    <code value="CREATE"/>
    <display value="Resource creation notification"/>
  </eventCoding>
  <destination>
    <name value="ESB platform"/>
    <endpoint value="http://127.0.0.1:8443/esb/end-point"/>
  </destination>
  <source>
    <software value="Klinic API FHIR"/>
    <endpoint value="http://127.0.0.1:7000/klinic-api-fhir"/>
  </source>
  <focus>
    <reference value="ServiceRequest/dc6a94cc-1946-4326-89c3-d27888a90f7e"/>
    <type value="ServiceRequest"/>
  </focus>
</MessageHeader>