{
  "resourceType": "Observation",
  "id": "Example-Observation-Antibiogram-obx0",
  "text": {
    "status": "generated",
    "div": "<div xmlns=\"http://www.w3.org/1999/xhtml\"><p><b>Generated Narrative</b></p><p></p><p><b>category</b>: <span title=\"Codes: {http://terminology.hl7.org/CodeSystem/observation-category laboratory}, {http://terminology.hl7.org/CodeSystem/v2-0074 MB}\">Laboratory</span></p><p><b>code</b>: <span title=\"Codes: {http://snomed.info/sct 3092008}\">Staphylococcus aureus</span></p><p><b>subject</b>: <a href=\"Patient-Example-Patient-87356d0d.html\">Generated Summary: National Person Identifier Chile: 347827348 (OFFICIAL), Medical Record Number: HC-6ef0a6d7 (USUAL); active; Maria Victoria null (OFFICIAL), Maria Jake(NICKNAME); Phone: +56(2)1111-1111, Phone: +56(2)2222-2222, jjmaria@example.com; gender: female; birthDate: 1975-08-14; <span title=\"Codes: {http://terminology.hl7.org/CodeSystem/v3-MaritalStatus M}\">Married</span></a></p><p><b>effective</b>: 25/02/2021, 9:45:00 a. m.</p><p><b>method</b>: <span title=\"Codes: {http://snomed.info/sct 359867004}\">antibiograma, método de disco</span></p><p><b>hasMember</b>: </p><ul><li><a href=\"Observation-Example-Observation-Antibiogram-obx1.html\">Generated Summary: <span title=\"Codes: {http://terminology.hl7.org/CodeSystem/observation-category laboratory}, {http://terminology.hl7.org/CodeSystem/v2-0074 MB}\">Laboratory</span>; <span title=\"Codes: {http://snomed.info/sct 387170002}\">ampicilina</span>; effective: 25/02/2021, 9:45:00 a. m.; &lt;=4.5; <span title=\"Codes: {http://terminology.hl7.org/CodeSystem/v3-ObservationInterpretation S}\">Susceptible</span></a></li><li><a href=\"Observation-Example-Observation-Antibiogram-obx2.html\">Generated Summary: <span title=\"Codes: {http://terminology.hl7.org/CodeSystem/observation-category laboratory}, {http://terminology.hl7.org/CodeSystem/v2-0074 MB}\">Laboratory</span>; <span title=\"Codes: {http://snomed.info/sct 764146007}\">penicilina</span>; effective: 25/02/2021, 9:45:00 a. m.; &lt;=5.5; <span title=\"Codes: {http://terminology.hl7.org/CodeSystem/v3-ObservationInterpretation S}\">Susceptible</span></a></li><li><a href=\"Observation-Example-Observation-Antibiogram-obx3.html\">Generated Summary: <span title=\"Codes: {http://terminology.hl7.org/CodeSystem/observation-category laboratory}, {http://terminology.hl7.org/CodeSystem/v2-0074 MB}\">Laboratory</span>; <span title=\"Codes: {http://snomed.info/sct 372868007}\">oxacilina</span>; effective: 25/02/2021, 9:45:00 a. m.; &gt;8.0; <span title=\"Codes: {http://terminology.hl7.org/CodeSystem/v3-ObservationInterpretation R}\">Resistant</span></a></li><li><a href=\"Observation-Example-Observation-Antibiogram-obx4.html\">Generated Summary: <span title=\"Codes: {http://terminology.hl7.org/CodeSystem/observation-category laboratory}, {http://terminology.hl7.org/CodeSystem/v2-0074 MB}\">Laboratory</span>; <span title=\"Codes: {http://snomed.info/sct 372687004}\">amoxicilina</span>; effective: 25/02/2021, 9:45:00 a. m.; &gt;7.0; <span title=\"Codes: {http://terminology.hl7.org/CodeSystem/v3-ObservationInterpretation R}\">Resistant</span></a></li><li><a href=\"Observation-Example-Observation-Antibiogram-obx5.html\">Generated Summary: <span title=\"Codes: {http://terminology.hl7.org/CodeSystem/observation-category laboratory}, {http://terminology.hl7.org/CodeSystem/v2-0074 MB}\">Laboratory</span>; <span title=\"Codes: {http://snomed.info/sct 372809001}\">tetraciclina</span>; effective: 25/02/2021, 9:45:00 a. m.; &gt;8.5; <span title=\"Codes: {http://terminology.hl7.org/CodeSystem/v3-ObservationInterpretation R}\">Resistant</span></a></li></ul></div>"
  },
  "status": "final",
  "category": [
    {
      "coding": [
        {
          "system": "http://terminology.hl7.org/CodeSystem/observation-category",
          "code": "laboratory",
          "display": "Laboratory"
        },
        {
          "system": "http://terminology.hl7.org/CodeSystem/v2-0074",
          "code": "MB",
          "display": "microbiology"
        }
      ]
    }
  ],
  "code": {
    "coding": [
      {
        "system": "http://snomed.info/sct",
        "code": "3092008",
        "display": "Staphylococcus aureus"
      }
    ]
  },
  "subject": {
    "reference": "Patient/Example-Patient-87356d0d"
  },
  "effectiveDateTime": "2021-02-25T09:45:00-05:00",
  "method": {
    "coding": [
      {
        "system": "http://snomed.info/sct",
        "code": "359867004",
        "display": "antibiograma, método de disco"
      }
    ]
  },
  "hasMember": [
    {
      "reference": "Observation/Example-Observation-Antibiogram-obx1"
    },
    {
      "reference": "Observation/Example-Observation-Antibiogram-obx2"
    },
    {
      "reference": "Observation/Example-Observation-Antibiogram-obx3"
    },
    {
      "reference": "Observation/Example-Observation-Antibiogram-obx4"
    },
    {
      "reference": "Observation/Example-Observation-Antibiogram-obx5"
    }
  ]
}