{
  "resourceType": "Observation",
  "id": "Example-Observation-Antibiogram-obx0",
  "text": {
    "status": "generated",
    "div": "<div xmlns=\"http://www.w3.org/1999/xhtml\"><h1>SEGMENTO NARRATIVO</h1></div>"
  },
  "status": "final",
  "category": [
    {
      "coding": [
        {
          "system": "http://terminology.hl7.org/CodeSystem/observation-category",
          "code": "laboratory",
          "display": "Laboratory"
        },
        {
          "system": "http://terminology.hl7.org/CodeSystem/v2-0074",
          "code": "MB",
          "display": "microbiology"
        }
      ]
    }
  ],
  "code": {
    "coding": [
      {
        "system": "http://snomed.info/sct",
        "code": "3092008",
        "display": "Staphylococcus aureus"
      }
    ]
  },
  "subject": {
    "reference": "Patient/Example-Patient-87356d0d"
  },
  "effectiveDateTime": "2021-02-25T09:45:00-05:00",
  "method": {
    "coding": [
      {
        "system": "http://snomed.info/sct",
        "code": "359867004",
        "display": "antibiograma, método de disco"
      }
    ]
  },
  "hasMember": [
    {
      "reference": "Observation/Example-Observation-Antibiogram-obx1"
    },
    {
      "reference": "Observation/Example-Observation-Antibiogram-obx2"
    },
    {
      "reference": "Observation/Example-Observation-Antibiogram-obx3"
    },
    {
      "reference": "Observation/Example-Observation-Antibiogram-obx4"
    },
    {
      "reference": "Observation/Example-Observation-Antibiogram-obx5"
    }
  ]
}