{
  "resourceType": "Patient",
  "id": "Example-Patient-87356d0d",
  "meta": {
    "tag": [
      {
        "system": "http://terminology.hl7co.org/CodeSystem/common-tags",
        "code": "VIP",
        "display": "very important person"
      },
      {
        "system": "https://hl7co.github.io/digitalware/klinic-api-fhir/CodeSystem/payors",
        "code": "Payor",
        "display": "Pagador o asegurador"
      }
    ]
  },
  "text": {
    "status": "extensions",
    "div": "<div xmlns=\"http://www.w3.org/1999/xhtml\"><p><b>Generated Narrative</b></p><h3>Texts</h3><table class=\"grid\"><tr><td>-</td></tr><tr><td>*</td></tr></table><p><b>genderIdentity</b>: <span title=\"Codes: {http://snomed.info/sct 703117000}\">Female</span></p><p><b>Birth Place</b>: Santiago de Chile Region Metropolitana Chile </p><blockquote><p><b>nationality</b></p><h3>Ids</h3><table class=\"grid\"><tr><td>-</td></tr><tr><td>*</td></tr></table><h3>Urls</h3><table class=\"grid\"><tr><td>-</td></tr><tr><td>*</td></tr></table><p><b>value</b>: <span title=\"Codes: {https://www.iso.org/iso-3166-country-codes.html CL}\">Chile</span></p></blockquote><p><b>disability</b>: <span title=\"Codes: {http://snomed.info/sct 120}\">Fisical</span></p><p><b>religion</b>: <span title=\"Codes: {http://terminology.hl7.org/CodeSystem/v3-ReligiousAffiliation 1041}\">Roman Catholic Church</span></p><p><b>identifier</b>: National Person Identifier Chile: 347827348 (OFFICIAL), Medical Record Number: HC-6ef0a6d7 (USUAL)</p><p><b>active</b>: true</p><p><b>name</b>: Maria Victoria Jake Jofré (OFFICIAL), Maria Jake(NICKNAME)</p><p><b>telecom</b>: <a href=\"tel:+56(2)1111-1111\">+56(2)1111-1111</a>, <a href=\"tel:+56(2)2222-2222\">+56(2)2222-2222</a>, <a href=\"mailto:jjmaria@example.com\">jjmaria@example.com</a></p><p><b>gender</b>: female</p><p><b>birthDate</b>: 1975-08-14</p><p><b>deceased</b>: false</p><p><b>address</b>: Eliodoro Yáñez NNN, depto XX, Providencia(HOME)</p><p><b>maritalStatus</b>: <span title=\"Codes: {http://hl7.org/fhir/ValueSet/marital-status M}\">Married</span></p><h3>Contacts</h3><table class=\"grid\"><tr><td>-</td><td><b>Extension</b></td><td><b>Relationship</b></td><td><b>Name</b></td><td><b>Telecom</b></td><td><b>Address</b></td></tr><tr><td>*</td><td></td><td><span title=\"Codes: {http://terminology.hl7.org/CodeSystem/v2-0131 C}, {http://snomed.info/sct 66839005}\">Emergency Contact</span></td><td>Jorge Jake</td><td><a href=\"tel:+56(2)2222-2222\">+56(2)2222-2222</a>, <a href=\"mailto:jjorge@example.com\">jjorge@example.com</a></td><td>Eliodoro Yáñez NNN, depto XX, Providencia(HOME)</td></tr></table><h3>Links</h3><table class=\"grid\"><tr><td>-</td><td><b>Other</b></td><td><b>Type</b></td></tr><tr><td>*</td><td><a href=\"Patient-Example-Patient-2a6d66d1.html\">Generated Summary: National Person Identifier Chile: 347827348 (OFFICIAL), Medical Record Number: HC-6ef0a6d7 (USUAL); active; Maria Jake (OFFICIAL), Maria Jake(NICKNAME); Phone: +56(2)1111-1111, Phone: +56(2)2222-2222, jmaria@example.com; gender: female; birthDate: 1975-08-14; <span title=\"Codes: {http://hl7.org/fhir/ValueSet/marital-status M}\">Married</span></a></td><td>replaces</td></tr></table></div>"
  },
  "extension": [
    {
      "id": "genderIdentity",
      "url": "http://hl7.org/fhir/StructureDefinition/patient-genderIdentity",
      "valueCodeableConcept": {
        "coding": [
          {
            "system": "http://snomed.info/sct",
            "code": "703117000",
            "display": "Female"
          }
        ]
      }
    },
    {
      "id": "birthPlace",
      "url": "http://hl7.org/fhir/StructureDefinition/patient-birthPlace",
      "valueAddress": {
        "city": "Santiago de Chile",
        "state": "Region Metropolitana",
        "country": "Chile"
      }
    },
    {
      "id": "nationality",
      "extension": [
        {
          "id": "code",
          "url": "code",
          "valueCodeableConcept": {
            "coding": [
              {
                "system": "https://www.iso.org/iso-3166-country-codes.html",
                "code": "CL",
                "display": "Chile"
              }
            ]
          }
        }
      ],
      "url": "http://hl7.org/fhir/StructureDefinition/patient-nationality"
    },
    {
      "id": "patientEthnicity",
      "url": "https://www.digitalware.com.co/salud/fhir/extension/patient-ethnicity",
      "valueCodeableConcept": {
        "coding": [
          {
            "system": "http://deis.cl/fhir/PueblosIndigenasMinsalDecreto643",
            "code": "01",
            "display": "Mapuche"
          }
        ]
      }
    },
    {
      "id": "patientPopulationGroup",
      "url": "https://www.digitalware.com.co/salud/fhir/extension/patient-population-group",
      "valueCodeableConcept": {
        "coding": [
          {
            "system": "https://www.digitalware.com.co/salud/fhir/ValueSet/population-group",
            "code": "01",
            "display": "Indigenas"
          }
        ]
      }
    },
    {
      "id": "disability",
      "url": "http://hl7.org/fhir/StructureDefinition/patient-disability",
      "valueCodeableConcept": {
        "coding": [
          {
            "system": "http://snomed.info/sct",
            "code": "120",
            "display": "Fisical"
          }
        ]
      }
    },
    {
      "id": "educationalLevel",
      "url": "https://www.digitalware.com.co/salud/fhir/extension/educational-level",
      "valueCodeableConcept": {
        "coding": [
          {
            "system": "https://www.digitalware.com.co/salud/fhir/ValueSet/educational-level",
            "code": "02",
            "display": "Basica"
          }
        ]
      }
    },
    {
      "id": "ocupation",
      "url": "https://www.digitalware.com.co/salud/fhir/extension/ocupation",
      "valueCodeableConcept": {
        "coding": [
          {
            "system": "https://www.digitalware.com.co/salud/fhir/extension/ocupation",
            "code": "15",
            "display": "Ama de casa"
          }
        ]
      }
    },
    {
      "id": "employerOrganization",
      "url": "https://www.digitalware.com.co/salud/fhir/extension/employer-organization",
      "valueString": "Papeleria el Sol"
    },
    {
      "id": "newBorn",
      "url": "https://hl7co.github.io/digitalware/klinic-api-fhir/StructureDefinition/NewBorn",
      "valueBoolean": false
    },
    {
      "id": "religion",
      "url": "http://hl7.org/fhir/StructureDefinition/patient-religion",
      "valueCodeableConcept": {
        "coding": [
          {
            "system": "http://terminology.hl7.org/CodeSystem/v3-ReligiousAffiliation",
            "code": "1041",
            "display": "Roman Catholic Church"
          }
        ]
      }
    },
    {
      "id": "culturalGroup",
      "url": "https://www.digitalware.com.co/salud/fhir/extension/patient-cultural-groups",
      "valueCodeableConcept": {
        "coding": [
          {
            "system": "http://deis.cl/fhir/PueblosIndigenasMinsalDecreto643",
            "code": "Indio Americano",
            "display": "1002-5"
          }
        ]
      }
    }
  ],
  "identifier": [
    {
      "use": "official",
      "type": {
        "coding": [
          {
            "system": "http://terminology.hl7.org/CodeSystem/v2-0203",
            "code": "NNCHL",
            "display": "National Person Identifier Chile"
          },
          {
            "system": "http://registrocivil.cl/RUN",
            "code": "RUN",
            "display": "Rol Único Nacional"
          }
        ]
      },
      "value": "347827348"
    },
    {
      "use": "usual",
      "type": {
        "coding": [
          {
            "system": "http://terminology.hl7.org/CodeSystem/v2-0203",
            "code": "MR",
            "display": "Medical Record Number"
          }
        ]
      },
      "system": "https://www.digitalware.com.co/salud/fhir/patient-id",
      "value": "HC-6ef0a6d7"
    }
  ],
  "active": true,
  "name": [
    {
      "use": "official",
      "family": "Jake Jofré",
      "_family": {
        "extension": [
          {
            "id": "fathers-family",
            "url": "http://hl7.org/fhir/StructureDefinition/humanname-fathers-family",
            "valueString": "Jake"
          },
          {
            "id": "mothers-family",
            "url": "http://hl7.org/fhir/StructureDefinition/humanname-mothers-family",
            "valueString": "Jofré"
          }
        ]
      },
      "given": [
        "Maria",
        "Victoria"
      ]
    },
    {
      "use": "nickname",
      "text": "Maria Jake"
    }
  ],
  "telecom": [
    {
      "system": "phone",
      "value": "+56(2)1111-1111",
      "use": "home"
    },
    {
      "system": "phone",
      "value": "+56(2)2222-2222",
      "use": "mobile"
    },
    {
      "system": "email",
      "value": "jjmaria@example.com"
    }
  ],
  "gender": "female",
  "birthDate": "1975-08-14",
  "deceasedBoolean": false,
  "address": [
    {
      "use": "home",
      "text": "Eliodoro Yáñez NNN, depto XX, Providencia",
      "city": "Providencia",
      "state": "Región Metropolitana",
      "postalCode": "5555555",
      "country": "Chile"
    }
  ],
  "maritalStatus": {
    "coding": [
      {
        "system": "http://hl7.org/fhir/ValueSet/marital-status",
        "code": "M",
        "display": "Married"
      }
    ]
  },
  "contact": [
    {
      "extension": [
        {
          "id": "person-id",
          "url": "https://www.digitalware.com.co/salud/fhir/extension/person-id",
          "valueIdentifier": {
            "use": "official",
            "type": {
              "coding": [
                {
                  "system": "http://terminology.hl7.org/CodeSystem/v2-0203",
                  "code": "MR",
                  "display": "Medical record number"
                },
                {
                  "system": "http://registrocivil.cl/RUN",
                  "code": "RUN",
                  "display": "Rol Único Nacional"
                }
              ]
            },
            "value": "134293887929"
          }
        }
      ],
      "relationship": [
        {
          "coding": [
            {
              "system": "http://terminology.hl7.org/CodeSystem/v2-0131",
              "code": "C",
              "display": "Emergency Contact"
            },
            {
              "system": "http://snomed.info/sct",
              "code": "66839005",
              "display": "padre"
            }
          ]
        }
      ],
      "name": {
        "text": "Jorge Jake"
      },
      "telecom": [
        {
          "system": "phone",
          "value": "+56(2)2222-2222",
          "use": "mobile"
        },
        {
          "system": "email",
          "value": "jjorge@example.com"
        }
      ],
      "address": {
        "use": "home",
        "text": "Eliodoro Yáñez NNN, depto XX, Providencia",
        "city": "Providencia",
        "state": "Región Metropolitana",
        "postalCode": "5555555",
        "country": "Chile"
      }
    }
  ],
  "link": [
    {
      "other": {
        "reference": "Patient/Example-Patient-2a6d66d1"
      },
      "type": "replaces"
    }
  ]
}