<?xml version="1.0" encoding="UTF-8"?>

<Patient xmlns="http://hl7.org/fhir">
  <id value="87356d0d-3891-45b7-b678-c623281f8b9c"/>
  <meta>
    <tag>
      <system value="http://terminology.hl7co.org/CodeSystem/common-tags"/>
      <code value="VIP"/>
      <display value="very important person"/>
    </tag>
  </meta>
  <text>
    <status value="extensions"/><div xmlns="http://www.w3.org/1999/xhtml"><p><b>Generated Narrative</b></p><h3>Texts</h3><table class="grid"><tr><td>-</td></tr><tr><td>*</td></tr></table><p><b>genderIdentity</b>: <span title="Codes: {http://snomed.info/sct 703117000}">género masculino</span></p><p><b>Birth Place</b>: Chile </p><blockquote><p><b>nationality</b></p><h3>Ids</h3><table class="grid"><tr><td>-</td></tr><tr><td>*</td></tr></table><h3>Urls</h3><table class="grid"><tr><td>-</td></tr><tr><td>*</td></tr></table><p><b>value</b>: <span title="Codes: {https://www.iso.org/iso-3166-country-codes.html CL}">Chile</span></p></blockquote><p><b>identifier</b>: Medical record number: 347827348 (OFFICIAL), id: HC-6ef0a6d7-22009365ae97 (USUAL)</p><p><b>active</b>: true</p><p><b>name</b>: Iván Marcelo Rivera Jofré (OFFICIAL), Iván Rivera(NICKNAME)</p><p><b>telecom</b>: <a href="tel:+56(2)1111-1111">+56(2)1111-1111</a>, <a href="tel:+56(2)2222-2222">+56(2)2222-2222</a>, <a href="mailto:paciente@example.com">paciente@example.com</a></p><p><b>gender</b>: male</p><p><b>birthDate</b>: 1975-08-14</p><p><b>deceased</b>: false</p><p><b>address</b>: Eliodoro Yáñez NNN, depto XX, Providencia(HOME)</p><p><b>maritalStatus</b>: <span title="Codes: {http://hl7.org/fhir/ValueSet/marital-status M}">Married</span></p><h3>Contacts</h3><table class="grid"><tr><td>-</td><td><b>Extension</b></td><td><b>Relationship</b></td><td><b>Name</b></td><td><b>Telecom</b></td><td><b>Address</b></td></tr><tr><td>*</td><td></td><td><span title="Codes: {http://terminology.hl7.org/CodeSystem/v2-0131 C}, {http://snomed.info/sct 66839005}">Emergency Contact</span></td><td>Jorge Rivera</td><td><a href="tel:+56(2)2222-2222">+56(2)2222-2222</a>, <a href="mailto:contacto@example.com">contacto@example.com</a></td><td>Eliodoro Yáñez NNN, depto XX, Providencia(HOME)</td></tr></table><h3>Links</h3><table class="grid"><tr><td>-</td><td><b>Other</b></td><td><b>Type</b></td></tr><tr><td>*</td><td><a href="Patient/2a6d66d1-6f44-49df-8ee9-6ae5c920c6ee">Patient/2a6d66d1-6f44-49df-8ee9-6ae5c920c6ee</a></td><td>replaces</td></tr></table></div>
  </text>
  <extension id="genderIdentity" url="http://hl7.org/fhir/StructureDefinition/patient-genderIdentity">
    <valueCodeableConcept>
      <coding>
        <system value="http://snomed.info/sct"/>
        <code value="703117000"/>
        <display value="g&#xE9;nero masculino"/>
      </coding>
    </valueCodeableConcept>
  </extension>
  <extension id="birthPlace" url="http://hl7.org/fhir/StructureDefinition/patient-birthPlace">
    <valueAddress>
      <country value="Chile"/>
    </valueAddress>
  </extension>
  <extension id="nationality" url="http://hl7.org/fhir/StructureDefinition/patient-nationality">
    <extension id="code" url="code">
      <valueCodeableConcept>
        <coding>
          <system value="https://www.iso.org/iso-3166-country-codes.html"/>
          <code value="CL"/>
          <display value="Chile"/>
        </coding>
      </valueCodeableConcept>
    </extension>
  </extension>
  <extension id="PatientEthnicity" url="https://www.digitalware.com.co/salud/fhir/extension/patient-ethnicity">
    <valueCodeableConcept>
      <coding>
        <system value="http://deis.cl/fhir/PueblosIndigenasMinsalDecreto643"/>
        <code value="01"/>
        <display value="Mapuche"/>
      </coding>
    </valueCodeableConcept>
  </extension>
  <identifier>
    <use value="official"/>
    <type>
      <coding>
        <system value="http://terminology.hl7.org/CodeSystem/v2-0203"/>
        <code value="MR"/>
        <display value="Medical record number"/>
      </coding>
      <coding>
        <system value="http://registrocivil.cl/RUN"/>
        <code value="RUN"/>
        <display value="Rol &#xDA;nico Nacional"/>
      </coding>
    </type>
    <value value="347827348"/>
  </identifier>
  <identifier>
    <use value="usual"/>
    <system value="https://www.digitalware.com.co/salud/fhir/patient-id"/>
    <value value="HC-6ef0a6d7-22009365ae97"/>
  </identifier>
  <active value="true"/>
  <name>
    <use value="official"/>
    <family value="Rivera Jofr&#xE9;">
      <extension id="fathers-family" url="http://hl7.org/fhir/StructureDefinition/humanname-fathers-family">
        <valueString value="Rivera"/>
      </extension>
      <extension id="mothers-family" url="http://hl7.org/fhir/StructureDefinition/humanname-mothers-family">
        <valueString value="Jofr&#xE9;"/>
      </extension>
    </family>
    <given value="Iv&#xE1;n"/>
    <given value="Marcelo"/>
  </name>
  <name>
    <use value="nickname"/>
    <text value="Iv&#xE1;n Rivera"/>
  </name>
  <telecom>
    <system value="phone"/>
    <value value="+56(2)1111-1111"/>
    <use value="home"/>
  </telecom>
  <telecom>
    <system value="phone"/>
    <value value="+56(2)2222-2222"/>
    <use value="mobile"/>
  </telecom>
  <telecom>
    <system value="email"/>
    <value value="paciente@example.com"/>
  </telecom>
  <gender value="male"/>
  <birthDate value="1975-08-14"/>
  <deceasedBoolean value="false"/>
  <address>
    <use value="home"/>
    <text value="Eliodoro Y&#xE1;&#xF1;ez NNN, depto XX, Providencia"/>
    <city value="Providencia"/>
    <state value="Regi&#xF3;n Metropolitana"/>
    <postalCode value="5555555"/>
    <country value="Chile"/>
  </address>
  <maritalStatus>
    <coding>
      <system value="http://hl7.org/fhir/ValueSet/marital-status"/>
      <code value="M"/>
      <display value="Married"/>
    </coding>
  </maritalStatus>
  <contact>
    <extension id="person-id" url="https://www.digitalware.com.co/salud/fhir/extension/person-id">
      <valueIdentifier>
        <use value="official"/>
        <type>
          <coding>
            <system value="http://terminology.hl7.org/CodeSystem/v2-0203"/>
            <code value="MR"/>
            <display value="Medical record number"/>
          </coding>
          <coding>
            <system value="http://registrocivil.cl/RUN"/>
            <code value="RUN"/>
            <display value="Rol &#xDA;nico Nacional"/>
          </coding>
        </type>
        <value value="134293887929"/>
      </valueIdentifier>
    </extension>
    <relationship>
      <coding>
        <system value="http://terminology.hl7.org/CodeSystem/v2-0131"/>
        <code value="C"/>
        <display value="Emergency Contact"/>
      </coding>
      <coding>
        <system value="http://snomed.info/sct"/>
        <code value="66839005"/>
        <display value="padre"/>
      </coding>
    </relationship>
    <name>
      <text value="Jorge Rivera"/>
    </name>
    <telecom>
      <system value="phone"/>
      <value value="+56(2)2222-2222"/>
      <use value="mobile"/>
    </telecom>
    <telecom>
      <system value="email"/>
      <value value="contacto@example.com"/>
    </telecom>
    <address>
      <use value="home"/>
      <text value="Eliodoro Y&#xE1;&#xF1;ez NNN, depto XX, Providencia"/>
      <city value="Providencia"/>
      <state value="Regi&#xF3;n Metropolitana"/>
      <postalCode value="5555555"/>
      <country value="Chile"/>
    </address>
  </contact>
  <link>
    <other>
      <reference value="Patient/2a6d66d1-6f44-49df-8ee9-6ae5c920c6ee"/>
    </other>
    <type value="replaces"/>
  </link>
</Patient>