<?xml version="1.0" encoding="UTF-8"?>

<Patient xmlns="http://hl7.org/fhir">
  <id value="Example-Patient-87356d0d"/>
  <meta>
    <tag>
      <system value="http://terminology.hl7co.org/CodeSystem/common-tags"/>
      <code value="VIP"/>
      <display value="very important person"/>
    </tag>
    <tag>
      <system value="https://hl7co.github.io/digitalware/klinic-api-fhir/CodeSystem/payors"/>
      <code value="Payor"/>
      <display value="Pagador o asegurador"/>
    </tag>
  </meta>
  <text>
    <status value="generated"/><div xmlns="http://www.w3.org/1999/xhtml"><h1>SEGMENTO NARRATIVO</h1></div>
  </text>
  <extension id="genderIdentity" url="http://hl7.org/fhir/StructureDefinition/patient-genderIdentity">
    <valueCodeableConcept>
      <coding>
        <system value="http://snomed.info/sct"/>
        <code value="703117000"/>
        <display value="Female"/>
      </coding>
    </valueCodeableConcept>
  </extension>
  <extension id="birthPlace" url="http://hl7.org/fhir/StructureDefinition/patient-birthPlace">
    <valueAddress>
      <city value="Santiago de Chile"/>
      <state value="Region Metropolitana"/>
      <country value="Chile"/>
    </valueAddress>
  </extension>
  <extension id="nationality" url="http://hl7.org/fhir/StructureDefinition/patient-nationality">
    <extension id="code" url="code">
      <valueCodeableConcept>
        <coding>
          <system value="https://www.iso.org/iso-3166-country-codes.html"/>
          <code value="CL"/>
          <display value="Chile"/>
        </coding>
      </valueCodeableConcept>
    </extension>
  </extension>
  <extension id="patientEthnicity" url="https://www.digitalware.com.co/salud/fhir/extension/patient-ethnicity">
    <valueCodeableConcept>
      <coding>
        <system value="http://deis.cl/fhir/PueblosIndigenasMinsalDecreto643"/>
        <code value="01"/>
        <display value="Mapuche"/>
      </coding>
    </valueCodeableConcept>
  </extension>
  <extension id="patientPopulationGroup" url="https://www.digitalware.com.co/salud/fhir/extension/patient-population-group">
    <valueCodeableConcept>
      <coding>
        <system value="https://www.digitalware.com.co/salud/fhir/ValueSet/population-group"/>
        <code value="01"/>
        <display value="Indigenas"/>
      </coding>
    </valueCodeableConcept>
  </extension>
  <extension id="disability" url="http://hl7.org/fhir/StructureDefinition/patient-disability">
    <valueCodeableConcept>
      <coding>
        <system value="http://snomed.info/sct"/>
        <code value="120"/>
        <display value="Fisical"/>
      </coding>
    </valueCodeableConcept>
  </extension>
  <extension id="educationalLevel" url="https://www.digitalware.com.co/salud/fhir/extension/educational-level">
    <valueCodeableConcept>
      <coding>
        <system value="https://digitalware-klinic.github.io/fhir/indisa/CodeSystem/educationalLevelChile"/>
        <code value="02"/>
        <display value="Basica"/>
      </coding>
    </valueCodeableConcept>
  </extension>
  <extension id="ocupation" url="https://www.digitalware.com.co/salud/fhir/extension/ocupation">
    <valueCodeableConcept>
      <coding>
        <system value="https://www.digitalware.com.co/salud/fhir/extension/ocupation"/>
        <code value="15"/>
        <display value="Ama de casa"/>
      </coding>
    </valueCodeableConcept>
  </extension>
  <extension id="employerOrganization" url="https://www.digitalware.com.co/salud/fhir/extension/employer-organization">
    <valueString value="Papeleria el Sol"/>
  </extension>
  <extension id="newBorn" url="https://hl7co.github.io/digitalware/klinic-api-fhir/StructureDefinition/NewBorn">
    <valueBoolean value="false"/>
  </extension>
  <extension id="religion" url="http://hl7.org/fhir/StructureDefinition/patient-religion">
    <valueCodeableConcept>
      <coding>
        <system value="http://terminology.hl7.org/CodeSystem/v3-ReligiousAffiliation"/>
        <code value="1041"/>
        <display value="Roman Catholic Church"/>
      </coding>
    </valueCodeableConcept>
  </extension>
  <extension id="culturalGroup" url="https://www.digitalware.com.co/salud/fhir/extension/patient-cultural-groups">
    <valueCodeableConcept>
      <coding>
        <system value="http://deis.cl/fhir/PueblosIndigenasMinsalDecreto643"/>
        <code value="Indio Americano"/>
        <display value="1002-5"/>
      </coding>
    </valueCodeableConcept>
  </extension>
  <identifier>
    <use value="official"/>
    <type>
      <coding>
        <system value="http://terminology.hl7.org/CodeSystem/v2-0203"/>
        <code value="NNCHL"/>
        <display value="National Person Identifier Chile"/>
      </coding>
      <coding>
        <system value="http://registrocivil.cl/RUN"/>
        <code value="RUN"/>
        <display value="Rol &#xDA;nico Nacional"/>
      </coding>
    </type>
    <value value="347827348"/>
  </identifier>
  <identifier>
    <use value="usual"/>
    <type>
      <coding>
        <system value="http://terminology.hl7.org/CodeSystem/v2-0203"/>
        <code value="MR"/>
        <display value="Medical Record Number"/>
      </coding>
    </type>
    <system value="https://www.digitalware.com.co/salud/fhir/patient-id"/>
    <value value="HC-6ef0a6d7"/>
  </identifier>
  <active value="true"/>
  <name>
    <use value="official"/>
    <family value="Jake Jofr&#xE9;">
      <extension id="fathers-family" url="http://hl7.org/fhir/StructureDefinition/humanname-fathers-family">
        <valueString value="Jake"/>
      </extension>
      <extension id="mothers-family" url="http://hl7.org/fhir/StructureDefinition/humanname-mothers-family">
        <valueString value="Jofr&#xE9;"/>
      </extension>
    </family>
    <given value="Maria"/>
    <given value="Victoria"/>
  </name>
  <name>
    <use value="nickname"/>
    <text value="Maria Jake"/>
  </name>
  <telecom>
    <system value="phone"/>
    <value value="+56(2)1111-1111"/>
    <use value="home"/>
  </telecom>
  <telecom>
    <system value="phone"/>
    <value value="+56(2)2222-2222"/>
    <use value="mobile"/>
  </telecom>
  <telecom>
    <system value="email"/>
    <value value="jjmaria@example.com"/>
  </telecom>
  <gender value="female"/>
  <birthDate value="1975-08-14"/>
  <deceasedBoolean value="false"/>
  <address>
    <use value="home"/>
    <text value="Eliodoro Y&#xE1;&#xF1;ez NNN, depto XX, Providencia"/>
    <city value="Providencia"/>
    <state value="Regi&#xF3;n Metropolitana"/>
    <postalCode value="5555555"/>
    <country value="Chile"/>
  </address>
  <maritalStatus>
    <coding>
      <system value="http://hl7.org/fhir/ValueSet/marital-status"/>
      <code value="M"/>
      <display value="Married"/>
    </coding>
  </maritalStatus>
  <contact>
    <extension id="person-id" url="https://www.digitalware.com.co/salud/fhir/extension/person-id">
      <valueIdentifier>
        <use value="official"/>
        <type>
          <coding>
            <system value="http://terminology.hl7.org/CodeSystem/v2-0203"/>
            <code value="MR"/>
            <display value="Medical record number"/>
          </coding>
          <coding>
            <system value="http://registrocivil.cl/RUN"/>
            <code value="RUN"/>
            <display value="Rol &#xDA;nico Nacional"/>
          </coding>
        </type>
        <value value="134293887929"/>
      </valueIdentifier>
    </extension>
    <relationship>
      <coding>
        <system value="http://terminology.hl7.org/CodeSystem/v2-0131"/>
        <code value="C"/>
        <display value="Emergency Contact"/>
      </coding>
      <coding>
        <system value="http://snomed.info/sct"/>
        <code value="66839005"/>
        <display value="padre"/>
      </coding>
    </relationship>
    <name>
      <text value="Jorge Jake"/>
    </name>
    <telecom>
      <system value="phone"/>
      <value value="+56(2)2222-2222"/>
      <use value="mobile"/>
    </telecom>
    <telecom>
      <system value="email"/>
      <value value="jjorge@example.com"/>
    </telecom>
    <address>
      <use value="home"/>
      <text value="Eliodoro Y&#xE1;&#xF1;ez NNN, depto XX, Providencia"/>
      <city value="Providencia"/>
      <state value="Regi&#xF3;n Metropolitana"/>
      <postalCode value="5555555"/>
      <country value="Chile"/>
    </address>
  </contact>
  <link>
    <other>
      <reference value="Patient/Example-Patient-2a6d66d1"/>
    </other>
    <type value="replaces"/>
  </link>
</Patient>