{
  "resourceType": "Practitioner",
  "id": "Example-Practitioner-09709es9d",
  "text": {
    "status": "generated",
    "div": "<div xmlns=\"http://www.w3.org/1999/xhtml\"><h1>SEGMENTO NARRATIVO</h1></div>"
  },
  "identifier": [
    {
      "use": "official",
      "type": {
        "coding": [
          {
            "system": "http://terminology.hl7.org/CodeSystem/v2-0203",
            "code": "NNCHL",
            "display": "National Person Identifier Chile"
          },
          {
            "system": "http://registrocivil.cl/RUN",
            "code": "RUN",
            "display": "Registro Unico de Nacimiento"
          }
        ]
      },
      "value": "8596788ap"
    }
  ],
  "active": true,
  "name": [
    {
      "use": "official",
      "family": "Daza Barrera",
      "_family": {
        "extension": [
          {
            "id": "fathers-family",
            "url": "http://hl7.org/fhir/StructureDefinition/humanname-fathers-family",
            "valueString": "Daza"
          },
          {
            "id": "mothers-family",
            "url": "http://hl7.org/fhir/StructureDefinition/humanname-mothers-family",
            "valueString": "Barrera"
          }
        ]
      },
      "given": [
        "Sebastian",
        "Camilo"
      ]
    }
  ],
  "telecom": [
    {
      "system": "phone",
      "value": "+56(2)1111-1111",
      "use": "home"
    },
    {
      "system": "phone",
      "value": "+56(2)2222-2222",
      "use": "mobile"
    },
    {
      "system": "email",
      "value": "dbsebastian@example.com"
    }
  ],
  "gender": "male",
  "birthDate": "1989-03-10",
  "qualification": [
    {
      "identifier": [
        {
          "use": "official",
          "type": {
            "coding": [
              {
                "system": "http://terminology.hl7.org/CodeSystem/v2-0203",
                "code": "MD",
                "display": "Medical license number"
              }
            ]
          },
          "value": "TP859678"
        }
      ],
      "code": {
        "coding": [
          {
            "system": "http://snomed.info/sct",
            "code": "309343006",
            "display": "Médico"
          }
        ]
      }
    },
    {
      "identifier": [
        {
          "use": "official",
          "type": {
            "coding": [
              {
                "system": "http://terminology.hl7.org/CodeSystem/v2-0203",
                "code": "MD",
                "display": "Medical license number"
              }
            ]
          },
          "value": "TP859678"
        }
      ],
      "code": {
        "coding": [
          {
            "system": "http://snomed.info/sct",
            "code": "83685006",
            "display": "Ginecólogo"
          }
        ]
      }
    }
  ]
}