<?xml version="1.0" encoding="UTF-8"?>

<Practitioner xmlns="http://hl7.org/fhir">
  <id value="Example-Practitioner-4290sd6n"/>
  <text>
    <status value="generated"/><div xmlns="http://www.w3.org/1999/xhtml"><p><b>Generated Narrative</b></p><h3>Texts</h3><table class="grid"><tr><td>-</td></tr><tr><td>*</td></tr></table><p><b>identifier</b>: National Person Identifier Chile: 45565700ap (OFFICIAL)</p><p><b>active</b>: true</p><p><b>name</b>: Maria Camila Perez Aristizabal (OFFICIAL)</p><p><b>telecom</b>: <a href="tel:+56(2)1111-1111">+56(2)1111-1111</a>, <a href="tel:+56(2)2222-2222">+56(2)2222-2222</a>, <a href="mailto:pamaria@example.com">pamaria@example.com</a></p><p><b>gender</b>: female</p><p><b>birthDate</b>: 1991-06-05</p><blockquote><p><b>qualification</b></p><p><b>identifier</b>: Registered Nurse: TP134907 (OFFICIAL)</p><p><b>code</b>: <span title="Codes: {http://snomed.info/sct 309343008}">Enfermera</span></p></blockquote><blockquote><p><b>qualification</b></p><p><b>identifier</b>: Registered Nurse: TP134907 (OFFICIAL)</p><p><b>code</b>: <span title="Codes: {http://snomed.info/sct 309446002}">jefa de enfermeras</span></p></blockquote></div>
  </text>
  <identifier>
    <use value="official"/>
    <type>
      <coding>
        <system value="http://terminology.hl7.org/CodeSystem/v2-0203"/>
        <code value="NNCHL"/>
        <display value="National Person Identifier Chile"/>
      </coding>
      <coding>
        <system value="http://registrocivil.cl/RUN"/>
        <code value="RUN"/>
        <display value="Registro Unico de Nacimiento"/>
      </coding>
    </type>
    <value value="45565700ap"/>
  </identifier>
  <active value="true"/>
  <name>
    <use value="official"/>
    <family value="Perez Aristizabal">
      <extension id="fathers-family" url="http://hl7.org/fhir/StructureDefinition/humanname-fathers-family">
        <valueString value="Perez"/>
      </extension>
      <extension id="mothers-family" url="http://hl7.org/fhir/StructureDefinition/humanname-mothers-family">
        <valueString value="Aristizabal"/>
      </extension>
    </family>
    <given value="Maria"/>
    <given value="Camila"/>
  </name>
  <telecom>
    <system value="phone"/>
    <value value="+56(2)1111-1111"/>
    <use value="home"/>
  </telecom>
  <telecom>
    <system value="phone"/>
    <value value="+56(2)2222-2222"/>
    <use value="mobile"/>
  </telecom>
  <telecom>
    <system value="email"/>
    <value value="pamaria@example.com"/>
  </telecom>
  <gender value="female"/>
  <birthDate value="1991-06-05"/>
  <qualification>
    <identifier>
      <use value="official"/>
      <type>
        <coding>
          <system value="http://terminology.hl7.org/CodeSystem/v2-0203"/>
          <code value="RN"/>
          <display value="Registered Nurse"/>
        </coding>
      </type>
      <value value="TP134907"/>
    </identifier>
    <code>
      <coding>
        <system value="http://snomed.info/sct"/>
        <code value="309343008"/>
        <display value="Enfermera"/>
      </coding>
    </code>
  </qualification>
  <qualification>
    <identifier>
      <use value="official"/>
      <type>
        <coding>
          <system value="http://terminology.hl7.org/CodeSystem/v2-0203"/>
          <code value="RN"/>
          <display value="Registered Nurse"/>
        </coding>
      </type>
      <value value="TP134907"/>
    </identifier>
    <code>
      <coding>
        <system value="http://snomed.info/sct"/>
        <code value="309446002"/>
        <display value="jefa de enfermeras"/>
      </coding>
    </code>
  </qualification>
</Practitioner>