{
  "resourceType": "Practitioner",
  "id": "09709es9d7a090d9f0s9d",
  "text": {
    "status": "generated",
    "div": "<div xmlns=\"http://www.w3.org/1999/xhtml\"><p><b>Generated Narrative</b></p><h3>Texts</h3><table class=\"grid\"><tr><td>-</td></tr><tr><td>*</td></tr></table><p><b>identifier</b>: Medical Record Number: 859678855 (OFFICIAL)</p><p><b>active</b>: true</p><p><b>name</b>: Sebastian Camilo Daza Barrera (OFFICIAL)</p><p><b>telecom</b>: <a href=\"tel:+56(2)1111-1111\">+56(2)1111-1111</a>, <a href=\"tel:+56(2)2222-2222\">+56(2)2222-2222</a>, <a href=\"mailto:urgencia@example.com\">urgencia@example.com</a></p><p><b>gender</b>: male</p><p><b>birthDate</b>: 1989-03-10</p><blockquote><p><b>qualification</b></p><p><b>identifier</b>: Medical license number: TP859678855 (OFFICIAL)</p><p><b>code</b>: <span title=\"Codes: {http://snomed.info/sct 309343006}\">Médico</span></p></blockquote><blockquote><p><b>qualification</b></p><p><b>identifier</b>: Medical license number: TP123456789 (OFFICIAL)</p><p><b>code</b>: <span title=\"Codes: {http://snomed.info/sct 83685006}\">Ginecólogo</span></p></blockquote></div>"
  },
  "identifier": [
    {
      "use": "official",
      "type": {
        "coding": [
          {
            "system": "http://terminology.hl7.org/CodeSystem/v2-0203",
            "code": "MR",
            "display": "Medical Record Number"
          },
          {
            "system": "http://registrocivil.cl/RUN",
            "code": "RUN",
            "display": "Registro Unico de Nacimiento"
          }
        ]
      },
      "value": "859678855"
    }
  ],
  "active": true,
  "name": [
    {
      "use": "official",
      "family": "Daza Barrera",
      "_family": {
        "extension": [
          {
            "id": "fathers-family",
            "url": "http://hl7.org/fhir/StructureDefinition/humanname-fathers-family",
            "valueString": "Daza"
          },
          {
            "id": "mothers-family",
            "url": "http://hl7.org/fhir/StructureDefinition/humanname-mothers-family",
            "valueString": "Barrera"
          }
        ]
      },
      "given": [
        "Sebastian",
        "Camilo"
      ]
    }
  ],
  "telecom": [
    {
      "system": "phone",
      "value": "+56(2)1111-1111",
      "use": "home"
    },
    {
      "system": "phone",
      "value": "+56(2)2222-2222",
      "use": "mobile"
    },
    {
      "system": "email",
      "value": "urgencia@example.com"
    }
  ],
  "gender": "male",
  "birthDate": "1989-03-10",
  "qualification": [
    {
      "identifier": [
        {
          "use": "official",
          "type": {
            "coding": [
              {
                "system": "http://terminology.hl7.org/CodeSystem/v2-0203",
                "code": "MD",
                "display": "Medical license number"
              }
            ]
          },
          "value": "TP859678855"
        }
      ],
      "code": {
        "coding": [
          {
            "system": "http://snomed.info/sct",
            "code": "309343006",
            "display": "Médico"
          }
        ]
      }
    },
    {
      "identifier": [
        {
          "use": "official",
          "type": {
            "coding": [
              {
                "system": "http://terminology.hl7.org/CodeSystem/v2-0203",
                "code": "MD",
                "display": "Medical license number"
              }
            ]
          },
          "value": "TP123456789"
        }
      ],
      "code": {
        "coding": [
          {
            "system": "http://snomed.info/sct",
            "code": "83685006",
            "display": "Ginecólogo"
          }
        ]
      }
    }
  ]
}