{
  "resourceType": "Slot",
  "id": "f261cf86-786c-46b0-bce7-0fc93aa185f6",
  "text": {
    "status": "generated",
    "div": "<div xmlns=\"http://www.w3.org/1999/xhtml\"><p><b>Generated Narrative</b></p><h3>Texts</h3><table class=\"grid\"><tr><td>-</td></tr><tr><td>*</td></tr></table><p><b>serviceType</b>: <span title=\"Codes: {http://hl7.org/fhir/ValueSet/service-type 117}\">Emergency Medical</span></p><p><b>appointmentType</b>: <span title=\"Codes: {http://terminology.hl7.org/CodeSystem/v2-0276 EMERGENCY}\">Emergency appointment</span></p><p><b>schedule</b>: <a href=\"Schedule/Schedule.id\">Schedule/Schedule.id</a></p><p><b>status</b>: free</p><p><b>start</b>: 20/01/2021, 8:00:00 a. m.</p><p><b>end</b>: 20/01/2021, 8:30:00 a. m.</p><p><b>overbooked</b>: true</p><p><b>comment</b>: No atención los fds</p></div>"
  },
  "serviceType": [
    {
      "coding": [
        {
          "system": "http://hl7.org/fhir/ValueSet/service-type",
          "code": "117",
          "display": "Emergency Medical"
        }
      ]
    }
  ],
  "appointmentType": {
    "coding": [
      {
        "system": "http://terminology.hl7.org/CodeSystem/v2-0276",
        "code": "EMERGENCY",
        "display": "Emergency appointment"
      }
    ]
  },
  "schedule": {
    "reference": "Schedule/Schedule.id"
  },
  "status": "free",
  "start": "2021-01-20T08:00:00-05:00",
  "end": "2021-01-20T08:30:00-05:00",
  "overbooked": true,
  "comment": "No atención los fds"
}