{
  "package": "fhir.digital-ware.klinic-api-fhir",
  "version": "1.0",
  "fhirVersion": "4.0.1",
  "extensions": [
    {
      "url": "https://digitalware-klinic.github.io/fhir/indisa/StructureDefinition/AvailableTelemedicine",
      "title": "Admite telemedicina:",
      "types": [
        "boolean"
      ]
    },
    {
      "url": "https://digitalware-klinic.github.io/fhir/indisa/StructureDefinition/BedWithOxygen",
      "title": "BedWithOxygen",
      "types": [
        "boolean"
      ]
    },
    {
      "url": "https://digitalware-klinic.github.io/fhir/indisa/StructureDefinition/BirthPlace",
      "title": "Lugar de nacimiento",
      "types": [
        "Address",
        "string",
        "Extension",
        "code",
        "code",
        "string",
        "string",
        "string",
        "string",
        "string",
        "string",
        "string",
        "Period"
      ]
    },
    {
      "url": "https://digitalware-klinic.github.io/fhir/indisa/StructureDefinition/CancelationDateTime",
      "title": "Fecha/Hora cancelacion cita",
      "types": [
        "dateTime"
      ]
    },
    {
      "url": "https://digitalware-klinic.github.io/fhir/indisa/StructureDefinition/CancelationSanction",
      "title": "Sancion cancelacion cita",
      "types": [
        "CodeableConcept"
      ]
    },
    {
      "url": "https://digitalware-klinic.github.io/fhir/indisa/StructureDefinition/Census",
      "title": "Census",
      "types": [
        "boolean"
      ]
    },
    {
      "url": "https://digitalware-klinic.github.io/fhir/indisa/StructureDefinition/ChargeBed",
      "title": "ChargeBed",
      "types": [
        "boolean"
      ]
    },
    {
      "url": "https://digitalware-klinic.github.io/fhir/indisa/StructureDefinition/Disability",
      "title": "Discapacidad del paciente",
      "types": [
        "CodeableConcept",
        "string",
        "Extension",
        "Coding",
        "string",
        "Extension",
        "uri",
        "string",
        "code",
        "string",
        "boolean",
        "string"
      ]
    },
    {
      "url": "https://digitalware-klinic.github.io/fhir/indisa/StructureDefinition/EducationalLevel",
      "title": "Nivel educativo paciente",
      "types": [
        "CodeableConcept",
        "string",
        "Extension",
        "Coding",
        "string",
        "Extension",
        "uri",
        "string",
        "code",
        "string",
        "boolean",
        "string"
      ]
    },
    {
      "url": "https://digitalware-klinic.github.io/fhir/indisa/StructureDefinition/EmployerOrganization",
      "title": "Empresa paciente",
      "types": [
        "canonical",
        "string",
        "Extension",
        "string"
      ]
    },
    {
      "url": "https://digitalware-klinic.github.io/fhir/indisa/StructureDefinition/Fathersfamily",
      "title": "Primer Apellido del profesional de salud",
      "types": [
        "string"
      ]
    },
    {
      "url": "https://digitalware-klinic.github.io/fhir/indisa/StructureDefinition/GenderIdentity",
      "title": "Identidad de genero",
      "types": [
        "CodeableConcept",
        "string",
        "Extension",
        "Coding",
        "string",
        "Extension",
        "uri",
        "string",
        "code",
        "string",
        "boolean",
        "string"
      ]
    },
    {
      "url": "https://digitalware-klinic.github.io/fhir/indisa/StructureDefinition/IdExpeditionPlace",
      "title": "Lugar expedicion identificacion paciente",
      "types": [
        "Address",
        "string",
        "Extension",
        "code",
        "code",
        "string",
        "string",
        "string",
        "string",
        "string",
        "string",
        "string",
        "Period"
      ]
    },
    {
      "url": "https://digitalware-klinic.github.io/fhir/indisa/StructureDefinition/Mothersfamily",
      "title": "Segundo apellido del profesional de salud",
      "types": [
        "string"
      ]
    },
    {
      "url": "https://digitalware-klinic.github.io/fhir/indisa/StructureDefinition/MultipleOccupation",
      "title": "MultipleOccupation",
      "types": [
        "boolean"
      ]
    },
    {
      "url": "https://digitalware-klinic.github.io/fhir/indisa/StructureDefinition/Nationality",
      "title": "Nacionalidad del paciente",
      "types": [
        "CodeableConcept",
        "string",
        "Extension",
        "Coding",
        "string",
        "Extension",
        "uri",
        "string",
        "code",
        "string",
        "boolean",
        "string"
      ]
    },
    {
      "url": "https://digitalware-klinic.github.io/fhir/indisa/StructureDefinition/NewBorn",
      "title": "Recien Nacido",
      "types": [
        "boolean"
      ]
    },
    {
      "url": "https://digitalware-klinic.github.io/fhir/indisa/StructureDefinition/Ocupation",
      "title": "Ocupacion del paciente",
      "types": [
        "CodeableConcept",
        "string",
        "Extension",
        "Coding",
        "string",
        "Extension",
        "uri",
        "string",
        "code",
        "string",
        "boolean",
        "string"
      ]
    },
    {
      "url": "https://digitalware-klinic.github.io/fhir/indisa/StructureDefinition/OrganizationName",
      "title": "OrganizationName",
      "types": [
        "string"
      ]
    },
    {
      "url": "https://digitalware-klinic.github.io/fhir/indisa/StructureDefinition/OrganizationTelecom",
      "title": "Telefono empresa paciente",
      "types": [
        "ContactPoint",
        "string",
        "Extension",
        "code",
        "string",
        "code",
        "positiveInt",
        "Period"
      ]
    },
    {
      "url": "https://digitalware-klinic.github.io/fhir/indisa/StructureDefinition/PatientEthnicity",
      "title": "Grupo etnico paciente",
      "types": [
        "CodeableConcept",
        "string",
        "Extension",
        "Coding",
        "string",
        "Extension",
        "uri",
        "string",
        "code",
        "string",
        "boolean",
        "string"
      ]
    },
    {
      "url": "https://digitalware-klinic.github.io/fhir/indisa/StructureDefinition/PatientPopulationGroup",
      "title": "Grupo pobacional paciente",
      "types": [
        "CodeableConcept",
        "string",
        "Extension",
        "Coding",
        "string",
        "Extension",
        "uri",
        "string",
        "code",
        "string",
        "boolean",
        "string"
      ]
    },
    {
      "url": "https://digitalware-klinic.github.io/fhir/indisa/StructureDefinition/Personid",
      "title": "Identificacion del paciente",
      "types": [
        "Identifier",
        "string",
        "Extension",
        "code",
        "CodeableConcept",
        "string",
        "Extension",
        "Coding",
        "Coding",
        "string",
        "Extension",
        "uri",
        "string",
        "code",
        "string",
        "boolean",
        "Coding",
        "string",
        "Extension",
        "uri",
        "string",
        "code",
        "string",
        "boolean",
        "string",
        "uri",
        "string",
        "Period",
        "Reference"
      ]
    },
    {
      "url": "https://digitalware-klinic.github.io/fhir/indisa/StructureDefinition/QuotaPatient",
      "title": "Cupo pacientes:",
      "types": [
        "integer"
      ]
    },
    {
      "url": "https://digitalware-klinic.github.io/fhir/indisa/StructureDefinition/RegionalLocationIdentifier",
      "title": "Identificador regional",
      "types": [
        "Identifier",
        "string",
        "Extension",
        "code",
        "CodeableConcept",
        "uri",
        "string",
        "Period",
        "Reference"
      ]
    },
    {
      "url": "https://digitalware-klinic.github.io/fhir/indisa/StructureDefinition/ServicePartOf",
      "title": "Subservicio",
      "types": [
        "Reference",
        "string",
        "Extension",
        "string",
        "uri",
        "Identifier",
        "string"
      ]
    },
    {
      "url": "https://digitalware-klinic.github.io/fhir/indisa/StructureDefinition/VirtualBed",
      "title": "VirtualBed",
      "types": [
        "boolean"
      ]
    },
    {
      "url": "https://digitalware-klinic.github.io/fhir/indisa/StructureDefinition/hoursOfOperation",
      "title": "HoursOfOperation",
      "types": [
        "code",
        "time",
        "time",
        "base64Binary",
        "boolean",
        "canonical",
        "code",
        "date",
        "dateTime",
        "decimal",
        "id",
        "instant",
        "integer",
        "markdown",
        "oid",
        "positiveInt",
        "string",
        "time",
        "unsignedInt",
        "uri",
        "url",
        "uuid",
        "Address",
        "Age",
        "Annotation",
        "Attachment",
        "CodeableConcept",
        "Coding",
        "ContactPoint",
        "Count",
        "Distance",
        "Duration",
        "HumanName",
        "Identifier",
        "Money",
        "Period",
        "Quantity",
        "Range",
        "Ratio",
        "Reference",
        "SampledData",
        "Signature",
        "Timing",
        "ContactDetail",
        "Contributor",
        "DataRequirement",
        "Expression",
        "ParameterDefinition",
        "RelatedArtifact",
        "TriggerDefinition",
        "UsageContext",
        "Dosage",
        "Meta"
      ]
    }
  ],
  "profiles": {
    "Location": [
      {
        "url": "https://digitalware-klinic.github.io/fhir/indisa/StructureDefinition/LocationAreaKlinic",
        "title": "LocationAreaKlinic"
      },
      {
        "url": "https://digitalware-klinic.github.io/fhir/indisa/StructureDefinition/LocationBedKlinic",
        "title": "LocationBedKlinic"
      },
      {
        "url": "https://digitalware-klinic.github.io/fhir/indisa/StructureDefinition/LocationBuildingKlinic",
        "title": "LocationBuildingKlinic"
      },
      {
        "url": "https://digitalware-klinic.github.io/fhir/indisa/StructureDefinition/LocationFunctionalUnitKlinic",
        "title": "LocationFunctionalUnitKlinic"
      },
      {
        "url": "https://digitalware-klinic.github.io/fhir/indisa/StructureDefinition/LocationRoomKlinic",
        "title": "LocationRoomKlinic"
      }
    ],
    "Organization": [
      {
        "url": "https://digitalware-klinic.github.io/fhir/indisa/StructureDefinition/OrganizationHealthcareProvider",
        "title": "OrganizationHealthcareProvider"
      }
    ],
    "Patient": [
      {
        "url": "https://digitalware-klinic.github.io/fhir/indisa/StructureDefinition/PatientKlinic",
        "title": "Patient Klinic API FHIR"
      }
    ],
    "Appointment": [
      {
        "url": "https://digitalware-klinic.github.io/fhir/indisa/StructureDefinition/PerfilAppointment",
        "title": "PerfilAppointment"
      }
    ],
    "Practitioner": [
      {
        "url": "https://digitalware-klinic.github.io/fhir/indisa/StructureDefinition/PractitionerKlinic",
        "title": "PractitionerKlinic"
      }
    ],
    "HealthcareService": [
      {
        "url": "https://digitalware-klinic.github.io/fhir/indisa/StructureDefinition/ProfileHealthcareService",
        "title": "HealthcareService"
      }
    ],
    "Schedule": [
      {
        "url": "https://digitalware-klinic.github.io/fhir/indisa/StructureDefinition/ProfileSchedule",
        "title": "Schedule patient"
      }
    ],
    "Slot": [
      {
        "url": "https://digitalware-klinic.github.io/fhir/indisa/StructureDefinition/SlotKlinic",
        "title": "SlotKlinic"
      }
    ]
  },
  "usage": {
    "Organization/Organization.id": [
      "Organization.partOf"
    ],
    "http://hl7.org/fhir/StructureDefinition/Location-BedWithOxygen": [
      "Location"
    ],
    "http://hl7.org/fhir/StructureDefinition/Location-Census": [
      "Location"
    ],
    "http://hl7.org/fhir/StructureDefinition/Location-ChargeBed": [
      "Location"
    ],
    "http://hl7.org/fhir/StructureDefinition/Location-VirtualBed": [
      "Location"
    ],
    "http://hl7.org/fhir/StructureDefinition/elementdefinition-bestpractice": [
      "StructureDefinition.snapshot.element.constraint"
    ],
    "http://hl7.org/fhir/StructureDefinition/elementdefinition-bestpractice-explanation": [
      "StructureDefinition.snapshot.element.constraint"
    ],
    "http://hl7.org/fhir/StructureDefinition/elementdefinition-bindingName": [
      "StructureDefinition.snapshot.element.binding"
    ],
    "http://hl7.org/fhir/StructureDefinition/elementdefinition-isCommonBinding": [
      "StructureDefinition.snapshot.element.binding"
    ],
    "http://hl7.org/fhir/StructureDefinition/elementdefinition-maxValueSet": [
      "StructureDefinition.snapshot.element.binding"
    ],
    "http://hl7.org/fhir/StructureDefinition/elementdefinition-translatable": [
      "StructureDefinition.snapshot.element"
    ],
    "http://hl7.org/fhir/StructureDefinition/humanname-fathers-family": [
      "Patient.name.family",
      "Practitioner.name.family"
    ],
    "http://hl7.org/fhir/StructureDefinition/humanname-mothers-family": [
      "Patient.name.family",
      "Practitioner.name.family"
    ],
    "http://hl7.org/fhir/StructureDefinition/patient-birthPlace": [
      "Patient"
    ],
    "http://hl7.org/fhir/StructureDefinition/patient-genderIdentity": [
      "Patient"
    ],
    "http://hl7.org/fhir/StructureDefinition/patient-nationality": [
      "Patient"
    ],
    "http://hl7.org/fhir/StructureDefinition/regex": [
      "StructureDefinition.snapshot.element.type"
    ],
    "http://hl7.org/fhir/StructureDefinition/structuredefinition-category": [
      "StructureDefinition"
    ],
    "http://hl7.org/fhir/StructureDefinition/structuredefinition-explicit-type-name": [
      "StructureDefinition.snapshot.element"
    ],
    "http://hl7.org/fhir/StructureDefinition/structuredefinition-fhir-type": [
      "StructureDefinition.snapshot.element.type"
    ],
    "http://hl7.org/fhir/StructureDefinition/structuredefinition-hierarchy": [
      "StructureDefinition.snapshot.element.type"
    ],
    "http://hl7.org/fhir/StructureDefinition/structuredefinition-security-category": [
      "StructureDefinition"
    ],
    "http://hl7.org/fhir/tools/StructureDefinition/ig-parameter": [
      "ImplementationGuide.definition"
    ],
    "http://hl7.org/fhir/tools/StructureDefinition/resource-information": [
      "ImplementationGuide.definition.resource"
    ],
    "https://digitalware-klinic.github.io/fhir/indisa/StructureDefinition/AvailableTelemedicine": [
      "Schedule"
    ],
    "https://digitalware-klinic.github.io/fhir/indisa/StructureDefinition/BedWithOxygen": [
      "Location"
    ],
    "https://digitalware-klinic.github.io/fhir/indisa/StructureDefinition/BirthPlace": [
      "Patient"
    ],
    "https://digitalware-klinic.github.io/fhir/indisa/StructureDefinition/CancelationDateTime": [
      "Appointment"
    ],
    "https://digitalware-klinic.github.io/fhir/indisa/StructureDefinition/CancelationSanction": [
      "Appointment"
    ],
    "https://digitalware-klinic.github.io/fhir/indisa/StructureDefinition/Census": [
      "Location"
    ],
    "https://digitalware-klinic.github.io/fhir/indisa/StructureDefinition/ChargeBed": [
      "Location"
    ],
    "https://digitalware-klinic.github.io/fhir/indisa/StructureDefinition/Disability": [
      "Patient"
    ],
    "https://digitalware-klinic.github.io/fhir/indisa/StructureDefinition/EducationalLevel": [
      "Patient"
    ],
    "https://digitalware-klinic.github.io/fhir/indisa/StructureDefinition/EmployerOrganization": [
      "Patient"
    ],
    "https://digitalware-klinic.github.io/fhir/indisa/StructureDefinition/GenderIdentity": [
      "Patient"
    ],
    "https://digitalware-klinic.github.io/fhir/indisa/StructureDefinition/MultipleOccupation": [
      "Location"
    ],
    "https://digitalware-klinic.github.io/fhir/indisa/StructureDefinition/Nationality": [
      "Patient"
    ],
    "https://digitalware-klinic.github.io/fhir/indisa/StructureDefinition/NewBorn": [
      "Patient"
    ],
    "https://digitalware-klinic.github.io/fhir/indisa/StructureDefinition/Ocupation": [
      "Patient"
    ],
    "https://digitalware-klinic.github.io/fhir/indisa/StructureDefinition/PatientEthnicity": [
      "Patient"
    ],
    "https://digitalware-klinic.github.io/fhir/indisa/StructureDefinition/PatientPopulationGroup": [
      "Patient"
    ],
    "https://digitalware-klinic.github.io/fhir/indisa/StructureDefinition/Personid": [
      "Patient.contact"
    ],
    "https://digitalware-klinic.github.io/fhir/indisa/StructureDefinition/QuotaPatient": [
      "Schedule"
    ],
    "https://digitalware-klinic.github.io/fhir/indisa/StructureDefinition/RegionalLocationIdentifier": [
      "Patient.address.city",
      "Patient.address.country",
      "Patient.address.district",
      "Patient.address.state"
    ],
    "https://digitalware-klinic.github.io/fhir/indisa/StructureDefinition/ServicePartOf": [
      "HealthcareService"
    ],
    "https://digitalware-klinic.github.io/fhir/indisa/StructureDefinition/VirtualBed": [
      "Location"
    ],
    "https://digitalware-klinic.github.io/fhir/indisa/StructureDefinition/hoursOfOperation": [
      "Schedule.planningHorizon"
    ],
    "https://www.digitalware.com.co/salud/fhir/StructureDefinition/available-telemedicine": [
      "Schedule"
    ],
    "https://www.digitalware.com.co/salud/fhir/StructureDefinition/quota-patients": [
      "Schedule"
    ],
    "https://www.digitalware.com.co/salud/fhir/StructureDefinition/slots-time": [
      "Schedule"
    ],
    "https://www.digitalware.com.co/salud/fhir/StrutureDefinition/cancelation-datetime": [
      "Appointment"
    ],
    "https://www.digitalware.com.co/salud/fhir/StrutureDefinition/cancelation-sanction": [
      "Appointment"
    ],
    "https://www.digitalware.com.co/salud/fhir/StrutureDefinition/hours-of-operation": [
      "Schedule.planningHorizon"
    ],
    "https://www.digitalware.com.co/salud/fhir/extension/patient-ethnicity": [
      "Patient"
    ],
    "https://www.digitalware.com.co/salud/fhir/extension/person-id": [
      "Patient.contact"
    ],
    "https://www.digitalware.com.co/salud/fhir/extension/servicePartOf": [
      "HealthcareService"
    ]
  }
}