{"resourceType":"CodeSystem","id":"educationalLevelChile","text":{"status":"generated","div":"<div xmlns=\"http://www.w3.org/1999/xhtml\"><p>This code system https://digitalware-klinic.github.io/fhir/indisa/CodeSystem/educationalLevelChile defines the following codes:</p><table class=\"codes\"><tr><td style=\"white-space:nowrap\"><b>Code</b></td></tr></table></div>"},"url":"https://digitalware-klinic.github.io/fhir/indisa/CodeSystem/educationalLevelChile","version":"1.0","name":"educationalLevelChile","title":"Nivel Educativo Chile","status":"active","date":"2021-02-04","publisher":"DigitalWare S.A. - Klinic-HIS","content":"complete"}