{"resourceType":"CodeSystem","id":"ISAPRES","text":{"status":"generated","div":"<div xmlns=\"http://www.w3.org/1999/xhtml\"><p>This code system https://digitalware-klinic.github.io/fhir/indisa/CodeSystem-ISAPRES defines the following codes:</p><table class=\"codes\"><tr><td style=\"white-space:nowrap\"><b>Code</b></td><td><b>Display</b></td><td><b>Definition</b></td></tr><tr><td style=\"white-space:nowrap\">ec20<a name=\"ISAPRES-ec20\"> </a></td><td>Banmédica</td><td>Please. Request a description of this concept from INDISA.</td></tr><tr><td style=\"white-space:nowrap\">c870<a name=\"ISAPRES-c870\"> </a></td><td>Chuquicamata</td><td>Please. Request a description of this concept from INDISA.</td></tr><tr><td style=\"white-space:nowrap\">b25c<a name=\"ISAPRES-b25c\"> </a></td><td>Colmena Golden Cross</td><td>Please. Request a description of this concept from INDISA.</td></tr><tr><td style=\"white-space:nowrap\">3e99<a name=\"ISAPRES-3e99\"> </a></td><td>Consalud</td><td>Please. Request a description of this concept from INDISA.</td></tr><tr><td style=\"white-space:nowrap\">db2d<a name=\"ISAPRES-db2d\"> </a></td><td>Cruz Blanca</td><td>Please. Request a description of this concept from INDISA.</td></tr><tr><td style=\"white-space:nowrap\">fcb3<a name=\"ISAPRES-fcb3\"> </a></td><td>Cruz del Norte</td><td>Please. Request a description of this concept from INDISA.</td></tr><tr><td style=\"white-space:nowrap\">43eb<a name=\"ISAPRES-43eb\"> </a></td><td>Nueva Masvida</td><td>Please. Request a description of this concept from INDISA.</td></tr><tr><td style=\"white-space:nowrap\">745d<a name=\"ISAPRES-745d\"> </a></td><td>Fundación</td><td>Please. Request a description of this concept from INDISA.</td></tr><tr><td style=\"white-space:nowrap\">05ea<a name=\"ISAPRES-05ea\"> </a></td><td>Río Blanco</td><td>Please. Request a description of this concept from INDISA.</td></tr><tr><td style=\"white-space:nowrap\">406b<a name=\"ISAPRES-406b\"> </a></td><td>San Lorenzo</td><td>Please. Request a description of this concept from INDISA.</td></tr><tr><td style=\"white-space:nowrap\">9a65<a name=\"ISAPRES-9a65\"> </a></td><td>Vida Tres</td><td>Please. Request a description of this concept from INDISA.</td></tr></table></div>"},"url":"https://digitalware-klinic.github.io/fhir/indisa/CodeSystem-ISAPRES","version":"1.0","name":"ISAPRES","status":"active","experimental":false,"date":"2021-02-11","publisher":"DigitalWare S.A. - Klinic-HIS","contact":[{"telecom":[{"system":"url","value":"https://www.digitalware.com.co"}]}],"description":"This is a coding system that contains the insurance organizations classified in ISAPRES..","caseSensitive":true,"content":"complete","concept":[{"code":"ec20","display":"Banmédica","definition":"Please. Request a description of this concept from INDISA."},{"code":"c870","display":"Chuquicamata","definition":"Please. Request a description of this concept from INDISA."},{"code":"b25c","display":"Colmena Golden Cross","definition":"Please. Request a description of this concept from INDISA."},{"code":"3e99","display":"Consalud","definition":"Please. Request a description of this concept from INDISA."},{"code":"db2d","display":"Cruz Blanca","definition":"Please. Request a description of this concept from INDISA."},{"code":"fcb3","display":"Cruz del Norte","definition":"Please. Request a description of this concept from INDISA."},{"code":"43eb","display":"Nueva Masvida","definition":"Please. Request a description of this concept from INDISA."},{"code":"745d","display":"Fundación","definition":"Please. Request a description of this concept from INDISA."},{"code":"05ea","display":"Río Blanco","definition":"Please. Request a description of this concept from INDISA."},{"code":"406b","display":"San Lorenzo","definition":"Please. Request a description of this concept from INDISA."},{"code":"9a65","display":"Vida Tres","definition":"Please. Request a description of this concept from INDISA."}]}