{"resourceType":"ImplementationGuide","id":"fhir.digital-ware.klinic-api-fhir","text":{"status":"extensions","div":"<div xmlns=\"http://www.w3.org/1999/xhtml\"><h2>klinicapifhir</h2><p>The official URL for this implementation guide is: </p><pre>https://digitalware-klinic.github.io/fhir/indisa/ImplementationGuide/fhir.digital-ware.klinic-api-fhir</pre><div><p>FHIR implementation guide for Klinic API FHIR (Klinic-HIS) interoperability scenarios, edited by DigitalWare S.A.</p>\n</div></div>"},"url":"https://digitalware-klinic.github.io/fhir/indisa/ImplementationGuide/fhir.digital-ware.klinic-api-fhir","version":"1.0","name":"klinicapifhir","title":"Klinic API FHIR Implementation Guide: IG Release 1 - Digital Ware S.A.","status":"active","date":"2021-02-18T06:24:32-05:00","publisher":"DigitalWare S.A. - Klinic-HIS","description":"FHIR implementation guide for Klinic API FHIR (Klinic-HIS) interoperability scenarios, edited by DigitalWare S.A.","packageId":"fhir.digital-ware.klinic-api-fhir","license":"CC0-1.0","fhirVersion":["4.0.1"],"definition":{"extension":[{"extension":[{"url":"code","valueString":"copyrightyear"},{"url":"value","valueString":"2021+"}],"url":"http://hl7.org/fhir/tools/StructureDefinition/ig-parameter"},{"extension":[{"url":"code","valueString":"releaselabel"},{"url":"value","valueString":"trial-use"}],"url":"http://hl7.org/fhir/tools/StructureDefinition/ig-parameter"},{"extension":[{"url":"code","valueString":"path-liquid"},{"url":"value","valueString":"template/liquid"}],"url":"http://hl7.org/fhir/tools/StructureDefinition/ig-parameter"},{"extension":[{"url":"code","valueString":"path-liquid"},{"url":"value","valueString":"input/liquid"}],"url":"http://hl7.org/fhir/tools/StructureDefinition/ig-parameter"},{"extension":[{"url":"code","valueString":"path-qa"},{"url":"value","valueString":"temp/qa"}],"url":"http://hl7.org/fhir/tools/StructureDefinition/ig-parameter"},{"extension":[{"url":"code","valueString":"path-temp"},{"url":"value","valueString":"temp/pages"}],"url":"http://hl7.org/fhir/tools/StructureDefinition/ig-parameter"},{"extension":[{"url":"code","valueString":"path-output"},{"url":"value","valueString":"output"}],"url":"http://hl7.org/fhir/tools/StructureDefinition/ig-parameter"},{"extension":[{"url":"code","valueString":"path-suppressed-warnings"},{"url":"value","valueString":"input/ignoreWarnings.txt"}],"url":"http://hl7.org/fhir/tools/StructureDefinition/ig-parameter"},{"extension":[{"url":"code","valueString":"path-history"},{"url":"value","valueString":"https://digitalware-klinic.github.io/fhir/indisa/history.html"}],"url":"http://hl7.org/fhir/tools/StructureDefinition/ig-parameter"},{"extension":[{"url":"code","valueString":"template-html"},{"url":"value","valueString":"template-page.html"}],"url":"http://hl7.org/fhir/tools/StructureDefinition/ig-parameter"},{"extension":[{"url":"code","valueString":"template-md"},{"url":"value","valueString":"template-page-md.html"}],"url":"http://hl7.org/fhir/tools/StructureDefinition/ig-parameter"},{"extension":[{"url":"code","valueString":"apply-contact"},{"url":"value","valueString":"true"}],"url":"http://hl7.org/fhir/tools/StructureDefinition/ig-parameter"},{"extension":[{"url":"code","valueString":"apply-context"},{"url":"value","valueString":"true"}],"url":"http://hl7.org/fhir/tools/StructureDefinition/ig-parameter"},{"extension":[{"url":"code","valueString":"apply-copyright"},{"url":"value","valueString":"true"}],"url":"http://hl7.org/fhir/tools/StructureDefinition/ig-parameter"},{"extension":[{"url":"code","valueString":"apply-jurisdiction"},{"url":"value","valueString":"true"}],"url":"http://hl7.org/fhir/tools/StructureDefinition/ig-parameter"},{"extension":[{"url":"code","valueString":"apply-license"},{"url":"value","valueString":"true"}],"url":"http://hl7.org/fhir/tools/StructureDefinition/ig-parameter"},{"extension":[{"url":"code","valueString":"apply-publisher"},{"url":"value","valueString":"true"}],"url":"http://hl7.org/fhir/tools/StructureDefinition/ig-parameter"},{"extension":[{"url":"code","valueString":"apply-version"},{"url":"value","valueString":"true"}],"url":"http://hl7.org/fhir/tools/StructureDefinition/ig-parameter"},{"extension":[{"url":"code","valueString":"active-tables"},{"url":"value","valueString":"true"}],"url":"http://hl7.org/fhir/tools/StructureDefinition/ig-parameter"}],"grouping":[{"id":"_str_profile","name":"Structures: Resource Profiles","description":"These define constraints on FHIR resources for systems conforming to this implementation guide"},{"id":"_str_extension","name":"Structures: Extension Definitions","description":"These define constraints on FHIR data types for systems conforming to this implementation guide"},{"id":"_term_codesystem","name":"Terminology: Code Systems","description":"These define new code systems used by systems conforming to this implementation guide"},{"id":"_ex_example","name":"Example: Example Instances","description":"These are example instances that show what data produced and consumed by systems conforming with this implementation guide might look like"}],"resource":[{"extension":[{"url":"http://hl7.org/fhir/StructureDefinition/implementationguide-page","valueUri":"StructureDefinition-LocationAreaKlinic.html"}],"reference":{"reference":"StructureDefinition/LocationAreaKlinic"},"name":"LocationAreaKlinic","exampleBoolean":false,"groupingId":"_str_profile"},{"extension":[{"url":"http://hl7.org/fhir/StructureDefinition/implementationguide-page","valueUri":"StructureDefinition-LocationBedKlinic.html"}],"reference":{"reference":"StructureDefinition/LocationBedKlinic"},"name":"LocationBedKlinic","exampleBoolean":false,"groupingId":"_str_profile"},{"extension":[{"url":"http://hl7.org/fhir/StructureDefinition/implementationguide-page","valueUri":"StructureDefinition-LocationBuildingKlinic.html"}],"reference":{"reference":"StructureDefinition/LocationBuildingKlinic"},"name":"LocationBuildingKlinic","exampleBoolean":false,"groupingId":"_str_profile"},{"extension":[{"url":"http://hl7.org/fhir/StructureDefinition/implementationguide-page","valueUri":"StructureDefinition-LocationFunctionalUnitKlinic.html"}],"reference":{"reference":"StructureDefinition/LocationFunctionalUnitKlinic"},"name":"LocationFunctionalUnitKlinic","exampleBoolean":false,"groupingId":"_str_profile"},{"extension":[{"url":"http://hl7.org/fhir/StructureDefinition/implementationguide-page","valueUri":"StructureDefinition-LocationRoomKlinic.html"}],"reference":{"reference":"StructureDefinition/LocationRoomKlinic"},"name":"LocationRoomKlinic","exampleBoolean":false,"groupingId":"_str_profile"},{"extension":[{"url":"http://hl7.org/fhir/StructureDefinition/implementationguide-page","valueUri":"StructureDefinition-OrganizationHealthcareProvider.html"}],"reference":{"reference":"StructureDefinition/OrganizationHealthcareProvider"},"name":"OrganizationHealthcareProvider","exampleBoolean":false,"groupingId":"_str_profile"},{"extension":[{"url":"http://hl7.org/fhir/StructureDefinition/implementationguide-page","valueUri":"StructureDefinition-PractitionerKlinic.html"}],"reference":{"reference":"StructureDefinition/PractitionerKlinic"},"name":"PractitionerKlinic","exampleBoolean":false,"groupingId":"_str_profile"},{"extension":[{"url":"http://hl7.org/fhir/StructureDefinition/implementationguide-page","valueUri":"StructureDefinition-ProfileAccountKlinic.html"}],"reference":{"reference":"StructureDefinition/ProfileAccountKlinic"},"name":"Account","description":"Account patient","exampleBoolean":false,"groupingId":"_str_profile"},{"extension":[{"url":"http://hl7.org/fhir/StructureDefinition/implementationguide-page","valueUri":"StructureDefinition-ProfileAppointment.html"}],"reference":{"reference":"StructureDefinition/ProfileAppointment"},"name":"ProfileAppointment","exampleBoolean":false,"groupingId":"_str_profile"},{"extension":[{"url":"http://hl7.org/fhir/StructureDefinition/implementationguide-page","valueUri":"StructureDefinition-ProfileCoverageKlinic.html"}],"reference":{"reference":"StructureDefinition/ProfileCoverageKlinic"},"name":"Coverage patient","description":"patient's health coverage policy.","exampleBoolean":false,"groupingId":"_str_profile"},{"extension":[{"url":"http://hl7.org/fhir/StructureDefinition/implementationguide-page","valueUri":"StructureDefinition-ProfileEncounterKlinic.html"}],"reference":{"reference":"StructureDefinition/ProfileEncounterKlinic"},"name":"Encounter","description":"Encounter of Patient.","exampleBoolean":false,"groupingId":"_str_profile"},{"extension":[{"url":"http://hl7.org/fhir/StructureDefinition/implementationguide-page","valueUri":"StructureDefinition-ProfileHealthcareService.html"}],"reference":{"reference":"StructureDefinition/ProfileHealthcareService"},"name":"HealthcareService","exampleBoolean":false,"groupingId":"_str_profile"},{"extension":[{"url":"http://hl7.org/fhir/StructureDefinition/implementationguide-page","valueUri":"StructureDefinition-ProfilePatientKlinic.html"}],"reference":{"reference":"StructureDefinition/ProfilePatientKlinic"},"name":"Patient","description":"HL7 FHIR profile for Patient resource refined for Klinic API FHIR context.","exampleBoolean":false,"groupingId":"_str_profile"},{"extension":[{"url":"http://hl7.org/fhir/StructureDefinition/implementationguide-page","valueUri":"StructureDefinition-ProfileSchedule.html"}],"reference":{"reference":"StructureDefinition/ProfileSchedule"},"name":"Schedule patient","description":"Schedule patient","exampleBoolean":false,"groupingId":"_str_profile"},{"extension":[{"url":"http://hl7.org/fhir/StructureDefinition/implementationguide-page","valueUri":"StructureDefinition-ProfileServiceRequestKlinic.html"}],"reference":{"reference":"StructureDefinition/ProfileServiceRequestKlinic"},"name":"Service Request","description":"Service request","exampleBoolean":false,"groupingId":"_str_profile"},{"extension":[{"url":"http://hl7.org/fhir/StructureDefinition/implementationguide-page","valueUri":"StructureDefinition-SlotKlinic.html"}],"reference":{"reference":"StructureDefinition/SlotKlinic"},"name":"SlotKlinic","exampleBoolean":false,"groupingId":"_str_profile"},{"extension":[{"url":"http://hl7.org/fhir/StructureDefinition/implementationguide-page","valueUri":"StructureDefinition-AccountAmount.html"}],"reference":{"reference":"StructureDefinition/AccountAmount"},"name":"Account Amount","exampleBoolean":false,"groupingId":"_str_extension"},{"extension":[{"url":"http://hl7.org/fhir/StructureDefinition/implementationguide-page","valueUri":"StructureDefinition-AvailableTelemedicine.html"}],"reference":{"reference":"StructureDefinition/AvailableTelemedicine"},"name":"Admite telemedicina:","exampleBoolean":false,"groupingId":"_str_extension"},{"extension":[{"url":"http://hl7.org/fhir/StructureDefinition/implementationguide-page","valueUri":"StructureDefinition-BedWithOxygen.html"}],"reference":{"reference":"StructureDefinition/BedWithOxygen"},"name":"BedWithOxygen","description":"Indicator if a bed has oxygen or not","exampleBoolean":false,"groupingId":"_str_extension"},{"extension":[{"url":"http://hl7.org/fhir/StructureDefinition/implementationguide-page","valueUri":"StructureDefinition-BirthPlace.html"}],"reference":{"reference":"StructureDefinition/BirthPlace"},"name":"Lugar de nacimiento","description":"Localizacon geografica de nacimiento del paciente.","exampleBoolean":false,"groupingId":"_str_extension"},{"extension":[{"url":"http://hl7.org/fhir/StructureDefinition/implementationguide-page","valueUri":"StructureDefinition-BonusAmount.html"}],"reference":{"reference":"StructureDefinition/BonusAmount"},"name":"Bonus Amount","description":"Bonus amount","exampleBoolean":false,"groupingId":"_str_extension"},{"extension":[{"url":"http://hl7.org/fhir/StructureDefinition/implementationguide-page","valueUri":"StructureDefinition-CancelationDateTime.html"}],"reference":{"reference":"StructureDefinition/CancelationDateTime"},"name":"Fecha/Hora cancelacion cita","description":"Cancellation of the appointment.","exampleBoolean":false,"groupingId":"_str_extension"},{"extension":[{"url":"http://hl7.org/fhir/StructureDefinition/implementationguide-page","valueUri":"StructureDefinition-CancelationSanction.html"}],"reference":{"reference":"StructureDefinition/CancelationSanction"},"name":"Sancion cancelacion cita","description":"Penalty for cancellation of appointment.","exampleBoolean":false,"groupingId":"_str_extension"},{"extension":[{"url":"http://hl7.org/fhir/StructureDefinition/implementationguide-page","valueUri":"StructureDefinition-Census.html"}],"reference":{"reference":"StructureDefinition/Census"},"name":"Census","description":"Census bed indicator","exampleBoolean":false,"groupingId":"_str_extension"},{"extension":[{"url":"http://hl7.org/fhir/StructureDefinition/implementationguide-page","valueUri":"StructureDefinition-ChargeBed.html"}],"reference":{"reference":"StructureDefinition/ChargeBed"},"name":"ChargeBed","description":"Indicator if a bed was charged or not","exampleBoolean":false,"groupingId":"_str_extension"},{"extension":[{"url":"http://hl7.org/fhir/StructureDefinition/implementationguide-page","valueUri":"StructureDefinition-ClinicalDischargeType.html"}],"reference":{"reference":"StructureDefinition/ClinicalDischargeType"},"name":"Clinical discharge type","description":"Clinical discharge type","exampleBoolean":false,"groupingId":"_str_extension"},{"extension":[{"url":"http://hl7.org/fhir/StructureDefinition/implementationguide-page","valueUri":"StructureDefinition-consultationsAmount.html"}],"reference":{"reference":"StructureDefinition/consultationsAmount"},"name":"Consultations Amount","description":"Consultations amount","exampleBoolean":false,"groupingId":"_str_extension"},{"extension":[{"url":"http://hl7.org/fhir/StructureDefinition/implementationguide-page","valueUri":"StructureDefinition-copaymentAmount.html"}],"reference":{"reference":"StructureDefinition/copaymentAmount"},"name":"Copayment Amount","description":"Copayment amount","exampleBoolean":false,"groupingId":"_str_extension"},{"extension":[{"url":"http://hl7.org/fhir/StructureDefinition/implementationguide-page","valueUri":"StructureDefinition-CoverageIdentificationType.html"}],"reference":{"reference":"StructureDefinition/CoverageIdentificationType"},"name":"Coverage Identification Type","description":"Identification coverage type","exampleBoolean":false,"groupingId":"_str_extension"},{"extension":[{"url":"http://hl7.org/fhir/StructureDefinition/implementationguide-page","valueUri":"StructureDefinition-Disability.html"}],"reference":{"reference":"StructureDefinition/Disability"},"name":"Discapacidad del paciente","description":"Discapacidad del paciente.","exampleBoolean":false,"groupingId":"_str_extension"},{"extension":[{"url":"http://hl7.org/fhir/StructureDefinition/implementationguide-page","valueUri":"StructureDefinition-EducationalLevel.html"}],"reference":{"reference":"StructureDefinition/EducationalLevel"},"name":"Nivel educativo paciente","description":"Nivel de educacion del paciente","exampleBoolean":false,"groupingId":"_str_extension"},{"extension":[{"url":"http://hl7.org/fhir/StructureDefinition/implementationguide-page","valueUri":"StructureDefinition-EmployerOrganization.html"}],"reference":{"reference":"StructureDefinition/EmployerOrganization"},"name":"Empresa paciente","description":"Empresa donde labora el paciente","exampleBoolean":false,"groupingId":"_str_extension"},{"extension":[{"url":"http://hl7.org/fhir/StructureDefinition/implementationguide-page","valueUri":"StructureDefinition-Fathersfamily.html"}],"reference":{"reference":"StructureDefinition/Fathersfamily"},"name":"Primer Apellido del profesional de salud","description":"Primer apellido del profesional de salud.","exampleBoolean":false,"groupingId":"_str_extension"},{"extension":[{"url":"http://hl7.org/fhir/StructureDefinition/implementationguide-page","valueUri":"StructureDefinition-GenderIdentity.html"}],"reference":{"reference":"StructureDefinition/GenderIdentity"},"name":"Identidad de genero","description":"Genero con el cual el paciente se identifica.","exampleBoolean":false,"groupingId":"_str_extension"},{"extension":[{"url":"http://hl7.org/fhir/StructureDefinition/implementationguide-page","valueUri":"StructureDefinition-hoursOfOperation.html"}],"reference":{"reference":"StructureDefinition/hoursOfOperation"},"name":"HoursOfOperation","exampleBoolean":false,"groupingId":"_str_extension"},{"extension":[{"url":"http://hl7.org/fhir/StructureDefinition/implementationguide-page","valueUri":"StructureDefinition-IdExpeditionPlace.html"}],"reference":{"reference":"StructureDefinition/IdExpeditionPlace"},"name":"Lugar expedicion identificacion paciente","description":"Lugar expedicion identificacion paciente","exampleBoolean":false,"groupingId":"_str_extension"},{"extension":[{"url":"http://hl7.org/fhir/StructureDefinition/implementationguide-page","valueUri":"StructureDefinition-MedicalFeesKlinic.html"}],"reference":{"reference":"StructureDefinition/MedicalFeesKlinic"},"name":"Medical Fees","description":"Medical fees","exampleBoolean":false,"groupingId":"_str_extension"},{"extension":[{"url":"http://hl7.org/fhir/StructureDefinition/implementationguide-page","valueUri":"StructureDefinition-medicationAmount.html"}],"reference":{"reference":"StructureDefinition/medicationAmount"},"name":"Medication Amount","description":"Medication amount","exampleBoolean":false,"groupingId":"_str_extension"},{"extension":[{"url":"http://hl7.org/fhir/StructureDefinition/implementationguide-page","valueUri":"StructureDefinition-Mothersfamily.html"}],"reference":{"reference":"StructureDefinition/Mothersfamily"},"name":"Segundo apellido del profesional de salud","description":"Segundo apellido del profesional de salud.","exampleBoolean":false,"groupingId":"_str_extension"},{"extension":[{"url":"http://hl7.org/fhir/StructureDefinition/implementationguide-page","valueUri":"StructureDefinition-MultipleOccupation.html"}],"reference":{"reference":"StructureDefinition/MultipleOccupation"},"name":"MultipleOccupation","description":"Describes whether a location admits multiple patients or professionals","exampleBoolean":false,"groupingId":"_str_extension"},{"extension":[{"url":"http://hl7.org/fhir/StructureDefinition/implementationguide-page","valueUri":"StructureDefinition-Nationality.html"}],"reference":{"reference":"StructureDefinition/Nationality"},"name":"Nacionalidad del paciente","description":"Nacionalidad del paciente.","exampleBoolean":false,"groupingId":"_str_extension"},{"extension":[{"url":"http://hl7.org/fhir/StructureDefinition/implementationguide-page","valueUri":"StructureDefinition-NewBorn.html"}],"reference":{"reference":"StructureDefinition/NewBorn"},"name":"Recien Nacido","description":"Extension que permite registrar si el paciente es o no un recien nacido.","exampleBoolean":false,"groupingId":"_str_extension"},{"extension":[{"url":"http://hl7.org/fhir/StructureDefinition/implementationguide-page","valueUri":"StructureDefinition-Ocupation.html"}],"reference":{"reference":"StructureDefinition/Ocupation"},"name":"Ocupacion del paciente","description":"Ocupacion del paciente","exampleBoolean":false,"groupingId":"_str_extension"},{"extension":[{"url":"http://hl7.org/fhir/StructureDefinition/implementationguide-page","valueUri":"StructureDefinition-OrganizationName.html"}],"reference":{"reference":"StructureDefinition/OrganizationName"},"name":"OrganizationName","description":"Empresa del paciente","exampleBoolean":false,"groupingId":"_str_extension"},{"extension":[{"url":"http://hl7.org/fhir/StructureDefinition/implementationguide-page","valueUri":"StructureDefinition-OrganizationTelecom.html"}],"reference":{"reference":"StructureDefinition/OrganizationTelecom"},"name":"Telefono empresa paciente","description":"Telefono contacto empresa del paciente","exampleBoolean":false,"groupingId":"_str_extension"},{"extension":[{"url":"http://hl7.org/fhir/StructureDefinition/implementationguide-page","valueUri":"StructureDefinition-PatientEthnicity.html"}],"reference":{"reference":"StructureDefinition/PatientEthnicity"},"name":"Grupo etnico paciente","description":"Grupo etnico del paciente.","exampleBoolean":false,"groupingId":"_str_extension"},{"extension":[{"url":"http://hl7.org/fhir/StructureDefinition/implementationguide-page","valueUri":"StructureDefinition-PatientPopulationGroup.html"}],"reference":{"reference":"StructureDefinition/PatientPopulationGroup"},"name":"Grupo pobacional paciente","description":"Grupo poblacional al que pertenece el paciente.","exampleBoolean":false,"groupingId":"_str_extension"},{"extension":[{"url":"http://hl7.org/fhir/StructureDefinition/implementationguide-page","valueUri":"StructureDefinition-Personid.html"}],"reference":{"reference":"StructureDefinition/Personid"},"name":"Identificacion del paciente","description":"Identificacion del paciente.","exampleBoolean":false,"groupingId":"_str_extension"},{"extension":[{"url":"http://hl7.org/fhir/StructureDefinition/implementationguide-page","valueUri":"StructureDefinition-QuotaPatient.html"}],"reference":{"reference":"StructureDefinition/QuotaPatient"},"name":"Cupo pacientes:","exampleBoolean":false,"groupingId":"_str_extension"},{"extension":[{"url":"http://hl7.org/fhir/StructureDefinition/implementationguide-page","valueUri":"StructureDefinition-RateModality.html"}],"reference":{"reference":"StructureDefinition/RateModality"},"name":"Rate modality","description":"Rate modality","exampleBoolean":false,"groupingId":"_str_extension"},{"extension":[{"url":"http://hl7.org/fhir/StructureDefinition/implementationguide-page","valueUri":"StructureDefinition-RegionalLocationIdentifier.html"}],"reference":{"reference":"StructureDefinition/RegionalLocationIdentifier"},"name":"Identificador regional","exampleBoolean":false,"groupingId":"_str_extension"},{"extension":[{"url":"http://hl7.org/fhir/StructureDefinition/implementationguide-page","valueUri":"StructureDefinition-Religion.html"}],"reference":{"reference":"StructureDefinition/Religion"},"name":"Religion","description":"Religion patient.","exampleBoolean":false,"groupingId":"_str_extension"},{"extension":[{"url":"http://hl7.org/fhir/StructureDefinition/implementationguide-page","valueUri":"StructureDefinition-ServicePartOf.html"}],"reference":{"reference":"StructureDefinition/ServicePartOf"},"name":"Subservicio","exampleBoolean":false,"groupingId":"_str_extension"},{"extension":[{"url":"http://hl7.org/fhir/StructureDefinition/implementationguide-page","valueUri":"StructureDefinition-suppliesAmount.html"}],"reference":{"reference":"StructureDefinition/suppliesAmount"},"name":"Supplies Amount","description":"Supplies amount","exampleBoolean":false,"groupingId":"_str_extension"},{"extension":[{"url":"http://hl7.org/fhir/StructureDefinition/implementationguide-page","valueUri":"StructureDefinition-VirtualBed.html"}],"reference":{"reference":"StructureDefinition/VirtualBed"},"name":"VirtualBed","description":"Indicator if a bed is virtual or not","exampleBoolean":false,"groupingId":"_str_extension"},{"extension":[{"url":"http://hl7.org/fhir/StructureDefinition/implementationguide-page","valueUri":"Account-Example-Account-6f674e96.html"}],"reference":{"reference":"Account/Example-Account-6f674e96"},"name":"Example-Account-6f674e96","description":"Cuenta referente a las atenciones del paciente en el ambito ambulatorio.","exampleBoolean":true,"groupingId":"_ex_example"},{"extension":[{"url":"http://hl7.org/fhir/StructureDefinition/implementationguide-page","valueUri":"Appointment-Example-Appointment-05c86b7b-4fad.html"}],"reference":{"reference":"Appointment/Example-Appointment-05c86b7b-4fad"},"name":"Example-Appointment-05c86b7b-4fad","exampleBoolean":true,"groupingId":"_ex_example"},{"extension":[{"url":"http://hl7.org/fhir/StructureDefinition/implementationguide-page","valueUri":"Appointment-Example-Appointment-05c86b7b-5drg.html"}],"reference":{"reference":"Appointment/Example-Appointment-05c86b7b-5drg"},"name":"Example-Appointment-05c86b7b-5drg","exampleBoolean":true,"groupingId":"_ex_example"},{"extension":[{"url":"http://hl7.org/fhir/StructureDefinition/implementationguide-page","valueUri":"Coverage-Example-Coverage-fa7a571e.html"}],"reference":{"reference":"Coverage/Example-Coverage-fa7a571e"},"name":"Example-Coverage-fa7a571e","exampleBoolean":true,"groupingId":"_ex_example"},{"extension":[{"url":"http://hl7.org/fhir/StructureDefinition/implementationguide-page","valueUri":"Coverage-Example-Coverage-fa7a589f.html"}],"reference":{"reference":"Coverage/Example-Coverage-fa7a589f"},"name":"Example-Coverage-fa7a589f","exampleBoolean":true,"groupingId":"_ex_example"},{"extension":[{"url":"http://hl7.org/fhir/StructureDefinition/implementationguide-page","valueUri":"Encounter-Example-Encounter-963b1515.html"}],"reference":{"reference":"Encounter/Example-Encounter-963b1515"},"name":"Example-Encounter-963b1515","exampleBoolean":true,"groupingId":"_ex_example"},{"extension":[{"url":"http://hl7.org/fhir/StructureDefinition/implementationguide-page","valueUri":"Encounter-Example-Encounter-963y1945.html"}],"reference":{"reference":"Encounter/Example-Encounter-963y1945"},"name":"Example-Encounter-963y1945","exampleBoolean":true,"groupingId":"_ex_example"},{"extension":[{"url":"http://hl7.org/fhir/StructureDefinition/implementationguide-page","valueUri":"HealthcareService-Example-HealthcareService-20ede331.html"}],"reference":{"reference":"HealthcareService/Example-HealthcareService-20ede331"},"name":"Example-HealthcareService-20ede331","exampleBoolean":true,"groupingId":"_ex_example"},{"extension":[{"url":"http://hl7.org/fhir/StructureDefinition/implementationguide-page","valueUri":"Location-Example-Laboratory-51654689466d55.html"}],"reference":{"reference":"Location/Example-Laboratory-51654689466d55"},"name":"Example-Laboratory-51654689466d55","description":"Blood component laboratory.","exampleBoolean":true,"groupingId":"_ex_example"},{"extension":[{"url":"http://hl7.org/fhir/StructureDefinition/implementationguide-page","valueUri":"Location-Example-LocationArea-789789789789.html"}],"reference":{"reference":"Location/Example-LocationArea-789789789789"},"name":"Example-LocationArea-789789789789","description":"Hospital medical care.","exampleBoolean":true,"groupingId":"_ex_example"},{"extension":[{"url":"http://hl7.org/fhir/StructureDefinition/implementationguide-page","valueUri":"Location-Example-LocationBed-7819819819bn915.html"}],"reference":{"reference":"Location/Example-LocationBed-7819819819bn915"},"name":"Example-LocationBed-7819819819bn915","description":"Patient bed.","exampleBoolean":true,"groupingId":"_ex_example"},{"extension":[{"url":"http://hl7.org/fhir/StructureDefinition/implementationguide-page","valueUri":"Location-Example-LocationBuilding-7412389635sdf556.html"}],"reference":{"reference":"Location/Example-LocationBuilding-7412389635sdf556"},"name":"Example-LocationBuilding-7412389635sdf556","description":"Clinic and emergencies","exampleBoolean":true,"groupingId":"_ex_example"},{"extension":[{"url":"http://hl7.org/fhir/StructureDefinition/implementationguide-page","valueUri":"Location-Example-LocationFuncionalUnit-16558949sf878498.html"}],"reference":{"reference":"Location/Example-LocationFuncionalUnit-16558949sf878498"},"name":"Example-LocationFuncionalUnit-16558949sf878498","description":"blood component laboratory / emergency pharmacy","exampleBoolean":true,"groupingId":"_ex_example"},{"extension":[{"url":"http://hl7.org/fhir/StructureDefinition/implementationguide-page","valueUri":"Location-Example-LocationLocalUnit-789789789789.html"}],"reference":{"reference":"Location/Example-LocationLocalUnit-789789789789"},"name":"Example-LocationLocalUnit-789789789789","description":"Hospital medical care.","exampleBoolean":true,"groupingId":"_ex_example"},{"extension":[{"url":"http://hl7.org/fhir/StructureDefinition/implementationguide-page","valueUri":"Location-Example-LocationRoom-1245687952.html"}],"reference":{"reference":"Location/Example-LocationRoom-1245687952"},"name":"Example-LocationRoom-1245687952","description":"Hospitalization room.","exampleBoolean":true,"groupingId":"_ex_example"},{"extension":[{"url":"http://hl7.org/fhir/StructureDefinition/implementationguide-page","valueUri":"Location-Example-OperatingRoom-ads51ds5d145212ds.html"}],"reference":{"reference":"Location/Example-OperatingRoom-ads51ds5d145212ds"},"name":"Example-OperatingRoom-ads51ds5d145212ds","description":"Minor procedure operating room.","exampleBoolean":true,"groupingId":"_ex_example"},{"extension":[{"url":"http://hl7.org/fhir/StructureDefinition/implementationguide-page","valueUri":"Organization-Example-Organization-213134sd15148f.html"}],"reference":{"reference":"Organization/Example-Organization-213134sd15148f"},"name":"Example-Organization-213134sd15148f","exampleBoolean":true,"groupingId":"_ex_example"},{"extension":[{"url":"http://hl7.org/fhir/StructureDefinition/implementationguide-page","valueUri":"Organization-Example-Organization-Payor-2910416f.html"}],"reference":{"reference":"Organization/Example-Organization-Payor-2910416f"},"name":"Example-Organization-Payor-2910416f","exampleBoolean":true,"groupingId":"_ex_example"},{"extension":[{"url":"http://hl7.org/fhir/StructureDefinition/implementationguide-page","valueUri":"Patient-Example-Patient-2a6d66d1.html"}],"reference":{"reference":"Patient/Example-Patient-2a6d66d1"},"name":"Example-Patient-2a6d66d1","exampleBoolean":true,"groupingId":"_ex_example"},{"extension":[{"url":"http://hl7.org/fhir/StructureDefinition/implementationguide-page","valueUri":"Patient-Example-Patient-87356d0d.html"}],"reference":{"reference":"Patient/Example-Patient-87356d0d"},"name":"Example-Patient-87356d0d","exampleBoolean":true,"groupingId":"_ex_example"},{"extension":[{"url":"http://hl7.org/fhir/StructureDefinition/implementationguide-page","valueUri":"Location-Example-Pharmacy-51654689466d55.html"}],"reference":{"reference":"Location/Example-Pharmacy-51654689466d55"},"name":"Example-Pharmacy-51654689466d55","description":"Emergency pharmacy.","exampleBoolean":true,"groupingId":"_ex_example"},{"extension":[{"url":"http://hl7.org/fhir/StructureDefinition/implementationguide-page","valueUri":"Practitioner-Example-Practitioner-09709es9d.html"}],"reference":{"reference":"Practitioner/Example-Practitioner-09709es9d"},"name":"Example-Practitioner-09709es9d","exampleBoolean":true,"groupingId":"_ex_example"},{"extension":[{"url":"http://hl7.org/fhir/StructureDefinition/implementationguide-page","valueUri":"PractitionerRole-Example-PractitionerRole-987654321.html"}],"reference":{"reference":"PractitionerRole/Example-PractitionerRole-987654321"},"name":"Example-PractitionerRole-987654321","exampleBoolean":true,"groupingId":"_ex_example"},{"extension":[{"url":"http://hl7.org/fhir/StructureDefinition/implementationguide-page","valueUri":"Schedule-Example-Schedule-d83f2b28.html"}],"reference":{"reference":"Schedule/Example-Schedule-d83f2b28"},"name":"Example-Schedule-d83f2b28","exampleBoolean":true,"groupingId":"_ex_example"},{"extension":[{"url":"http://hl7.org/fhir/StructureDefinition/implementationguide-page","valueUri":"ServiceRequest-Example-ServiceRequest-4948f6ad.html"}],"reference":{"reference":"ServiceRequest/Example-ServiceRequest-4948f6ad"},"name":"Example-ServiceRequest-4948f6ad","exampleBoolean":true,"groupingId":"_ex_example"},{"extension":[{"url":"http://hl7.org/fhir/StructureDefinition/implementationguide-page","valueUri":"Slot-Example-Slot-f261cf86.html"}],"reference":{"reference":"Slot/Example-Slot-f261cf86"},"name":"Example-Slot-f261cf86","exampleBoolean":true,"groupingId":"_ex_example"},{"extension":[{"url":"http://hl7.org/fhir/StructureDefinition/implementationguide-page","valueUri":"CodeSystem-educationalLevelChile.html"}],"reference":{"reference":"CodeSystem/educationalLevelChile"},"name":"educationalLevelChile","exampleBoolean":false,"groupingId":"_term_codesystem"}],"page":{"nameUrl":"toc.html","title":"Table of Contents","generation":"html","page":[{"nameUrl":"artifacts.html","title":"Artifacts Summary","generation":"html","page":[{"nameUrl":"StructureDefinition-LocationAreaKlinic.html","title":"LocationAreaKlinic","generation":"generated"},{"nameUrl":"StructureDefinition-LocationBedKlinic.html","title":"LocationBedKlinic","generation":"generated"},{"nameUrl":"StructureDefinition-LocationBuildingKlinic.html","title":"LocationBuildingKlinic","generation":"generated"},{"nameUrl":"StructureDefinition-LocationFunctionalUnitKlinic.html","title":"LocationFunctionalUnitKlinic","generation":"generated"},{"nameUrl":"StructureDefinition-LocationRoomKlinic.html","title":"LocationRoomKlinic","generation":"generated"},{"nameUrl":"StructureDefinition-OrganizationHealthcareProvider.html","title":"OrganizationHealthcareProvider","generation":"generated"},{"nameUrl":"StructureDefinition-PractitionerKlinic.html","title":"PractitionerKlinic","generation":"generated"},{"nameUrl":"StructureDefinition-ProfileAccountKlinic.html","title":"Account","generation":"generated"},{"nameUrl":"StructureDefinition-ProfileAppointment.html","title":"ProfileAppointment","generation":"generated"},{"nameUrl":"StructureDefinition-ProfileCoverageKlinic.html","title":"Coverage patient","generation":"generated"},{"nameUrl":"StructureDefinition-ProfileEncounterKlinic.html","title":"Encounter","generation":"generated"},{"nameUrl":"StructureDefinition-ProfileHealthcareService.html","title":"HealthcareService","generation":"generated"},{"nameUrl":"StructureDefinition-ProfilePatientKlinic.html","title":"Patient","generation":"generated"},{"nameUrl":"StructureDefinition-ProfileSchedule.html","title":"Schedule patient","generation":"generated"},{"nameUrl":"StructureDefinition-ProfileServiceRequestKlinic.html","title":"Service Request","generation":"generated"},{"nameUrl":"StructureDefinition-SlotKlinic.html","title":"SlotKlinic","generation":"generated"},{"nameUrl":"StructureDefinition-AccountAmount.html","title":"Account Amount","generation":"generated"},{"nameUrl":"StructureDefinition-AvailableTelemedicine.html","title":"Admite telemedicina:","generation":"generated"},{"nameUrl":"StructureDefinition-BedWithOxygen.html","title":"BedWithOxygen","generation":"generated"},{"nameUrl":"StructureDefinition-BirthPlace.html","title":"Lugar de nacimiento","generation":"generated"},{"nameUrl":"StructureDefinition-BonusAmount.html","title":"Bonus Amount","generation":"generated"},{"nameUrl":"StructureDefinition-CancelationDateTime.html","title":"Fecha/Hora cancelacion cita","generation":"generated"},{"nameUrl":"StructureDefinition-CancelationSanction.html","title":"Sancion cancelacion cita","generation":"generated"},{"nameUrl":"StructureDefinition-Census.html","title":"Census","generation":"generated"},{"nameUrl":"StructureDefinition-ChargeBed.html","title":"ChargeBed","generation":"generated"},{"nameUrl":"StructureDefinition-ClinicalDischargeType.html","title":"Clinical discharge type","generation":"generated"},{"nameUrl":"StructureDefinition-consultationsAmount.html","title":"Consultations Amount","generation":"generated"},{"nameUrl":"StructureDefinition-copaymentAmount.html","title":"Copayment Amount","generation":"generated"},{"nameUrl":"StructureDefinition-CoverageIdentificationType.html","title":"Coverage Identification Type","generation":"generated"},{"nameUrl":"StructureDefinition-Disability.html","title":"Discapacidad del paciente","generation":"generated"},{"nameUrl":"StructureDefinition-EducationalLevel.html","title":"Nivel educativo paciente","generation":"generated"},{"nameUrl":"StructureDefinition-EmployerOrganization.html","title":"Empresa paciente","generation":"generated"},{"nameUrl":"StructureDefinition-Fathersfamily.html","title":"Primer Apellido del profesional de salud","generation":"generated"},{"nameUrl":"StructureDefinition-GenderIdentity.html","title":"Identidad de genero","generation":"generated"},{"nameUrl":"StructureDefinition-hoursOfOperation.html","title":"HoursOfOperation","generation":"generated"},{"nameUrl":"StructureDefinition-IdExpeditionPlace.html","title":"Lugar expedicion identificacion paciente","generation":"generated"},{"nameUrl":"StructureDefinition-MedicalFeesKlinic.html","title":"Medical Fees","generation":"generated"},{"nameUrl":"StructureDefinition-medicationAmount.html","title":"Medication Amount","generation":"generated"},{"nameUrl":"StructureDefinition-Mothersfamily.html","title":"Segundo apellido del profesional de salud","generation":"generated"},{"nameUrl":"StructureDefinition-MultipleOccupation.html","title":"MultipleOccupation","generation":"generated"},{"nameUrl":"StructureDefinition-Nationality.html","title":"Nacionalidad del paciente","generation":"generated"},{"nameUrl":"StructureDefinition-NewBorn.html","title":"Recien Nacido","generation":"generated"},{"nameUrl":"StructureDefinition-Ocupation.html","title":"Ocupacion del paciente","generation":"generated"},{"nameUrl":"StructureDefinition-OrganizationName.html","title":"OrganizationName","generation":"generated"},{"nameUrl":"StructureDefinition-OrganizationTelecom.html","title":"Telefono empresa paciente","generation":"generated"},{"nameUrl":"StructureDefinition-PatientEthnicity.html","title":"Grupo etnico paciente","generation":"generated"},{"nameUrl":"StructureDefinition-PatientPopulationGroup.html","title":"Grupo pobacional paciente","generation":"generated"},{"nameUrl":"StructureDefinition-Personid.html","title":"Identificacion del paciente","generation":"generated"},{"nameUrl":"StructureDefinition-QuotaPatient.html","title":"Cupo pacientes:","generation":"generated"},{"nameUrl":"StructureDefinition-RateModality.html","title":"Rate modality","generation":"generated"},{"nameUrl":"StructureDefinition-RegionalLocationIdentifier.html","title":"Identificador regional","generation":"generated"},{"nameUrl":"StructureDefinition-Religion.html","title":"Religion","generation":"generated"},{"nameUrl":"StructureDefinition-ServicePartOf.html","title":"Subservicio","generation":"generated"},{"nameUrl":"StructureDefinition-suppliesAmount.html","title":"Supplies Amount","generation":"generated"},{"nameUrl":"StructureDefinition-VirtualBed.html","title":"VirtualBed","generation":"generated"},{"nameUrl":"CodeSystem-educationalLevelChile.html","title":"educationalLevelChile","generation":"generated"},{"nameUrl":"Account-Example-Account-6f674e96.html","title":"Example-Account-6f674e96","generation":"generated"},{"nameUrl":"Appointment-Example-Appointment-05c86b7b-4fad.html","title":"Example-Appointment-05c86b7b-4fad","generation":"generated"},{"nameUrl":"Appointment-Example-Appointment-05c86b7b-5drg.html","title":"Example-Appointment-05c86b7b-5drg","generation":"generated"},{"nameUrl":"Coverage-Example-Coverage-fa7a571e.html","title":"Example-Coverage-fa7a571e","generation":"generated"},{"nameUrl":"Coverage-Example-Coverage-fa7a589f.html","title":"Example-Coverage-fa7a589f","generation":"generated"},{"nameUrl":"Encounter-Example-Encounter-963b1515.html","title":"Example-Encounter-963b1515","generation":"generated"},{"nameUrl":"Encounter-Example-Encounter-963y1945.html","title":"Example-Encounter-963y1945","generation":"generated"},{"nameUrl":"HealthcareService-Example-HealthcareService-20ede331.html","title":"Example-HealthcareService-20ede331","generation":"generated"},{"nameUrl":"Location-Example-Laboratory-51654689466d55.html","title":"Example-Laboratory-51654689466d55","generation":"generated"},{"nameUrl":"Location-Example-LocationArea-789789789789.html","title":"Example-LocationArea-789789789789","generation":"generated"},{"nameUrl":"Location-Example-LocationBed-7819819819bn915.html","title":"Example-LocationBed-7819819819bn915","generation":"generated"},{"nameUrl":"Location-Example-LocationBuilding-7412389635sdf556.html","title":"Example-LocationBuilding-7412389635sdf556","generation":"generated"},{"nameUrl":"Location-Example-LocationFuncionalUnit-16558949sf878498.html","title":"Example-LocationFuncionalUnit-16558949sf878498","generation":"generated"},{"nameUrl":"Location-Example-LocationLocalUnit-789789789789.html","title":"Example-LocationLocalUnit-789789789789","generation":"generated"},{"nameUrl":"Location-Example-LocationRoom-1245687952.html","title":"Example-LocationRoom-1245687952","generation":"generated"},{"nameUrl":"Location-Example-OperatingRoom-ads51ds5d145212ds.html","title":"Example-OperatingRoom-ads51ds5d145212ds","generation":"generated"},{"nameUrl":"Organization-Example-Organization-213134sd15148f.html","title":"Example-Organization-213134sd15148f","generation":"generated"},{"nameUrl":"Organization-Example-Organization-Payor-2910416f.html","title":"Example-Organization-Payor-2910416f","generation":"generated"},{"nameUrl":"Patient-Example-Patient-2a6d66d1.html","title":"Example-Patient-2a6d66d1","generation":"generated"},{"nameUrl":"Patient-Example-Patient-87356d0d.html","title":"Example-Patient-87356d0d","generation":"generated"},{"nameUrl":"Location-Example-Pharmacy-51654689466d55.html","title":"Example-Pharmacy-51654689466d55","generation":"generated"},{"nameUrl":"Practitioner-Example-Practitioner-09709es9d.html","title":"Example-Practitioner-09709es9d","generation":"generated"},{"nameUrl":"PractitionerRole-Example-PractitionerRole-987654321.html","title":"Example-PractitionerRole-987654321","generation":"generated"},{"nameUrl":"Schedule-Example-Schedule-d83f2b28.html","title":"Example-Schedule-d83f2b28","generation":"generated"},{"nameUrl":"ServiceRequest-Example-ServiceRequest-4948f6ad.html","title":"Example-ServiceRequest-4948f6ad","generation":"generated"},{"nameUrl":"Slot-Example-Slot-f261cf86.html","title":"Example-Slot-f261cf86","generation":"generated"}]}]},"parameter":[{"code":"path-resource","value":"input/capabilities"},{"code":"path-resource","value":"input/examples"},{"code":"path-resource","value":"input/extensions"},{"code":"path-resource","value":"input/models"},{"code":"path-resource","value":"input/operations"},{"code":"path-resource","value":"input/profiles"},{"code":"path-resource","value":"input/resources"},{"code":"path-resource","value":"input/vocabulary"},{"code":"path-resource","value":"input/maps"},{"code":"path-resource","value":"input/testing"},{"code":"path-resource","value":"input/history"},{"code":"path-resource","value":"fsh-generated/resources"},{"code":"path-pages","value":"template/config"},{"code":"path-pages","value":"input/images"},{"code":"path-tx-cache","value":"input-cache/txcache"}]}}