{"resourceType":"ImplementationGuide","id":"fhir.digital-ware.klinic-api-fhir","text":{"status":"extensions","div":"<div xmlns=\"http://www.w3.org/1999/xhtml\"><h2>klinicapifhir</h2><p>The official URL for this implementation guide is: </p><pre>https://digitalware-klinic.github.io/fhir/indisa/ImplementationGuide/fhir.digital-ware.klinic-api-fhir</pre><div><p>FHIR implementation guide for Klinic API FHIR (Klinic-HIS) interoperability scenarios, edited by DigitalWare S.A.</p>\n</div></div>"},"url":"https://digitalware-klinic.github.io/fhir/indisa/ImplementationGuide/fhir.digital-ware.klinic-api-fhir","version":"1.0","name":"klinicapifhir","title":"Klinic API FHIR Implementation Guide: IG Release 1 - Digital Ware S.A.","status":"active","date":"2021-03-10T01:14:51-05:00","publisher":"DigitalWare S.A. - Klinic-HIS","contact":[{"name":"Juan Manuel Contreras Hernandez","telecom":[{"system":"email","value":"juanch@digitalware.com.co","use":"work"}]},{"name":"Diana Rodriguez Suarez","telecom":[{"system":"email","value":"dianaro@digitalware.com.co","use":"work"}]},{"name":"Daniel Felipe Castro Romero","telecom":[{"system":"email","value":"danielc@digitalware.com.co","use":"work"}]},{"name":"Eduardo Felipe Solis Hernandez","telecom":[{"system":"email","value":"felipesh@digitalware.com.co","use":"work"}]},{"name":"Mario Enrique Cortés M","telecom":[{"system":"email","value":"mario.cortes@hl7co.org","use":"work"}]}],"description":"FHIR implementation guide for Klinic API FHIR (Klinic-HIS) interoperability scenarios, edited by DigitalWare S.A.","packageId":"fhir.digital-ware.klinic-api-fhir","license":"CC0-1.0","fhirVersion":["4.0.1"],"definition":{"extension":[{"extension":[{"url":"code","valueString":"copyrightyear"},{"url":"value","valueString":"2021+"}],"url":"http://hl7.org/fhir/tools/StructureDefinition/ig-parameter"},{"extension":[{"url":"code","valueString":"releaselabel"},{"url":"value","valueString":"trial-use"}],"url":"http://hl7.org/fhir/tools/StructureDefinition/ig-parameter"},{"extension":[{"url":"code","valueString":"path-liquid"},{"url":"value","valueString":"template/liquid"}],"url":"http://hl7.org/fhir/tools/StructureDefinition/ig-parameter"},{"extension":[{"url":"code","valueString":"path-liquid"},{"url":"value","valueString":"input/liquid"}],"url":"http://hl7.org/fhir/tools/StructureDefinition/ig-parameter"},{"extension":[{"url":"code","valueString":"path-qa"},{"url":"value","valueString":"temp/qa"}],"url":"http://hl7.org/fhir/tools/StructureDefinition/ig-parameter"},{"extension":[{"url":"code","valueString":"path-temp"},{"url":"value","valueString":"temp/pages"}],"url":"http://hl7.org/fhir/tools/StructureDefinition/ig-parameter"},{"extension":[{"url":"code","valueString":"path-output"},{"url":"value","valueString":"output"}],"url":"http://hl7.org/fhir/tools/StructureDefinition/ig-parameter"},{"extension":[{"url":"code","valueString":"path-suppressed-warnings"},{"url":"value","valueString":"input/ignoreWarnings.txt"}],"url":"http://hl7.org/fhir/tools/StructureDefinition/ig-parameter"},{"extension":[{"url":"code","valueString":"path-history"},{"url":"value","valueString":"https://digitalware-klinic.github.io/fhir/indisa/history.html"}],"url":"http://hl7.org/fhir/tools/StructureDefinition/ig-parameter"},{"extension":[{"url":"code","valueString":"template-html"},{"url":"value","valueString":"template-page.html"}],"url":"http://hl7.org/fhir/tools/StructureDefinition/ig-parameter"},{"extension":[{"url":"code","valueString":"template-md"},{"url":"value","valueString":"template-page-md.html"}],"url":"http://hl7.org/fhir/tools/StructureDefinition/ig-parameter"},{"extension":[{"url":"code","valueString":"apply-contact"},{"url":"value","valueString":"true"}],"url":"http://hl7.org/fhir/tools/StructureDefinition/ig-parameter"},{"extension":[{"url":"code","valueString":"apply-context"},{"url":"value","valueString":"true"}],"url":"http://hl7.org/fhir/tools/StructureDefinition/ig-parameter"},{"extension":[{"url":"code","valueString":"apply-copyright"},{"url":"value","valueString":"true"}],"url":"http://hl7.org/fhir/tools/StructureDefinition/ig-parameter"},{"extension":[{"url":"code","valueString":"apply-jurisdiction"},{"url":"value","valueString":"true"}],"url":"http://hl7.org/fhir/tools/StructureDefinition/ig-parameter"},{"extension":[{"url":"code","valueString":"apply-license"},{"url":"value","valueString":"true"}],"url":"http://hl7.org/fhir/tools/StructureDefinition/ig-parameter"},{"extension":[{"url":"code","valueString":"apply-publisher"},{"url":"value","valueString":"true"}],"url":"http://hl7.org/fhir/tools/StructureDefinition/ig-parameter"},{"extension":[{"url":"code","valueString":"apply-version"},{"url":"value","valueString":"true"}],"url":"http://hl7.org/fhir/tools/StructureDefinition/ig-parameter"},{"extension":[{"url":"code","valueString":"active-tables"},{"url":"value","valueString":"true"}],"url":"http://hl7.org/fhir/tools/StructureDefinition/ig-parameter"}],"grouping":[{"id":"_str_profile","name":"Structures: Resource Profiles","description":"These define constraints on FHIR resources for systems conforming to this implementation guide"},{"id":"_str_extension","name":"Structures: Extension Definitions","description":"These define constraints on FHIR data types for systems conforming to this implementation guide"},{"id":"_term_codesystem","name":"Terminology: Code Systems","description":"These define new code systems used by systems conforming to this implementation guide"},{"id":"_ex_example","name":"Example: Example Instances","description":"These are example instances that show what data produced and consumed by systems conforming with this implementation guide might look like"}],"resource":[{"extension":[{"url":"http://hl7.org/fhir/StructureDefinition/implementationguide-page","valueUri":"StructureDefinition-ProfileAccountKlinic.html"}],"reference":{"reference":"StructureDefinition/ProfileAccountKlinic"},"name":"Account","description":"Patient account, where all charges made at the outpatient or hospital level are found.","exampleBoolean":false,"groupingId":"_str_profile"},{"extension":[{"url":"http://hl7.org/fhir/StructureDefinition/implementationguide-page","valueUri":"StructureDefinition-ProfileAppointmentKlinic.html"}],"reference":{"reference":"StructureDefinition/ProfileAppointmentKlinic"},"name":"Appointment","description":"Registered appointments of the patient for each general and specialized medical consultation and the performance of laboratory and imaging tests, among others.","exampleBoolean":false,"groupingId":"_str_profile"},{"extension":[{"url":"http://hl7.org/fhir/StructureDefinition/implementationguide-page","valueUri":"StructureDefinition-ProfileAppointmentResponseKlinic.html"}],"reference":{"reference":"StructureDefinition/ProfileAppointmentResponseKlinic"},"name":"Appointment Response","description":"Response regarding the scheduling of the patient's appointment according to the availability of the agenda or regarding cancellations, reviews, among other activities on each appointment.","exampleBoolean":false,"groupingId":"_str_profile"},{"extension":[{"url":"http://hl7.org/fhir/StructureDefinition/implementationguide-page","valueUri":"StructureDefinition-ProfileCompositionKlinic.html"}],"reference":{"reference":"StructureDefinition/ProfileCompositionKlinic"},"name":"Document Electronic","description":"Electronic composition document that allows the exchange of information between processes or between integration points and that has to do with the patient's medical information.","exampleBoolean":false,"groupingId":"_str_profile"},{"extension":[{"url":"http://hl7.org/fhir/StructureDefinition/implementationguide-page","valueUri":"StructureDefinition-ProfileConditionKlinic.html"}],"reference":{"reference":"StructureDefinition/ProfileConditionKlinic"},"name":"Condition","description":"A clinical condition, problem, diagnosis, or other event, situation, issue, or clinical concept that has risen to a level of concern.","exampleBoolean":false,"groupingId":"_str_profile"},{"extension":[{"url":"http://hl7.org/fhir/StructureDefinition/implementationguide-page","valueUri":"StructureDefinition-ProfileCoverageKlinic.html"}],"reference":{"reference":"StructureDefinition/ProfileCoverageKlinic"},"name":"Coverage patient","description":"Patient's health coverage policy.","exampleBoolean":false,"groupingId":"_str_profile"},{"extension":[{"url":"http://hl7.org/fhir/StructureDefinition/implementationguide-page","valueUri":"StructureDefinition-ProfileDeviceKlinic.html"}],"reference":{"reference":"StructureDefinition/ProfileDeviceKlinic"},"name":"Device","description":"A type of a manufactured item that is used in the provision of healthcare without being substantially changed through that activity.","exampleBoolean":false,"groupingId":"_str_profile"},{"extension":[{"url":"http://hl7.org/fhir/StructureDefinition/implementationguide-page","valueUri":"StructureDefinition-ProfileDiagnosticReportLabKlinic.html"}],"reference":{"reference":"StructureDefinition/ProfileDiagnosticReportLabKlinic"},"name":"Diagnostic report for laboratory, imamging study and cardiovascular tests","description":"Clinical diagnostic reports of the patient (laboratory, imamging study and cardiovascular tests).","exampleBoolean":false,"groupingId":"_str_profile"},{"extension":[{"url":"http://hl7.org/fhir/StructureDefinition/implementationguide-page","valueUri":"StructureDefinition-ProfileEndpointKlinic.html"}],"reference":{"reference":"StructureDefinition/ProfileEndpointKlinic"},"name":"Endpoint","description":"Contact points where the exchange, update and consultation of medical information of the patient is allowed.","exampleBoolean":false,"groupingId":"_str_profile"},{"extension":[{"url":"http://hl7.org/fhir/StructureDefinition/implementationguide-page","valueUri":"StructureDefinition-ProfileHealthcareService.html"}],"reference":{"reference":"StructureDefinition/ProfileHealthcareService"},"name":"Healthcare Service","description":"health services that are provided to the patient, once they enter the provider's facilities.","exampleBoolean":false,"groupingId":"_str_profile"},{"extension":[{"url":"http://hl7.org/fhir/StructureDefinition/implementationguide-page","valueUri":"StructureDefinition-ProfileImagingStudyKlinic.html"}],"reference":{"reference":"StructureDefinition/ProfileImagingStudyKlinic"},"name":"Imaging Study","description":"A set of images produced in single study at patient.","exampleBoolean":false,"groupingId":"_str_profile"},{"extension":[{"url":"http://hl7.org/fhir/StructureDefinition/implementationguide-page","valueUri":"StructureDefinition-ProfileImplantableDeviceKlinic.html"}],"reference":{"reference":"StructureDefinition/ProfileImplantableDeviceKlinic"},"name":"Device","description":"FHIR resource profile for Active Implantable Medical Devices (AIMD), invasive medical devices, custom medical devices, and invasive or reusable surgical medical devices.\n\nMany of these devices are partially or completely absorbed.\n\nSuch as: pacemaker, extends, catheter, IUD, and surgical instruments.","exampleBoolean":false,"groupingId":"_str_profile"},{"extension":[{"url":"http://hl7.org/fhir/StructureDefinition/implementationguide-page","valueUri":"StructureDefinition-ProfileLocationAreaKlinic.html"}],"reference":{"reference":"StructureDefinition/ProfileLocationAreaKlinic"},"name":"Location Area","description":"Physical location of each of the clinical and administrative areas within a building: Floor, Area, Wing, Waiting room, intensive care unit, among others.","exampleBoolean":false,"groupingId":"_str_profile"},{"extension":[{"url":"http://hl7.org/fhir/StructureDefinition/implementationguide-page","valueUri":"StructureDefinition-ProfileLocationBedKlinic.html"}],"reference":{"reference":"StructureDefinition/ProfileLocationBedKlinic"},"name":"Location Bed","description":"Physical location of each of the clinical areas within a building:  Bed.","exampleBoolean":false,"groupingId":"_str_profile"},{"extension":[{"url":"http://hl7.org/fhir/StructureDefinition/implementationguide-page","valueUri":"StructureDefinition-ProfileLocationBuildingKlinic.html"}],"reference":{"reference":"StructureDefinition/ProfileLocationBuildingKlinic"},"name":"Location Building","description":"Physical location of each of the clinical and administrative areas within a building:  Building, Wing of building, Tower, etc.","exampleBoolean":false,"groupingId":"_str_profile"},{"extension":[{"url":"http://hl7.org/fhir/StructureDefinition/implementationguide-page","valueUri":"StructureDefinition-ProfileLocationFunctionalUnitKlinic.html"}],"reference":{"reference":"StructureDefinition/ProfileLocationFunctionalUnitKlinic"},"name":"Location Functional Unit","description":"Physical location of each of the clinical and administrative areas within a building:  Functional Unit.","exampleBoolean":false,"groupingId":"_str_profile"},{"extension":[{"url":"http://hl7.org/fhir/StructureDefinition/implementationguide-page","valueUri":"StructureDefinition-ProfileLocationRoomKlinic.html"}],"reference":{"reference":"StructureDefinition/ProfileLocationRoomKlinic"},"name":"Location Room","description":"Physical location of each of the clinical and administrative areas within a building:  Room, Consulting room, etc.","exampleBoolean":false,"groupingId":"_str_profile"},{"extension":[{"url":"http://hl7.org/fhir/StructureDefinition/implementationguide-page","valueUri":"StructureDefinition-ProfileMedicationAdministrationKlinic.html"}],"reference":{"reference":"StructureDefinition/ProfileMedicationAdministrationKlinic"},"name":"Medication Administration","description":"Describes the event of a patient consuming or otherwise being administered a medication.","exampleBoolean":false,"groupingId":"_str_profile"},{"extension":[{"url":"http://hl7.org/fhir/StructureDefinition/implementationguide-page","valueUri":"StructureDefinition-ProfileMedicationDispenseKlinic.html"}],"reference":{"reference":"StructureDefinition/ProfileMedicationDispenseKlinic"},"name":"Medication dispense","description":"Indicates that a medication product is to be or has been dispensed for a named person/patient. This includes a description of the medication product (supply) provided and the instructions for administering the medication. The medication dispense is the result of a pharmacy system responding to a medication order.","exampleBoolean":false,"groupingId":"_str_profile"},{"extension":[{"url":"http://hl7.org/fhir/StructureDefinition/implementationguide-page","valueUri":"StructureDefinition-ProfileMedicationKlinic.html"}],"reference":{"reference":"StructureDefinition/ProfileMedicationKlinic"},"name":"Medication","description":"Identification and definition of a medication for the purposes of prescribing, dispensing, and administering a medication as well as for making statements about medication use.","exampleBoolean":false,"groupingId":"_str_profile"},{"extension":[{"url":"http://hl7.org/fhir/StructureDefinition/implementationguide-page","valueUri":"StructureDefinition-ProfileMedicationRequestKlinic.html"}],"reference":{"reference":"StructureDefinition/ProfileMedicationRequestKlinic"},"name":"Medication Request","description":"An order or request for both supply of the medication and the instructions for administration of the medication to a patient.","exampleBoolean":false,"groupingId":"_str_profile"},{"extension":[{"url":"http://hl7.org/fhir/StructureDefinition/implementationguide-page","valueUri":"StructureDefinition-ProfileMessageHeaderKlinic.html"}],"reference":{"reference":"StructureDefinition/ProfileMessageHeaderKlinic"},"name":"Message header","description":"Message header in the messaging exchange.","exampleBoolean":false,"groupingId":"_str_profile"},{"extension":[{"url":"http://hl7.org/fhir/StructureDefinition/implementationguide-page","valueUri":"StructureDefinition-ProfileObservationLabKlinic.html"}],"reference":{"reference":"StructureDefinition/ProfileObservationLabKlinic"},"name":"Observation","description":"Observation laboratory and imaging.","exampleBoolean":false,"groupingId":"_str_profile"},{"extension":[{"url":"http://hl7.org/fhir/StructureDefinition/implementationguide-page","valueUri":"StructureDefinition-ProfileOrganizationHealthcareProviderKlinic.html"}],"reference":{"reference":"StructureDefinition/ProfileOrganizationHealthcareProviderKlinic"},"name":"Organization Healthcare Provider","description":"Organization Healthcare Provider.","exampleBoolean":false,"groupingId":"_str_profile"},{"extension":[{"url":"http://hl7.org/fhir/StructureDefinition/implementationguide-page","valueUri":"StructureDefinition-ProfilePatientKlinic.html"}],"reference":{"reference":"StructureDefinition/ProfilePatientKlinic"},"name":"Patient","description":"Data of patient.","exampleBoolean":false,"groupingId":"_str_profile"},{"extension":[{"url":"http://hl7.org/fhir/StructureDefinition/implementationguide-page","valueUri":"StructureDefinition-ProfilePractitionerKlinic.html"}],"reference":{"reference":"StructureDefinition/ProfilePractitionerKlinic"},"name":"Practitioner","description":"Practitioner of healht.","exampleBoolean":false,"groupingId":"_str_profile"},{"extension":[{"url":"http://hl7.org/fhir/StructureDefinition/implementationguide-page","valueUri":"StructureDefinition-ProfilePractitionerRole.html"}],"reference":{"reference":"StructureDefinition/ProfilePractitionerRole"},"name":"Practitioner Role","description":"Role of practitioner.","exampleBoolean":false,"groupingId":"_str_profile"},{"extension":[{"url":"http://hl7.org/fhir/StructureDefinition/implementationguide-page","valueUri":"StructureDefinition-ProfileProcedureKlinic.html"}],"reference":{"reference":"StructureDefinition/ProfileProcedureKlinic"},"name":"Procedure","description":"Medical procedures in health.","exampleBoolean":false,"groupingId":"_str_profile"},{"extension":[{"url":"http://hl7.org/fhir/StructureDefinition/implementationguide-page","valueUri":"StructureDefinition-ProfileQuestionnaireResponseSurveyKlinic.html"}],"reference":{"reference":"StructureDefinition/ProfileQuestionnaireResponseSurveyKlinic"},"name":"Questionnaire response","description":"Questionnaire responses","exampleBoolean":false,"groupingId":"_str_profile"},{"extension":[{"url":"http://hl7.org/fhir/StructureDefinition/implementationguide-page","valueUri":"StructureDefinition-ProfileQuestionnaireSurveyKlinic.html"}],"reference":{"reference":"StructureDefinition/ProfileQuestionnaireSurveyKlinic"},"name":"Questionnaire","description":"Questionnaire of Survey","exampleBoolean":false,"groupingId":"_str_profile"},{"extension":[{"url":"http://hl7.org/fhir/StructureDefinition/implementationguide-page","valueUri":"StructureDefinition-ProfileScheduleKlinic.html"}],"reference":{"reference":"StructureDefinition/ProfileScheduleKlinic"},"name":"Schedule patient","description":"Schedule patient.","exampleBoolean":false,"groupingId":"_str_profile"},{"extension":[{"url":"http://hl7.org/fhir/StructureDefinition/implementationguide-page","valueUri":"StructureDefinition-ProfileServiceRequestKlinic.html"}],"reference":{"reference":"StructureDefinition/ProfileServiceRequestKlinic"},"name":"Service Request","description":"Medical order for health services.","exampleBoolean":false,"groupingId":"_str_profile"},{"extension":[{"url":"http://hl7.org/fhir/StructureDefinition/implementationguide-page","valueUri":"StructureDefinition-ProfileSlotKlinic.html"}],"reference":{"reference":"StructureDefinition/ProfileSlotKlinic"},"name":"Slot","description":"Agenda spaces available for appointment assignments.","exampleBoolean":false,"groupingId":"_str_profile"},{"extension":[{"url":"http://hl7.org/fhir/StructureDefinition/implementationguide-page","valueUri":"StructureDefinition-ProfileSpecimenKlinic.html"}],"reference":{"reference":"StructureDefinition/ProfileSpecimenKlinic"},"name":"Specimen","description":"A sample to be used for analysis.","exampleBoolean":false,"groupingId":"_str_profile"},{"extension":[{"url":"http://hl7.org/fhir/StructureDefinition/implementationguide-page","valueUri":"StructureDefinition-AccountAmountKlinic.html"}],"reference":{"reference":"StructureDefinition/AccountAmountKlinic"},"name":"Account Amount","description":"Amount of the account, which totals the services provided to the patient,","exampleBoolean":false,"groupingId":"_str_extension"},{"extension":[{"url":"http://hl7.org/fhir/StructureDefinition/implementationguide-page","valueUri":"StructureDefinition-AvailableTelemedicine.html"}],"reference":{"reference":"StructureDefinition/AvailableTelemedicine"},"name":"Admit telemedicine","description":"Active agenda for telemedicine care.","exampleBoolean":false,"groupingId":"_str_extension"},{"extension":[{"url":"http://hl7.org/fhir/StructureDefinition/implementationguide-page","valueUri":"StructureDefinition-BedWithOxygen.html"}],"reference":{"reference":"StructureDefinition/BedWithOxygen"},"name":"BedWithOxygen","description":"Indicator if a bed has oxygen or not","exampleBoolean":false,"groupingId":"_str_extension"},{"extension":[{"url":"http://hl7.org/fhir/StructureDefinition/implementationguide-page","valueUri":"StructureDefinition-BirthPlace.html"}],"reference":{"reference":"StructureDefinition/BirthPlace"},"name":"Birth Place","description":"Geographical location of birth of the patient.","exampleBoolean":false,"groupingId":"_str_extension"},{"extension":[{"url":"http://hl7.org/fhir/StructureDefinition/implementationguide-page","valueUri":"StructureDefinition-BonusAmountKlinic.html"}],"reference":{"reference":"StructureDefinition/BonusAmountKlinic"},"name":"Bonus Amount","description":"Amount of the bonus that legalizes the payment of the patient's account, totally or partially.","exampleBoolean":false,"groupingId":"_str_extension"},{"extension":[{"url":"http://hl7.org/fhir/StructureDefinition/implementationguide-page","valueUri":"StructureDefinition-CancelationDateTime.html"}],"reference":{"reference":"StructureDefinition/CancelationDateTime"},"name":"Fecha/Hora cancelacion cita","description":"Cate and time of cancellation of the appointment.","exampleBoolean":false,"groupingId":"_str_extension"},{"extension":[{"url":"http://hl7.org/fhir/StructureDefinition/implementationguide-page","valueUri":"StructureDefinition-CancelationSanction.html"}],"reference":{"reference":"StructureDefinition/CancelationSanction"},"name":"Sancion cancelacion cita","description":"Penalty for cancellation of appointment.","exampleBoolean":false,"groupingId":"_str_extension"},{"extension":[{"url":"http://hl7.org/fhir/StructureDefinition/implementationguide-page","valueUri":"StructureDefinition-Census.html"}],"reference":{"reference":"StructureDefinition/Census"},"name":"Census","description":"Census bed indicator","exampleBoolean":false,"groupingId":"_str_extension"},{"extension":[{"url":"http://hl7.org/fhir/StructureDefinition/implementationguide-page","valueUri":"StructureDefinition-ChargeBed.html"}],"reference":{"reference":"StructureDefinition/ChargeBed"},"name":"ChargeBed","description":"Indicator if a bed was charged or not","exampleBoolean":false,"groupingId":"_str_extension"},{"extension":[{"url":"http://hl7.org/fhir/StructureDefinition/implementationguide-page","valueUri":"StructureDefinition-ClinicalDischargeType.html"}],"reference":{"reference":"StructureDefinition/ClinicalDischargeType"},"name":"Clinical discharge type","description":"Types of clinical discharge of the patient, at the hospitalization and emergency level.","exampleBoolean":false,"groupingId":"_str_extension"},{"extension":[{"url":"http://hl7.org/fhir/StructureDefinition/implementationguide-page","valueUri":"StructureDefinition-ConsultationsAmountKlinic.html"}],"reference":{"reference":"StructureDefinition/ConsultationsAmountKlinic"},"name":"Consultations Amount","description":"Amount of consultations or health benefits, made to the patient.","exampleBoolean":false,"groupingId":"_str_extension"},{"extension":[{"url":"http://hl7.org/fhir/StructureDefinition/implementationguide-page","valueUri":"StructureDefinition-CopaymentAmountKlinic.html"}],"reference":{"reference":"StructureDefinition/CopaymentAmountKlinic"},"name":"Copayment Amount","description":"Amount of the copayment to be paid by the patient or their person in charge, if a value is pending after paying off their account against the value of the bond from their insurer.","exampleBoolean":false,"groupingId":"_str_extension"},{"extension":[{"url":"http://hl7.org/fhir/StructureDefinition/implementationguide-page","valueUri":"StructureDefinition-CulturalGroup.html"}],"reference":{"reference":"StructureDefinition/CulturalGroup"},"name":"Cultural group","description":"Cultural group to which the patient belongs.","exampleBoolean":false,"groupingId":"_str_extension"},{"extension":[{"url":"http://hl7.org/fhir/StructureDefinition/implementationguide-page","valueUri":"StructureDefinition-Disability.html"}],"reference":{"reference":"StructureDefinition/Disability"},"name":"Discapacidad del paciente","description":"Disability of the patient.","exampleBoolean":false,"groupingId":"_str_extension"},{"extension":[{"url":"http://hl7.org/fhir/StructureDefinition/implementationguide-page","valueUri":"StructureDefinition-EducationalLevelChile.html"}],"reference":{"reference":"StructureDefinition/EducationalLevelChile"},"name":"Education level","description":"Patient education level.","exampleBoolean":false,"groupingId":"_str_extension"},{"extension":[{"url":"http://hl7.org/fhir/StructureDefinition/implementationguide-page","valueUri":"StructureDefinition-EmployerOrganization.html"}],"reference":{"reference":"StructureDefinition/EmployerOrganization"},"name":"Enterprise Patient","description":"Company where the patient works.","exampleBoolean":false,"groupingId":"_str_extension"},{"extension":[{"url":"http://hl7.org/fhir/StructureDefinition/implementationguide-page","valueUri":"StructureDefinition-FathersFamily.html"}],"reference":{"reference":"StructureDefinition/FathersFamily"},"name":"Patient's first surname","description":"Patient's first surname.","exampleBoolean":false,"groupingId":"_str_extension"},{"extension":[{"url":"http://hl7.org/fhir/StructureDefinition/implementationguide-page","valueUri":"StructureDefinition-GenderIdentity.html"}],"reference":{"reference":"StructureDefinition/GenderIdentity"},"name":"Gender patient","description":"Gender with which the patient identifies.","exampleBoolean":false,"groupingId":"_str_extension"},{"extension":[{"url":"http://hl7.org/fhir/StructureDefinition/implementationguide-page","valueUri":"StructureDefinition-HoursOfOperation.html"}],"reference":{"reference":"StructureDefinition/HoursOfOperation"},"name":"HoursOfOperation","description":"Hours of attention of the schedule.","exampleBoolean":false,"groupingId":"_str_extension"},{"extension":[{"url":"http://hl7.org/fhir/StructureDefinition/implementationguide-page","valueUri":"StructureDefinition-IdExpeditionPlace.html"}],"reference":{"reference":"StructureDefinition/IdExpeditionPlace"},"name":"Place of issuance of patient identification","description":"Place of issuance of patient identification.","exampleBoolean":false,"groupingId":"_str_extension"},{"extension":[{"url":"http://hl7.org/fhir/StructureDefinition/implementationguide-page","valueUri":"StructureDefinition-MedicalFeesKlinic.html"}],"reference":{"reference":"StructureDefinition/MedicalFeesKlinic"},"name":"Medical Fees","description":"Medical fees that are charged to the patient's account, once the corresponding medical consultations have been made.","exampleBoolean":false,"groupingId":"_str_extension"},{"extension":[{"url":"http://hl7.org/fhir/StructureDefinition/implementationguide-page","valueUri":"StructureDefinition-MedicationAmount.html"}],"reference":{"reference":"StructureDefinition/MedicationAmount"},"name":"Medication Amount","description":"Amount of medication given to the patient and charged to his account.","exampleBoolean":false,"groupingId":"_str_extension"},{"extension":[{"url":"http://hl7.org/fhir/StructureDefinition/implementationguide-page","valueUri":"StructureDefinition-MothersFamily.html"}],"reference":{"reference":"StructureDefinition/MothersFamily"},"name":"Second surname patient","description":"Second surname of the patient.","exampleBoolean":false,"groupingId":"_str_extension"},{"extension":[{"url":"http://hl7.org/fhir/StructureDefinition/implementationguide-page","valueUri":"StructureDefinition-MultipleOccupation.html"}],"reference":{"reference":"StructureDefinition/MultipleOccupation"},"name":"MultipleOccupation","description":"Describes whether a location admits multiple patients or professionals","exampleBoolean":false,"groupingId":"_str_extension"},{"extension":[{"url":"http://hl7.org/fhir/StructureDefinition/implementationguide-page","valueUri":"StructureDefinition-Nationality.html"}],"reference":{"reference":"StructureDefinition/Nationality"},"name":"Nationality patient","description":"Nationality of the patient.","exampleBoolean":false,"groupingId":"_str_extension"},{"extension":[{"url":"http://hl7.org/fhir/StructureDefinition/implementationguide-page","valueUri":"StructureDefinition-NewBorn.html"}],"reference":{"reference":"StructureDefinition/NewBorn"},"name":"Newborn","description":"Extension that allows registering whether or not the patient is a newborn.","exampleBoolean":false,"groupingId":"_str_extension"},{"extension":[{"url":"http://hl7.org/fhir/StructureDefinition/implementationguide-page","valueUri":"StructureDefinition-Ocupation.html"}],"reference":{"reference":"StructureDefinition/Ocupation"},"name":"Patient occupation","description":"Patient occupation.","exampleBoolean":false,"groupingId":"_str_extension"},{"extension":[{"url":"http://hl7.org/fhir/StructureDefinition/implementationguide-page","valueUri":"StructureDefinition-OrganizationName.html"}],"reference":{"reference":"StructureDefinition/OrganizationName"},"name":"Patient company","description":"Patient company.","exampleBoolean":false,"groupingId":"_str_extension"},{"extension":[{"url":"http://hl7.org/fhir/StructureDefinition/implementationguide-page","valueUri":"StructureDefinition-OrganizationTelecom.html"}],"reference":{"reference":"StructureDefinition/OrganizationTelecom"},"name":"Telephone company patient","description":"Telephone contact company of the patient.","exampleBoolean":false,"groupingId":"_str_extension"},{"extension":[{"url":"http://hl7.org/fhir/StructureDefinition/implementationguide-page","valueUri":"StructureDefinition-PatientEthnicity.html"}],"reference":{"reference":"StructureDefinition/PatientEthnicity"},"name":"Ethnic group patient","description":"Ethnic group of the patient.","exampleBoolean":false,"groupingId":"_str_extension"},{"extension":[{"url":"http://hl7.org/fhir/StructureDefinition/implementationguide-page","valueUri":"StructureDefinition-PatientPopulationGroup.html"}],"reference":{"reference":"StructureDefinition/PatientPopulationGroup"},"name":"Population group patient","description":"Population group to which the patient belongs.","exampleBoolean":false,"groupingId":"_str_extension"},{"extension":[{"url":"http://hl7.org/fhir/StructureDefinition/implementationguide-page","valueUri":"StructureDefinition-PersonId.html"}],"reference":{"reference":"StructureDefinition/PersonId"},"name":"Patient identification","description":"Patient identification.","exampleBoolean":false,"groupingId":"_str_extension"},{"extension":[{"url":"http://hl7.org/fhir/StructureDefinition/implementationguide-page","valueUri":"StructureDefinition-QuotaPatient.html"}],"reference":{"reference":"StructureDefinition/QuotaPatient"},"name":"Quota Patient","description":"Number of patients admitted in the agenda.","exampleBoolean":false,"groupingId":"_str_extension"},{"extension":[{"url":"http://hl7.org/fhir/StructureDefinition/implementationguide-page","valueUri":"StructureDefinition-RateModality.html"}],"reference":{"reference":"StructureDefinition/RateModality"},"name":"Rate modality","description":"Rate mode on the services provided to the patient, according to their stay in the facilities where health services are provided.","exampleBoolean":false,"groupingId":"_str_extension"},{"extension":[{"url":"http://hl7.org/fhir/StructureDefinition/implementationguide-page","valueUri":"StructureDefinition-RegionalLocationIdentifier.html"}],"reference":{"reference":"StructureDefinition/RegionalLocationIdentifier"},"name":"Regional location identifier","description":"Identification of the regional location of residence of the patient.","exampleBoolean":false,"groupingId":"_str_extension"},{"extension":[{"url":"http://hl7.org/fhir/StructureDefinition/implementationguide-page","valueUri":"StructureDefinition-Religion.html"}],"reference":{"reference":"StructureDefinition/Religion"},"name":"Religion","description":"Religion patient.","exampleBoolean":false,"groupingId":"_str_extension"},{"extension":[{"url":"http://hl7.org/fhir/StructureDefinition/implementationguide-page","valueUri":"StructureDefinition-ServicePartOf.html"}],"reference":{"reference":"StructureDefinition/ServicePartOf"},"name":"Subservices","description":"Subservices on health services.","exampleBoolean":false,"groupingId":"_str_extension"},{"extension":[{"url":"http://hl7.org/fhir/StructureDefinition/implementationguide-page","valueUri":"StructureDefinition-SuppliesAmountKlinic.html"}],"reference":{"reference":"StructureDefinition/SuppliesAmountKlinic"},"name":"Supplies Amount","description":"Amount of supplies charged to the patient's account, according to the medical benefits performed.","exampleBoolean":false,"groupingId":"_str_extension"},{"extension":[{"url":"http://hl7.org/fhir/StructureDefinition/implementationguide-page","valueUri":"StructureDefinition-VirtualBed.html"}],"reference":{"reference":"StructureDefinition/VirtualBed"},"name":"VirtualBed","description":"Indicator if a bed is virtual or not.","exampleBoolean":false,"groupingId":"_str_extension"},{"extension":[{"url":"http://hl7.org/fhir/StructureDefinition/implementationguide-page","valueUri":"CodeSystem-CoveragesTypeCl.html"}],"reference":{"reference":"CodeSystem/CoveragesTypeCl"},"name":"CoveragesTypeCl","description":"This is a coding system that contains the types of health coverage applicable to the Chilean jurisdiction.","exampleBoolean":false,"groupingId":"_term_codesystem"},{"extension":[{"url":"http://hl7.org/fhir/StructureDefinition/implementationguide-page","valueUri":"CodeSystem-EducationalLevelChile.html"}],"reference":{"reference":"CodeSystem/EducationalLevelChile"},"name":"Nivel Educativo Chile","exampleBoolean":false,"groupingId":"_term_codesystem"},{"extension":[{"url":"http://hl7.org/fhir/StructureDefinition/implementationguide-page","valueUri":"CodeSystem-ISAPRES.html"}],"reference":{"reference":"CodeSystem/ISAPRES"},"name":"ISAPRES","description":"This is a coding system that contains the insurance organizations classified in ISAPRES..","exampleBoolean":false,"groupingId":"_term_codesystem"},{"extension":[{"url":"http://hl7.org/fhir/StructureDefinition/implementationguide-page","valueUri":"CodeSystem-RatesModalityINDISA.html"}],"reference":{"reference":"CodeSystem/RatesModalityINDISA"},"name":"RatesModalityINDISA","description":"This is a coding system that contains the rate modality codes for the interoperability scenario of INDISA (Chile).","exampleBoolean":false,"groupingId":"_term_codesystem"},{"extension":[{"url":"http://hl7.org/fhir/StructureDefinition/implementationguide-page","valueUri":"CodeSystem-TramosFONASA.html"}],"reference":{"reference":"CodeSystem/TramosFONASA"},"name":"TramosFONASA","description":"This is a coding system that contains the the sections (tramos) of FONASA.","exampleBoolean":false,"groupingId":"_term_codesystem"},{"extension":[{"url":"http://hl7.org/fhir/StructureDefinition/implementationguide-page","valueUri":"Bundle-Bundle-Example-Bundle-Document-0ddcb465.html"}],"reference":{"reference":"Bundle/Bundle-Example-Bundle-Document-0ddcb465"},"name":"Bundle-Example-Bundle-Document-0ddcb465","exampleBoolean":true,"groupingId":"_ex_example"},{"extension":[{"url":"http://hl7.org/fhir/StructureDefinition/implementationguide-page","valueUri":"Device-Device-Example-Device-43g37a87.html"}],"reference":{"reference":"Device/Device-Example-Device-43g37a87"},"name":"Device-Example-Device-43g37a87","exampleBoolean":true,"groupingId":"_ex_example"},{"extension":[{"url":"http://hl7.org/fhir/StructureDefinition/implementationguide-page","valueUri":"Account-Example-Account-6f674e96.html"}],"reference":{"reference":"Account/Example-Account-6f674e96"},"name":"Example-Account-6f674e96","description":"Cuenta referente a las atenciones del paciente en el ambito ambulatorio.","exampleBoolean":true,"groupingId":"_ex_example"},{"extension":[{"url":"http://hl7.org/fhir/StructureDefinition/implementationguide-page","valueUri":"Appointment-Example-Appointment-05c86b7b-4fad.html"}],"reference":{"reference":"Appointment/Example-Appointment-05c86b7b-4fad"},"name":"Example-Appointment-05c86b7b-4fad","exampleBoolean":true,"groupingId":"_ex_example"},{"extension":[{"url":"http://hl7.org/fhir/StructureDefinition/implementationguide-page","valueUri":"Appointment-Example-Appointment-05c86b7b-5drg.html"}],"reference":{"reference":"Appointment/Example-Appointment-05c86b7b-5drg"},"name":"Example-Appointment-05c86b7b-5drg","exampleBoolean":true,"groupingId":"_ex_example"},{"extension":[{"url":"http://hl7.org/fhir/StructureDefinition/implementationguide-page","valueUri":"AppointmentResponse-Example-AppointmentResponse-05c86b7b.html"}],"reference":{"reference":"AppointmentResponse/Example-AppointmentResponse-05c86b7b"},"name":"Example-AppointmentResponse-05c86b7b","exampleBoolean":true,"groupingId":"_ex_example"},{"extension":[{"url":"http://hl7.org/fhir/StructureDefinition/implementationguide-page","valueUri":"Binary-Example-Binary-111213bi.html"}],"reference":{"reference":"Binary/Example-Binary-111213bi"},"name":"Example-Binary-111213bi","exampleBoolean":true,"groupingId":"_ex_example"},{"extension":[{"url":"http://hl7.org/fhir/StructureDefinition/implementationguide-page","valueUri":"Condition-Example-Condition-Imaging-414243ci.html"}],"reference":{"reference":"Condition/Example-Condition-Imaging-414243ci"},"name":"Example-Condition-Imaging-414243ci","exampleBoolean":true,"groupingId":"_ex_example"},{"extension":[{"url":"http://hl7.org/fhir/StructureDefinition/implementationguide-page","valueUri":"Coverage-Example-Coverage-fa7a571e.html"}],"reference":{"reference":"Coverage/Example-Coverage-fa7a571e"},"name":"Example-Coverage-fa7a571e","exampleBoolean":true,"groupingId":"_ex_example"},{"extension":[{"url":"http://hl7.org/fhir/StructureDefinition/implementationguide-page","valueUri":"Coverage-Example-Coverage-fa7a589f.html"}],"reference":{"reference":"Coverage/Example-Coverage-fa7a589f"},"name":"Example-Coverage-fa7a589f","exampleBoolean":true,"groupingId":"_ex_example"},{"extension":[{"url":"http://hl7.org/fhir/StructureDefinition/implementationguide-page","valueUri":"Device-Example-Device-757677dv.html"}],"reference":{"reference":"Device/Example-Device-757677dv"},"name":"Example-Device-757677dv","exampleBoolean":true,"groupingId":"_ex_example"},{"extension":[{"url":"http://hl7.org/fhir/StructureDefinition/implementationguide-page","valueUri":"Device-Example-Device-898989dv.html"}],"reference":{"reference":"Device/Example-Device-898989dv"},"name":"Example-Device-898989dv","exampleBoolean":true,"groupingId":"_ex_example"},{"extension":[{"url":"http://hl7.org/fhir/StructureDefinition/implementationguide-page","valueUri":"DiagnosticReport-Example-DiagnosticReport-Antibiogram-3894.html"}],"reference":{"reference":"DiagnosticReport/Example-DiagnosticReport-Antibiogram-3894"},"name":"Example-DiagnosticReport-Antibiogram-3894","exampleBoolean":true,"groupingId":"_ex_example"},{"extension":[{"url":"http://hl7.org/fhir/StructureDefinition/implementationguide-page","valueUri":"DiagnosticReport-Example-DiagnosticReport-Imaging-u584i.html"}],"reference":{"reference":"DiagnosticReport/Example-DiagnosticReport-Imaging-u584i"},"name":"Example-DiagnosticReport-Imaging-u584i","exampleBoolean":true,"groupingId":"_ex_example"},{"extension":[{"url":"http://hl7.org/fhir/StructureDefinition/implementationguide-page","valueUri":"DiagnosticReport-Example-DiagnosticReport-Laboratory-265653656yf.html"}],"reference":{"reference":"DiagnosticReport/Example-DiagnosticReport-Laboratory-265653656yf"},"name":"Example-DiagnosticReport-Laboratory-265653656yf","exampleBoolean":true,"groupingId":"_ex_example"},{"extension":[{"url":"http://hl7.org/fhir/StructureDefinition/implementationguide-page","valueUri":"DiagnosticReport-Example-DiagnosticReport-Laboratory-6543g8au.html"}],"reference":{"reference":"DiagnosticReport/Example-DiagnosticReport-Laboratory-6543g8au"},"name":"Example-DiagnosticReport-Laboratory-6543g8au","exampleBoolean":true,"groupingId":"_ex_example"},{"extension":[{"url":"http://hl7.org/fhir/StructureDefinition/implementationguide-page","valueUri":"DiagnosticReport-Example-DiagnosticReport-Laboratory-782823899957f.html"}],"reference":{"reference":"DiagnosticReport/Example-DiagnosticReport-Laboratory-782823899957f"},"name":"Example-DiagnosticReport-Laboratory-782823899957f","exampleBoolean":true,"groupingId":"_ex_example"},{"extension":[{"url":"http://hl7.org/fhir/StructureDefinition/implementationguide-page","valueUri":"Composition-Example-Document-99294f378fec.html"}],"reference":{"reference":"Composition/Example-Document-99294f378fec"},"name":"Example-Document-99294f378fec","exampleBoolean":true,"groupingId":"_ex_example"},{"extension":[{"url":"http://hl7.org/fhir/StructureDefinition/implementationguide-page","valueUri":"Composition-Example-Document-c1b9fc94f1af.html"}],"reference":{"reference":"Composition/Example-Document-c1b9fc94f1af"},"name":"Example-Document-c1b9fc94f1af","exampleBoolean":true,"groupingId":"_ex_example"},{"extension":[{"url":"http://hl7.org/fhir/StructureDefinition/implementationguide-page","valueUri":"Composition-Example-Document-imagingreport-y787434ir.html"}],"reference":{"reference":"Composition/Example-Document-imagingreport-y787434ir"},"name":"Example-Document-imagingreport-y787434ir","exampleBoolean":true,"groupingId":"_ex_example"},{"extension":[{"url":"http://hl7.org/fhir/StructureDefinition/implementationguide-page","valueUri":"Encounter-Example-Encounter-963b1515.html"}],"reference":{"reference":"Encounter/Example-Encounter-963b1515"},"name":"Example-Encounter-963b1515","exampleBoolean":true,"groupingId":"_ex_example"},{"extension":[{"url":"http://hl7.org/fhir/StructureDefinition/implementationguide-page","valueUri":"Encounter-Example-Encounter-963y1945.html"}],"reference":{"reference":"Encounter/Example-Encounter-963y1945"},"name":"Example-Encounter-963y1945","exampleBoolean":true,"groupingId":"_ex_example"},{"extension":[{"url":"http://hl7.org/fhir/StructureDefinition/implementationguide-page","valueUri":"Endpoint-Example-EndPoint-PACServer-676767endp.html"}],"reference":{"reference":"Endpoint/Example-EndPoint-PACServer-676767endp"},"name":"Example-EndPoint-PACServer-676767endp","exampleBoolean":true,"groupingId":"_ex_example"},{"extension":[{"url":"http://hl7.org/fhir/StructureDefinition/implementationguide-page","valueUri":"HealthcareService-Example-HealthcareService-20ede331.html"}],"reference":{"reference":"HealthcareService/Example-HealthcareService-20ede331"},"name":"Example-HealthcareService-20ede331","exampleBoolean":true,"groupingId":"_ex_example"},{"extension":[{"url":"http://hl7.org/fhir/StructureDefinition/implementationguide-page","valueUri":"ImagingStudy-Example-ImagingStudy-1.2.840.10008.86767.4545.87878.323.html"}],"reference":{"reference":"ImagingStudy/Example-ImagingStudy-1.2.840.10008.86767.4545.87878.323"},"name":"Example-ImagingStudy-1.2.840.10008.86767.4545.87878.323","description":"Estudio en parametros normales","exampleBoolean":true,"groupingId":"_ex_example"},{"extension":[{"url":"http://hl7.org/fhir/StructureDefinition/implementationguide-page","valueUri":"Location-Example-LocationArea-789789789789.html"}],"reference":{"reference":"Location/Example-LocationArea-789789789789"},"name":"Example-LocationArea-789789789789","description":"Hospital medical care.","exampleBoolean":true,"groupingId":"_ex_example"},{"extension":[{"url":"http://hl7.org/fhir/StructureDefinition/implementationguide-page","valueUri":"Location-Example-LocationBed-7819819819bn915.html"}],"reference":{"reference":"Location/Example-LocationBed-7819819819bn915"},"name":"Example-LocationBed-7819819819bn915","description":"Patient bed.","exampleBoolean":true,"groupingId":"_ex_example"},{"extension":[{"url":"http://hl7.org/fhir/StructureDefinition/implementationguide-page","valueUri":"Location-Example-LocationBuilding-7412389635sdf556.html"}],"reference":{"reference":"Location/Example-LocationBuilding-7412389635sdf556"},"name":"Example-LocationBuilding-7412389635sdf556","description":"Clinic and emergencies","exampleBoolean":true,"groupingId":"_ex_example"},{"extension":[{"url":"http://hl7.org/fhir/StructureDefinition/implementationguide-page","valueUri":"Location-Example-LocationFuncionalUnit-16558949sf878498.html"}],"reference":{"reference":"Location/Example-LocationFuncionalUnit-16558949sf878498"},"name":"Example-LocationFuncionalUnit-16558949sf878498","description":"blood component laboratory / emergency pharmacy","exampleBoolean":true,"groupingId":"_ex_example"},{"extension":[{"url":"http://hl7.org/fhir/StructureDefinition/implementationguide-page","valueUri":"Location-Example-LocationLaboratory-51654689466d55.html"}],"reference":{"reference":"Location/Example-LocationLaboratory-51654689466d55"},"name":"Example-LocationLaboratory-51654689466d55","description":"Blood component laboratory.","exampleBoolean":true,"groupingId":"_ex_example"},{"extension":[{"url":"http://hl7.org/fhir/StructureDefinition/implementationguide-page","valueUri":"Location-Example-LocationLocalUnit-789789789789.html"}],"reference":{"reference":"Location/Example-LocationLocalUnit-789789789789"},"name":"Example-LocationLocalUnit-789789789789","description":"Hospital medical care.","exampleBoolean":true,"groupingId":"_ex_example"},{"extension":[{"url":"http://hl7.org/fhir/StructureDefinition/implementationguide-page","valueUri":"Location-Example-LocationRoom-1245687952.html"}],"reference":{"reference":"Location/Example-LocationRoom-1245687952"},"name":"Example-LocationRoom-1245687952","description":"Hospitalization room.","exampleBoolean":true,"groupingId":"_ex_example"},{"extension":[{"url":"http://hl7.org/fhir/StructureDefinition/implementationguide-page","valueUri":"Media-Example-Media-3253255523yf.html"}],"reference":{"reference":"Media/Example-Media-3253255523yf"},"name":"Example-Media-3253255523yf","exampleBoolean":true,"groupingId":"_ex_example"},{"extension":[{"url":"http://hl7.org/fhir/StructureDefinition/implementationguide-page","valueUri":"Medication-Example-Medication-12345mdiny.html"}],"reference":{"reference":"Medication/Example-Medication-12345mdiny"},"name":"Example-Medication-12345mdiny","exampleBoolean":true,"groupingId":"_ex_example"},{"extension":[{"url":"http://hl7.org/fhir/StructureDefinition/implementationguide-page","valueUri":"Medication-Example-Medication-986756md.html"}],"reference":{"reference":"Medication/Example-Medication-986756md"},"name":"Example-Medication-986756md","exampleBoolean":true,"groupingId":"_ex_example"},{"extension":[{"url":"http://hl7.org/fhir/StructureDefinition/implementationguide-page","valueUri":"MedicationAdministration-Example-MedicationAdministration-123456mdadm.html"}],"reference":{"reference":"MedicationAdministration/Example-MedicationAdministration-123456mdadm"},"name":"Example-MedicationAdministration-123456mdadm","exampleBoolean":true,"groupingId":"_ex_example"},{"extension":[{"url":"http://hl7.org/fhir/StructureDefinition/implementationguide-page","valueUri":"MedicationDispense-Example-MedicationDispense-123456mdd.html"}],"reference":{"reference":"MedicationDispense/Example-MedicationDispense-123456mdd"},"name":"Example-MedicationDispense-123456mdd","exampleBoolean":true,"groupingId":"_ex_example"},{"extension":[{"url":"http://hl7.org/fhir/StructureDefinition/implementationguide-page","valueUri":"MedicationRequest-Example-MedicationRequest-123456mdr.html"}],"reference":{"reference":"MedicationRequest/Example-MedicationRequest-123456mdr"},"name":"Example-MedicationRequest-123456mdr","exampleBoolean":true,"groupingId":"_ex_example"},{"extension":[{"url":"http://hl7.org/fhir/StructureDefinition/implementationguide-page","valueUri":"MedicationRequest-Example-MedicationRequest-123456mdr1.html"}],"reference":{"reference":"MedicationRequest/Example-MedicationRequest-123456mdr1"},"name":"Example-MedicationRequest-123456mdr1","exampleBoolean":true,"groupingId":"_ex_example"},{"extension":[{"url":"http://hl7.org/fhir/StructureDefinition/implementationguide-page","valueUri":"MessageHeader-Example-MessageHeader-07bde3c45e7c.html"}],"reference":{"reference":"MessageHeader/Example-MessageHeader-07bde3c45e7c"},"name":"Example-MessageHeader-07bde3c45e7c","exampleBoolean":true,"groupingId":"_ex_example"},{"extension":[{"url":"http://hl7.org/fhir/StructureDefinition/implementationguide-page","valueUri":"MessageHeader-Example-MessageHeader-737630488u.html"}],"reference":{"reference":"MessageHeader/Example-MessageHeader-737630488u"},"name":"Example-MessageHeader-737630488u","exampleBoolean":true,"groupingId":"_ex_example"},{"extension":[{"url":"http://hl7.org/fhir/StructureDefinition/implementationguide-page","valueUri":"Observation-Example-Observation-3232352365gf.html"}],"reference":{"reference":"Observation/Example-Observation-3232352365gf"},"name":"Example-Observation-3232352365gf","exampleBoolean":true,"groupingId":"_ex_example"},{"extension":[{"url":"http://hl7.org/fhir/StructureDefinition/implementationguide-page","valueUri":"Observation-Example-Observation-643767367434f.html"}],"reference":{"reference":"Observation/Example-Observation-643767367434f"},"name":"Example-Observation-643767367434f","exampleBoolean":true,"groupingId":"_ex_example"},{"extension":[{"url":"http://hl7.org/fhir/StructureDefinition/implementationguide-page","valueUri":"Observation-Example-Observation-7373847387f.html"}],"reference":{"reference":"Observation/Example-Observation-7373847387f"},"name":"Example-Observation-7373847387f","exampleBoolean":true,"groupingId":"_ex_example"},{"extension":[{"url":"http://hl7.org/fhir/StructureDefinition/implementationguide-page","valueUri":"Observation-Example-Observation-Antibiogram-obx0.html"}],"reference":{"reference":"Observation/Example-Observation-Antibiogram-obx0"},"name":"Example-Observation-Antibiogram-obx0","exampleBoolean":true,"groupingId":"_ex_example"},{"extension":[{"url":"http://hl7.org/fhir/StructureDefinition/implementationguide-page","valueUri":"Observation-Example-Observation-Antibiogram-obx1.html"}],"reference":{"reference":"Observation/Example-Observation-Antibiogram-obx1"},"name":"Example-Observation-Antibiogram-obx1","exampleBoolean":true,"groupingId":"_ex_example"},{"extension":[{"url":"http://hl7.org/fhir/StructureDefinition/implementationguide-page","valueUri":"Observation-Example-Observation-Antibiogram-obx2.html"}],"reference":{"reference":"Observation/Example-Observation-Antibiogram-obx2"},"name":"Example-Observation-Antibiogram-obx2","exampleBoolean":true,"groupingId":"_ex_example"},{"extension":[{"url":"http://hl7.org/fhir/StructureDefinition/implementationguide-page","valueUri":"Observation-Example-Observation-Antibiogram-obx3.html"}],"reference":{"reference":"Observation/Example-Observation-Antibiogram-obx3"},"name":"Example-Observation-Antibiogram-obx3","exampleBoolean":true,"groupingId":"_ex_example"},{"extension":[{"url":"http://hl7.org/fhir/StructureDefinition/implementationguide-page","valueUri":"Observation-Example-Observation-Antibiogram-obx4.html"}],"reference":{"reference":"Observation/Example-Observation-Antibiogram-obx4"},"name":"Example-Observation-Antibiogram-obx4","exampleBoolean":true,"groupingId":"_ex_example"},{"extension":[{"url":"http://hl7.org/fhir/StructureDefinition/implementationguide-page","valueUri":"Observation-Example-Observation-Antibiogram-obx5.html"}],"reference":{"reference":"Observation/Example-Observation-Antibiogram-obx5"},"name":"Example-Observation-Antibiogram-obx5","exampleBoolean":true,"groupingId":"_ex_example"},{"extension":[{"url":"http://hl7.org/fhir/StructureDefinition/implementationguide-page","valueUri":"Location-Example-OperatingRoom-ads51ds5d145212ds.html"}],"reference":{"reference":"Location/Example-OperatingRoom-ads51ds5d145212ds"},"name":"Example-OperatingRoom-ads51ds5d145212ds","description":"Minor procedure operating room.","exampleBoolean":true,"groupingId":"_ex_example"},{"extension":[{"url":"http://hl7.org/fhir/StructureDefinition/implementationguide-page","valueUri":"Organization-Example-Organization-213134sd15148f.html"}],"reference":{"reference":"Organization/Example-Organization-213134sd15148f"},"name":"Example-Organization-213134sd15148f","exampleBoolean":true,"groupingId":"_ex_example"},{"extension":[{"url":"http://hl7.org/fhir/StructureDefinition/implementationguide-page","valueUri":"Organization-Example-Organization-Payor-2910416f.html"}],"reference":{"reference":"Organization/Example-Organization-Payor-2910416f"},"name":"Example-Organization-Payor-2910416f","exampleBoolean":true,"groupingId":"_ex_example"},{"extension":[{"url":"http://hl7.org/fhir/StructureDefinition/implementationguide-page","valueUri":"Patient-Example-Patient-2a6d66d1.html"}],"reference":{"reference":"Patient/Example-Patient-2a6d66d1"},"name":"Example-Patient-2a6d66d1","exampleBoolean":true,"groupingId":"_ex_example"},{"extension":[{"url":"http://hl7.org/fhir/StructureDefinition/implementationguide-page","valueUri":"Patient-Example-Patient-87356d0d.html"}],"reference":{"reference":"Patient/Example-Patient-87356d0d"},"name":"Example-Patient-87356d0d","exampleBoolean":true,"groupingId":"_ex_example"},{"extension":[{"url":"http://hl7.org/fhir/StructureDefinition/implementationguide-page","valueUri":"Location-Example-Pharmacy-51654689466d55.html"}],"reference":{"reference":"Location/Example-Pharmacy-51654689466d55"},"name":"Example-Pharmacy-51654689466d55","description":"Emergency pharmacy.","exampleBoolean":true,"groupingId":"_ex_example"},{"extension":[{"url":"http://hl7.org/fhir/StructureDefinition/implementationguide-page","valueUri":"Practitioner-Example-Practitioner-09709es9d.html"}],"reference":{"reference":"Practitioner/Example-Practitioner-09709es9d"},"name":"Example-Practitioner-09709es9d","exampleBoolean":true,"groupingId":"_ex_example"},{"extension":[{"url":"http://hl7.org/fhir/StructureDefinition/implementationguide-page","valueUri":"Practitioner-Example-Practitioner-4290sd6n.html"}],"reference":{"reference":"Practitioner/Example-Practitioner-4290sd6n"},"name":"Example-Practitioner-4290sd6n","exampleBoolean":true,"groupingId":"_ex_example"},{"extension":[{"url":"http://hl7.org/fhir/StructureDefinition/implementationguide-page","valueUri":"Practitioner-Example-Practitioner-4343433d.html"}],"reference":{"reference":"Practitioner/Example-Practitioner-4343433d"},"name":"Example-Practitioner-4343433d","exampleBoolean":true,"groupingId":"_ex_example"},{"extension":[{"url":"http://hl7.org/fhir/StructureDefinition/implementationguide-page","valueUri":"Practitioner-Example-Practitioner-746746379d.html"}],"reference":{"reference":"Practitioner/Example-Practitioner-746746379d"},"name":"Example-Practitioner-746746379d","exampleBoolean":true,"groupingId":"_ex_example"},{"extension":[{"url":"http://hl7.org/fhir/StructureDefinition/implementationguide-page","valueUri":"Practitioner-Example-Practitioner-78456er9f.html"}],"reference":{"reference":"Practitioner/Example-Practitioner-78456er9f"},"name":"Example-Practitioner-78456er9f","exampleBoolean":true,"groupingId":"_ex_example"},{"extension":[{"url":"http://hl7.org/fhir/StructureDefinition/implementationguide-page","valueUri":"Procedure-Example-ProcedureDevice-894536pd.html"}],"reference":{"reference":"Procedure/Example-ProcedureDevice-894536pd"},"name":"Example-ProcedureDevice-894536pd","exampleBoolean":true,"groupingId":"_ex_example"},{"extension":[{"url":"http://hl7.org/fhir/StructureDefinition/implementationguide-page","valueUri":"Procedure-Example-ProcedureSurgical-878773ps.html"}],"reference":{"reference":"Procedure/Example-ProcedureSurgical-878773ps"},"name":"Example-ProcedureSurgical-878773ps","exampleBoolean":true,"groupingId":"_ex_example"},{"extension":[{"url":"http://hl7.org/fhir/StructureDefinition/implementationguide-page","valueUri":"Questionnaire-Example-Questionnaire-7878008qu.html"}],"reference":{"reference":"Questionnaire/Example-Questionnaire-7878008qu"},"name":"Example-Questionnaire-7878008qu-of-Questionnaire","exampleBoolean":true,"groupingId":"_ex_example"},{"extension":[{"url":"http://hl7.org/fhir/StructureDefinition/implementationguide-page","valueUri":"QuestionnaireResponse-Example-Questionnaire-7878008qu.html"}],"reference":{"reference":"QuestionnaireResponse/Example-Questionnaire-7878008qu"},"name":"Example-Questionnaire-7878008qu-of-QuestionnaireResponse","exampleBoolean":true,"groupingId":"_ex_example"},{"extension":[{"url":"http://hl7.org/fhir/StructureDefinition/implementationguide-page","valueUri":"Schedule-Example-Schedule-d83f2b28.html"}],"reference":{"reference":"Schedule/Example-Schedule-d83f2b28"},"name":"Example-Schedule-d83f2b28","exampleBoolean":true,"groupingId":"_ex_example"},{"extension":[{"url":"http://hl7.org/fhir/StructureDefinition/implementationguide-page","valueUri":"ServiceRequest-Example-ServiceRequest-4948f6ad.html"}],"reference":{"reference":"ServiceRequest/Example-ServiceRequest-4948f6ad"},"name":"Example-ServiceRequest-4948f6ad","exampleBoolean":true,"groupingId":"_ex_example"},{"extension":[{"url":"http://hl7.org/fhir/StructureDefinition/implementationguide-page","valueUri":"ServiceRequest-Example-ServiceRequest-Imaging-87878hdim.html"}],"reference":{"reference":"ServiceRequest/Example-ServiceRequest-Imaging-87878hdim"},"name":"Example-ServiceRequest-Imaging-87878hdim","exampleBoolean":true,"groupingId":"_ex_example"},{"extension":[{"url":"http://hl7.org/fhir/StructureDefinition/implementationguide-page","valueUri":"ServiceRequest-Example-ServiceRequest-Laboratory-4637g6ad.html"}],"reference":{"reference":"ServiceRequest/Example-ServiceRequest-Laboratory-4637g6ad"},"name":"Example-ServiceRequest-Laboratory-4637g6ad","exampleBoolean":true,"groupingId":"_ex_example"},{"extension":[{"url":"http://hl7.org/fhir/StructureDefinition/implementationguide-page","valueUri":"ServiceRequest-Example-ServiceRequest-Laboratory-5688g6ay.html"}],"reference":{"reference":"ServiceRequest/Example-ServiceRequest-Laboratory-5688g6ay"},"name":"Example-ServiceRequest-Laboratory-5688g6ay","exampleBoolean":true,"groupingId":"_ex_example"},{"extension":[{"url":"http://hl7.org/fhir/StructureDefinition/implementationguide-page","valueUri":"ServiceRequest-Example-ServiceRequest-Laboratory-6745g6at.html"}],"reference":{"reference":"ServiceRequest/Example-ServiceRequest-Laboratory-6745g6at"},"name":"Example-ServiceRequest-Laboratory-6745g6at","exampleBoolean":true,"groupingId":"_ex_example"},{"extension":[{"url":"http://hl7.org/fhir/StructureDefinition/implementationguide-page","valueUri":"ServiceRequest-Example-ServiceRequest-Laboratory-7856f89ad.html"}],"reference":{"reference":"ServiceRequest/Example-ServiceRequest-Laboratory-7856f89ad"},"name":"Example-ServiceRequest-Laboratory-7856f89ad","exampleBoolean":true,"groupingId":"_ex_example"},{"extension":[{"url":"http://hl7.org/fhir/StructureDefinition/implementationguide-page","valueUri":"Slot-Example-Slot-f261cf86.html"}],"reference":{"reference":"Slot/Example-Slot-f261cf86"},"name":"Example-Slot-f261cf86","exampleBoolean":true,"groupingId":"_ex_example"},{"extension":[{"url":"http://hl7.org/fhir/StructureDefinition/implementationguide-page","valueUri":"Specimen-Example-Specimen-Blood-56789856d.html"}],"reference":{"reference":"Specimen/Example-Specimen-Blood-56789856d"},"name":"Example-Specimen-Blood-56789856d","exampleBoolean":true,"groupingId":"_ex_example"}],"page":{"nameUrl":"toc.html","title":"Table of Contents","generation":"html","page":[{"nameUrl":"index.html","title":"Home","generation":"markdown"},{"nameUrl":"messaging.html","title":"Messaging","generation":"markdown"},{"nameUrl":"artifacts.html","title":"Artifacts Summary","generation":"html","page":[{"nameUrl":"StructureDefinition-ProfileAccountKlinic.html","title":"Account","generation":"generated"},{"nameUrl":"StructureDefinition-ProfileAppointmentKlinic.html","title":"Appointment","generation":"generated"},{"nameUrl":"StructureDefinition-ProfileAppointmentResponseKlinic.html","title":"Appointment Response","generation":"generated"},{"nameUrl":"StructureDefinition-ProfileCompositionKlinic.html","title":"Document Electronic","generation":"generated"},{"nameUrl":"StructureDefinition-ProfileConditionKlinic.html","title":"Condition","generation":"generated"},{"nameUrl":"StructureDefinition-ProfileCoverageKlinic.html","title":"Coverage patient","generation":"generated"},{"nameUrl":"StructureDefinition-ProfileDeviceKlinic.html","title":"Device","generation":"generated"},{"nameUrl":"StructureDefinition-ProfileDiagnosticReportLabKlinic.html","title":"Diagnostic report for laboratory, imamging study and cardiovascular tests","generation":"generated"},{"nameUrl":"StructureDefinition-ProfileEndpointKlinic.html","title":"Endpoint","generation":"generated"},{"nameUrl":"StructureDefinition-ProfileHealthcareService.html","title":"Healthcare Service","generation":"generated"},{"nameUrl":"StructureDefinition-ProfileImagingStudyKlinic.html","title":"Imaging Study","generation":"generated"},{"nameUrl":"StructureDefinition-ProfileImplantableDeviceKlinic.html","title":"Device","generation":"generated"},{"nameUrl":"StructureDefinition-ProfileLocationAreaKlinic.html","title":"Location Area","generation":"generated"},{"nameUrl":"StructureDefinition-ProfileLocationBedKlinic.html","title":"Location Bed","generation":"generated"},{"nameUrl":"StructureDefinition-ProfileLocationBuildingKlinic.html","title":"Location Building","generation":"generated"},{"nameUrl":"StructureDefinition-ProfileLocationFunctionalUnitKlinic.html","title":"Location Functional Unit","generation":"generated"},{"nameUrl":"StructureDefinition-ProfileLocationRoomKlinic.html","title":"Location Room","generation":"generated"},{"nameUrl":"StructureDefinition-ProfileMedicationAdministrationKlinic.html","title":"Medication Administration","generation":"generated"},{"nameUrl":"StructureDefinition-ProfileMedicationDispenseKlinic.html","title":"Medication dispense","generation":"generated"},{"nameUrl":"StructureDefinition-ProfileMedicationKlinic.html","title":"Medication","generation":"generated"},{"nameUrl":"StructureDefinition-ProfileMedicationRequestKlinic.html","title":"Medication Request","generation":"generated"},{"nameUrl":"StructureDefinition-ProfileMessageHeaderKlinic.html","title":"Message header","generation":"generated"},{"nameUrl":"StructureDefinition-ProfileObservationLabKlinic.html","title":"Observation","generation":"generated"},{"nameUrl":"StructureDefinition-ProfileOrganizationHealthcareProviderKlinic.html","title":"Organization Healthcare Provider","generation":"generated"},{"nameUrl":"StructureDefinition-ProfilePatientKlinic.html","title":"Patient","generation":"generated"},{"nameUrl":"StructureDefinition-ProfilePractitionerKlinic.html","title":"Practitioner","generation":"generated"},{"nameUrl":"StructureDefinition-ProfilePractitionerRole.html","title":"Practitioner Role","generation":"generated"},{"nameUrl":"StructureDefinition-ProfileProcedureKlinic.html","title":"Procedure","generation":"generated"},{"nameUrl":"StructureDefinition-ProfileQuestionnaireResponseSurveyKlinic.html","title":"Questionnaire response","generation":"generated"},{"nameUrl":"StructureDefinition-ProfileQuestionnaireSurveyKlinic.html","title":"Questionnaire","generation":"generated"},{"nameUrl":"StructureDefinition-ProfileScheduleKlinic.html","title":"Schedule patient","generation":"generated"},{"nameUrl":"StructureDefinition-ProfileServiceRequestKlinic.html","title":"Service Request","generation":"generated"},{"nameUrl":"StructureDefinition-ProfileSlotKlinic.html","title":"Slot","generation":"generated"},{"nameUrl":"StructureDefinition-ProfileSpecimenKlinic.html","title":"Specimen","generation":"generated"},{"nameUrl":"StructureDefinition-AccountAmountKlinic.html","title":"Account Amount","generation":"generated"},{"nameUrl":"StructureDefinition-AvailableTelemedicine.html","title":"Admit telemedicine","generation":"generated"},{"nameUrl":"StructureDefinition-BedWithOxygen.html","title":"BedWithOxygen","generation":"generated"},{"nameUrl":"StructureDefinition-BirthPlace.html","title":"Birth Place","generation":"generated"},{"nameUrl":"StructureDefinition-BonusAmountKlinic.html","title":"Bonus Amount","generation":"generated"},{"nameUrl":"StructureDefinition-CancelationDateTime.html","title":"Fecha/Hora cancelacion cita","generation":"generated"},{"nameUrl":"StructureDefinition-CancelationSanction.html","title":"Sancion cancelacion cita","generation":"generated"},{"nameUrl":"StructureDefinition-Census.html","title":"Census","generation":"generated"},{"nameUrl":"StructureDefinition-ChargeBed.html","title":"ChargeBed","generation":"generated"},{"nameUrl":"StructureDefinition-ClinicalDischargeType.html","title":"Clinical discharge type","generation":"generated"},{"nameUrl":"StructureDefinition-ConsultationsAmountKlinic.html","title":"Consultations Amount","generation":"generated"},{"nameUrl":"StructureDefinition-CopaymentAmountKlinic.html","title":"Copayment Amount","generation":"generated"},{"nameUrl":"StructureDefinition-CulturalGroup.html","title":"Cultural group","generation":"generated"},{"nameUrl":"StructureDefinition-Disability.html","title":"Discapacidad del paciente","generation":"generated"},{"nameUrl":"StructureDefinition-EducationalLevelChile.html","title":"Education level","generation":"generated"},{"nameUrl":"StructureDefinition-EmployerOrganization.html","title":"Enterprise Patient","generation":"generated"},{"nameUrl":"StructureDefinition-FathersFamily.html","title":"Patient's first surname","generation":"generated"},{"nameUrl":"StructureDefinition-GenderIdentity.html","title":"Gender patient","generation":"generated"},{"nameUrl":"StructureDefinition-HoursOfOperation.html","title":"HoursOfOperation","generation":"generated"},{"nameUrl":"StructureDefinition-IdExpeditionPlace.html","title":"Place of issuance of patient identification","generation":"generated"},{"nameUrl":"StructureDefinition-MedicalFeesKlinic.html","title":"Medical Fees","generation":"generated"},{"nameUrl":"StructureDefinition-MedicationAmount.html","title":"Medication Amount","generation":"generated"},{"nameUrl":"StructureDefinition-MothersFamily.html","title":"Second surname patient","generation":"generated"},{"nameUrl":"StructureDefinition-MultipleOccupation.html","title":"MultipleOccupation","generation":"generated"},{"nameUrl":"StructureDefinition-Nationality.html","title":"Nationality patient","generation":"generated"},{"nameUrl":"StructureDefinition-NewBorn.html","title":"Newborn","generation":"generated"},{"nameUrl":"StructureDefinition-Ocupation.html","title":"Patient occupation","generation":"generated"},{"nameUrl":"StructureDefinition-OrganizationName.html","title":"Patient company","generation":"generated"},{"nameUrl":"StructureDefinition-OrganizationTelecom.html","title":"Telephone company patient","generation":"generated"},{"nameUrl":"StructureDefinition-PatientEthnicity.html","title":"Ethnic group patient","generation":"generated"},{"nameUrl":"StructureDefinition-PatientPopulationGroup.html","title":"Population group patient","generation":"generated"},{"nameUrl":"StructureDefinition-PersonId.html","title":"Patient identification","generation":"generated"},{"nameUrl":"StructureDefinition-QuotaPatient.html","title":"Quota Patient","generation":"generated"},{"nameUrl":"StructureDefinition-RateModality.html","title":"Rate modality","generation":"generated"},{"nameUrl":"StructureDefinition-RegionalLocationIdentifier.html","title":"Regional location identifier","generation":"generated"},{"nameUrl":"StructureDefinition-Religion.html","title":"Religion","generation":"generated"},{"nameUrl":"StructureDefinition-ServicePartOf.html","title":"Subservices","generation":"generated"},{"nameUrl":"StructureDefinition-SuppliesAmountKlinic.html","title":"Supplies Amount","generation":"generated"},{"nameUrl":"StructureDefinition-VirtualBed.html","title":"VirtualBed","generation":"generated"},{"nameUrl":"CodeSystem-CoveragesTypeCl.html","title":"CoveragesTypeCl","generation":"generated"},{"nameUrl":"CodeSystem-EducationalLevelChile.html","title":"Nivel Educativo Chile","generation":"generated"},{"nameUrl":"CodeSystem-ISAPRES.html","title":"ISAPRES","generation":"generated"},{"nameUrl":"CodeSystem-RatesModalityINDISA.html","title":"RatesModalityINDISA","generation":"generated"},{"nameUrl":"CodeSystem-TramosFONASA.html","title":"TramosFONASA","generation":"generated"},{"nameUrl":"Bundle-Bundle-Example-Bundle-Document-0ddcb465.html","title":"Bundle-Example-Bundle-Document-0ddcb465","generation":"generated"},{"nameUrl":"Device-Device-Example-Device-43g37a87.html","title":"Device-Example-Device-43g37a87","generation":"generated"},{"nameUrl":"Account-Example-Account-6f674e96.html","title":"Example-Account-6f674e96","generation":"generated"},{"nameUrl":"Appointment-Example-Appointment-05c86b7b-4fad.html","title":"Example-Appointment-05c86b7b-4fad","generation":"generated"},{"nameUrl":"Appointment-Example-Appointment-05c86b7b-5drg.html","title":"Example-Appointment-05c86b7b-5drg","generation":"generated"},{"nameUrl":"AppointmentResponse-Example-AppointmentResponse-05c86b7b.html","title":"Example-AppointmentResponse-05c86b7b","generation":"generated"},{"nameUrl":"Binary-Example-Binary-111213bi.html","title":"Example-Binary-111213bi","generation":"generated"},{"nameUrl":"Condition-Example-Condition-Imaging-414243ci.html","title":"Example-Condition-Imaging-414243ci","generation":"generated"},{"nameUrl":"Coverage-Example-Coverage-fa7a571e.html","title":"Example-Coverage-fa7a571e","generation":"generated"},{"nameUrl":"Coverage-Example-Coverage-fa7a589f.html","title":"Example-Coverage-fa7a589f","generation":"generated"},{"nameUrl":"Device-Example-Device-757677dv.html","title":"Example-Device-757677dv","generation":"generated"},{"nameUrl":"Device-Example-Device-898989dv.html","title":"Example-Device-898989dv","generation":"generated"},{"nameUrl":"DiagnosticReport-Example-DiagnosticReport-Antibiogram-3894.html","title":"Example-DiagnosticReport-Antibiogram-3894","generation":"generated"},{"nameUrl":"DiagnosticReport-Example-DiagnosticReport-Imaging-u584i.html","title":"Example-DiagnosticReport-Imaging-u584i","generation":"generated"},{"nameUrl":"DiagnosticReport-Example-DiagnosticReport-Laboratory-265653656yf.html","title":"Example-DiagnosticReport-Laboratory-265653656yf","generation":"generated"},{"nameUrl":"DiagnosticReport-Example-DiagnosticReport-Laboratory-6543g8au.html","title":"Example-DiagnosticReport-Laboratory-6543g8au","generation":"generated"},{"nameUrl":"DiagnosticReport-Example-DiagnosticReport-Laboratory-782823899957f.html","title":"Example-DiagnosticReport-Laboratory-782823899957f","generation":"generated"},{"nameUrl":"Composition-Example-Document-99294f378fec.html","title":"Example-Document-99294f378fec","generation":"generated"},{"nameUrl":"Composition-Example-Document-c1b9fc94f1af.html","title":"Example-Document-c1b9fc94f1af","generation":"generated"},{"nameUrl":"Composition-Example-Document-imagingreport-y787434ir.html","title":"Example-Document-imagingreport-y787434ir","generation":"generated"},{"nameUrl":"Encounter-Example-Encounter-963b1515.html","title":"Example-Encounter-963b1515","generation":"generated"},{"nameUrl":"Encounter-Example-Encounter-963y1945.html","title":"Example-Encounter-963y1945","generation":"generated"},{"nameUrl":"Endpoint-Example-EndPoint-PACServer-676767endp.html","title":"Example-EndPoint-PACServer-676767endp","generation":"generated"},{"nameUrl":"HealthcareService-Example-HealthcareService-20ede331.html","title":"Example-HealthcareService-20ede331","generation":"generated"},{"nameUrl":"ImagingStudy-Example-ImagingStudy-1.2.840.10008.86767.4545.87878.323.html","title":"Example-ImagingStudy-1.2.840.10008.86767.4545.87878.323","generation":"generated"},{"nameUrl":"Location-Example-LocationArea-789789789789.html","title":"Example-LocationArea-789789789789","generation":"generated"},{"nameUrl":"Location-Example-LocationBed-7819819819bn915.html","title":"Example-LocationBed-7819819819bn915","generation":"generated"},{"nameUrl":"Location-Example-LocationBuilding-7412389635sdf556.html","title":"Example-LocationBuilding-7412389635sdf556","generation":"generated"},{"nameUrl":"Location-Example-LocationFuncionalUnit-16558949sf878498.html","title":"Example-LocationFuncionalUnit-16558949sf878498","generation":"generated"},{"nameUrl":"Location-Example-LocationLaboratory-51654689466d55.html","title":"Example-LocationLaboratory-51654689466d55","generation":"generated"},{"nameUrl":"Location-Example-LocationLocalUnit-789789789789.html","title":"Example-LocationLocalUnit-789789789789","generation":"generated"},{"nameUrl":"Location-Example-LocationRoom-1245687952.html","title":"Example-LocationRoom-1245687952","generation":"generated"},{"nameUrl":"Media-Example-Media-3253255523yf.html","title":"Example-Media-3253255523yf","generation":"generated"},{"nameUrl":"Medication-Example-Medication-12345mdiny.html","title":"Example-Medication-12345mdiny","generation":"generated"},{"nameUrl":"Medication-Example-Medication-986756md.html","title":"Example-Medication-986756md","generation":"generated"},{"nameUrl":"MedicationAdministration-Example-MedicationAdministration-123456mdadm.html","title":"Example-MedicationAdministration-123456mdadm","generation":"generated"},{"nameUrl":"MedicationDispense-Example-MedicationDispense-123456mdd.html","title":"Example-MedicationDispense-123456mdd","generation":"generated"},{"nameUrl":"MedicationRequest-Example-MedicationRequest-123456mdr.html","title":"Example-MedicationRequest-123456mdr","generation":"generated"},{"nameUrl":"MedicationRequest-Example-MedicationRequest-123456mdr1.html","title":"Example-MedicationRequest-123456mdr1","generation":"generated"},{"nameUrl":"MessageHeader-Example-MessageHeader-07bde3c45e7c.html","title":"Example-MessageHeader-07bde3c45e7c","generation":"generated"},{"nameUrl":"MessageHeader-Example-MessageHeader-737630488u.html","title":"Example-MessageHeader-737630488u","generation":"generated"},{"nameUrl":"Observation-Example-Observation-3232352365gf.html","title":"Example-Observation-3232352365gf","generation":"generated"},{"nameUrl":"Observation-Example-Observation-643767367434f.html","title":"Example-Observation-643767367434f","generation":"generated"},{"nameUrl":"Observation-Example-Observation-7373847387f.html","title":"Example-Observation-7373847387f","generation":"generated"},{"nameUrl":"Observation-Example-Observation-Antibiogram-obx0.html","title":"Example-Observation-Antibiogram-obx0","generation":"generated"},{"nameUrl":"Observation-Example-Observation-Antibiogram-obx1.html","title":"Example-Observation-Antibiogram-obx1","generation":"generated"},{"nameUrl":"Observation-Example-Observation-Antibiogram-obx2.html","title":"Example-Observation-Antibiogram-obx2","generation":"generated"},{"nameUrl":"Observation-Example-Observation-Antibiogram-obx3.html","title":"Example-Observation-Antibiogram-obx3","generation":"generated"},{"nameUrl":"Observation-Example-Observation-Antibiogram-obx4.html","title":"Example-Observation-Antibiogram-obx4","generation":"generated"},{"nameUrl":"Observation-Example-Observation-Antibiogram-obx5.html","title":"Example-Observation-Antibiogram-obx5","generation":"generated"},{"nameUrl":"Location-Example-OperatingRoom-ads51ds5d145212ds.html","title":"Example-OperatingRoom-ads51ds5d145212ds","generation":"generated"},{"nameUrl":"Organization-Example-Organization-213134sd15148f.html","title":"Example-Organization-213134sd15148f","generation":"generated"},{"nameUrl":"Organization-Example-Organization-Payor-2910416f.html","title":"Example-Organization-Payor-2910416f","generation":"generated"},{"nameUrl":"Patient-Example-Patient-2a6d66d1.html","title":"Example-Patient-2a6d66d1","generation":"generated"},{"nameUrl":"Patient-Example-Patient-87356d0d.html","title":"Example-Patient-87356d0d","generation":"generated"},{"nameUrl":"Location-Example-Pharmacy-51654689466d55.html","title":"Example-Pharmacy-51654689466d55","generation":"generated"},{"nameUrl":"Practitioner-Example-Practitioner-09709es9d.html","title":"Example-Practitioner-09709es9d","generation":"generated"},{"nameUrl":"Practitioner-Example-Practitioner-4290sd6n.html","title":"Example-Practitioner-4290sd6n","generation":"generated"},{"nameUrl":"Practitioner-Example-Practitioner-4343433d.html","title":"Example-Practitioner-4343433d","generation":"generated"},{"nameUrl":"Practitioner-Example-Practitioner-746746379d.html","title":"Example-Practitioner-746746379d","generation":"generated"},{"nameUrl":"Practitioner-Example-Practitioner-78456er9f.html","title":"Example-Practitioner-78456er9f","generation":"generated"},{"nameUrl":"Procedure-Example-ProcedureDevice-894536pd.html","title":"Example-ProcedureDevice-894536pd","generation":"generated"},{"nameUrl":"Procedure-Example-ProcedureSurgical-878773ps.html","title":"Example-ProcedureSurgical-878773ps","generation":"generated"},{"nameUrl":"Questionnaire-Example-Questionnaire-7878008qu.html","title":"Example-Questionnaire-7878008qu-of-Questionnaire","generation":"generated"},{"nameUrl":"QuestionnaireResponse-Example-Questionnaire-7878008qu.html","title":"Example-Questionnaire-7878008qu-of-QuestionnaireResponse","generation":"generated"},{"nameUrl":"Schedule-Example-Schedule-d83f2b28.html","title":"Example-Schedule-d83f2b28","generation":"generated"},{"nameUrl":"ServiceRequest-Example-ServiceRequest-4948f6ad.html","title":"Example-ServiceRequest-4948f6ad","generation":"generated"},{"nameUrl":"ServiceRequest-Example-ServiceRequest-Imaging-87878hdim.html","title":"Example-ServiceRequest-Imaging-87878hdim","generation":"generated"},{"nameUrl":"ServiceRequest-Example-ServiceRequest-Laboratory-4637g6ad.html","title":"Example-ServiceRequest-Laboratory-4637g6ad","generation":"generated"},{"nameUrl":"ServiceRequest-Example-ServiceRequest-Laboratory-5688g6ay.html","title":"Example-ServiceRequest-Laboratory-5688g6ay","generation":"generated"},{"nameUrl":"ServiceRequest-Example-ServiceRequest-Laboratory-6745g6at.html","title":"Example-ServiceRequest-Laboratory-6745g6at","generation":"generated"},{"nameUrl":"ServiceRequest-Example-ServiceRequest-Laboratory-7856f89ad.html","title":"Example-ServiceRequest-Laboratory-7856f89ad","generation":"generated"},{"nameUrl":"Slot-Example-Slot-f261cf86.html","title":"Example-Slot-f261cf86","generation":"generated"},{"nameUrl":"Specimen-Example-Specimen-Blood-56789856d.html","title":"Example-Specimen-Blood-56789856d","generation":"generated"}]}]},"parameter":[{"code":"path-resource","value":"input/capabilities"},{"code":"path-resource","value":"input/examples"},{"code":"path-resource","value":"input/extensions"},{"code":"path-resource","value":"input/models"},{"code":"path-resource","value":"input/operations"},{"code":"path-resource","value":"input/profiles"},{"code":"path-resource","value":"input/resources"},{"code":"path-resource","value":"input/vocabulary"},{"code":"path-resource","value":"input/maps"},{"code":"path-resource","value":"input/testing"},{"code":"path-resource","value":"input/history"},{"code":"path-resource","value":"fsh-generated/resources"},{"code":"path-pages","value":"template/config"},{"code":"path-pages","value":"input/images"},{"code":"path-tx-cache","value":"input-cache/txcache"}]}}