{"resourceType":"ImplementationGuide","id":"fhir.digital-ware.klinic-api-fhir","text":{"status":"extensions","div":"<div xmlns=\"http://www.w3.org/1999/xhtml\"><h2>klinicapifhir</h2><p>The official URL for this implementation guide is: </p><pre>https://digitalware-klinic.github.io/fhir/indisa/ImplementationGuide/fhir.digital-ware.klinic-api-fhir</pre><div><p>FHIR implementation guide for Klinic API FHIR (Klinic-HIS) interoperability scenarios, edited by DigitalWare S.A.</p>\n</div></div>"},"url":"https://digitalware-klinic.github.io/fhir/indisa/ImplementationGuide/fhir.digital-ware.klinic-api-fhir","version":"1.0","name":"klinicapifhir","title":"Klinic API FHIR Implementation Guide: IG Release 1 - Digital Ware S.A.","status":"active","date":"2021-02-10T18:43:59-05:00","publisher":"DigitalWare S.A. - Klinic-HIS","description":"FHIR implementation guide for Klinic API FHIR (Klinic-HIS) interoperability scenarios, edited by DigitalWare S.A.","packageId":"fhir.digital-ware.klinic-api-fhir","license":"CC0-1.0","fhirVersion":["4.0.1"],"definition":{"extension":[{"extension":[{"url":"code","valueString":"copyrightyear"},{"url":"value","valueString":"2021+"}],"url":"http://hl7.org/fhir/tools/StructureDefinition/ig-parameter"},{"extension":[{"url":"code","valueString":"releaselabel"},{"url":"value","valueString":"trial-use"}],"url":"http://hl7.org/fhir/tools/StructureDefinition/ig-parameter"},{"extension":[{"url":"code","valueString":"path-liquid"},{"url":"value","valueString":"template/liquid"}],"url":"http://hl7.org/fhir/tools/StructureDefinition/ig-parameter"},{"extension":[{"url":"code","valueString":"path-liquid"},{"url":"value","valueString":"input/liquid"}],"url":"http://hl7.org/fhir/tools/StructureDefinition/ig-parameter"},{"extension":[{"url":"code","valueString":"path-qa"},{"url":"value","valueString":"temp/qa"}],"url":"http://hl7.org/fhir/tools/StructureDefinition/ig-parameter"},{"extension":[{"url":"code","valueString":"path-temp"},{"url":"value","valueString":"temp/pages"}],"url":"http://hl7.org/fhir/tools/StructureDefinition/ig-parameter"},{"extension":[{"url":"code","valueString":"path-output"},{"url":"value","valueString":"output"}],"url":"http://hl7.org/fhir/tools/StructureDefinition/ig-parameter"},{"extension":[{"url":"code","valueString":"path-suppressed-warnings"},{"url":"value","valueString":"input/ignoreWarnings.txt"}],"url":"http://hl7.org/fhir/tools/StructureDefinition/ig-parameter"},{"extension":[{"url":"code","valueString":"path-history"},{"url":"value","valueString":"https://digitalware-klinic.github.io/fhir/indisa/history.html"}],"url":"http://hl7.org/fhir/tools/StructureDefinition/ig-parameter"},{"extension":[{"url":"code","valueString":"template-html"},{"url":"value","valueString":"template-page.html"}],"url":"http://hl7.org/fhir/tools/StructureDefinition/ig-parameter"},{"extension":[{"url":"code","valueString":"template-md"},{"url":"value","valueString":"template-page-md.html"}],"url":"http://hl7.org/fhir/tools/StructureDefinition/ig-parameter"},{"extension":[{"url":"code","valueString":"apply-contact"},{"url":"value","valueString":"true"}],"url":"http://hl7.org/fhir/tools/StructureDefinition/ig-parameter"},{"extension":[{"url":"code","valueString":"apply-context"},{"url":"value","valueString":"true"}],"url":"http://hl7.org/fhir/tools/StructureDefinition/ig-parameter"},{"extension":[{"url":"code","valueString":"apply-copyright"},{"url":"value","valueString":"true"}],"url":"http://hl7.org/fhir/tools/StructureDefinition/ig-parameter"},{"extension":[{"url":"code","valueString":"apply-jurisdiction"},{"url":"value","valueString":"true"}],"url":"http://hl7.org/fhir/tools/StructureDefinition/ig-parameter"},{"extension":[{"url":"code","valueString":"apply-license"},{"url":"value","valueString":"true"}],"url":"http://hl7.org/fhir/tools/StructureDefinition/ig-parameter"},{"extension":[{"url":"code","valueString":"apply-publisher"},{"url":"value","valueString":"true"}],"url":"http://hl7.org/fhir/tools/StructureDefinition/ig-parameter"},{"extension":[{"url":"code","valueString":"apply-version"},{"url":"value","valueString":"true"}],"url":"http://hl7.org/fhir/tools/StructureDefinition/ig-parameter"},{"extension":[{"url":"code","valueString":"active-tables"},{"url":"value","valueString":"true"}],"url":"http://hl7.org/fhir/tools/StructureDefinition/ig-parameter"}],"grouping":[{"id":"_str_profile","name":"Structures: Resource Profiles","description":"These define constraints on FHIR resources for systems conforming to this implementation guide"},{"id":"_str_extension","name":"Structures: Extension Definitions","description":"These define constraints on FHIR data types for systems conforming to this implementation guide"},{"id":"_ex_example","name":"Example: Example Instances","description":"These are example instances that show what data produced and consumed by systems conforming with this implementation guide might look like"}],"resource":[{"extension":[{"url":"http://hl7.org/fhir/StructureDefinition/implementationguide-page","valueUri":"StructureDefinition-LocationAreaKlinic.html"}],"reference":{"reference":"StructureDefinition/LocationAreaKlinic"},"name":"LocationAreaKlinic","exampleBoolean":false,"groupingId":"_str_profile"},{"extension":[{"url":"http://hl7.org/fhir/StructureDefinition/implementationguide-page","valueUri":"StructureDefinition-LocationBedKlinic.html"}],"reference":{"reference":"StructureDefinition/LocationBedKlinic"},"name":"LocationBedKlinic","exampleBoolean":false,"groupingId":"_str_profile"},{"extension":[{"url":"http://hl7.org/fhir/StructureDefinition/implementationguide-page","valueUri":"StructureDefinition-LocationBuildingKlinic.html"}],"reference":{"reference":"StructureDefinition/LocationBuildingKlinic"},"name":"LocationBuildingKlinic","exampleBoolean":false,"groupingId":"_str_profile"},{"extension":[{"url":"http://hl7.org/fhir/StructureDefinition/implementationguide-page","valueUri":"StructureDefinition-LocationFunctionalUnitKlinic.html"}],"reference":{"reference":"StructureDefinition/LocationFunctionalUnitKlinic"},"name":"LocationFunctionalUnitKlinic","exampleBoolean":false,"groupingId":"_str_profile"},{"extension":[{"url":"http://hl7.org/fhir/StructureDefinition/implementationguide-page","valueUri":"StructureDefinition-LocationRoomKlinic.html"}],"reference":{"reference":"StructureDefinition/LocationRoomKlinic"},"name":"LocationRoomKlinic","exampleBoolean":false,"groupingId":"_str_profile"},{"extension":[{"url":"http://hl7.org/fhir/StructureDefinition/implementationguide-page","valueUri":"StructureDefinition-OrganizationHealthcareProvider.html"}],"reference":{"reference":"StructureDefinition/OrganizationHealthcareProvider"},"name":"OrganizationHealthcareProvider","exampleBoolean":false,"groupingId":"_str_profile"},{"extension":[{"url":"http://hl7.org/fhir/StructureDefinition/implementationguide-page","valueUri":"StructureDefinition-PatientKlinic.html"}],"reference":{"reference":"StructureDefinition/PatientKlinic"},"name":"Patient Klinic API FHIR","description":"Perfil HL7 FHIR para el recurso Patient refinado para el contexto Klinic API FHIR.","exampleBoolean":false,"groupingId":"_str_profile"},{"extension":[{"url":"http://hl7.org/fhir/StructureDefinition/implementationguide-page","valueUri":"StructureDefinition-PerfilAppointment.html"}],"reference":{"reference":"StructureDefinition/PerfilAppointment"},"name":"PerfilAppointment","exampleBoolean":false,"groupingId":"_str_profile"},{"extension":[{"url":"http://hl7.org/fhir/StructureDefinition/implementationguide-page","valueUri":"StructureDefinition-PractitionerKlinic.html"}],"reference":{"reference":"StructureDefinition/PractitionerKlinic"},"name":"PractitionerKlinic","exampleBoolean":false,"groupingId":"_str_profile"},{"extension":[{"url":"http://hl7.org/fhir/StructureDefinition/implementationguide-page","valueUri":"StructureDefinition-ProfileHealthcareService.html"}],"reference":{"reference":"StructureDefinition/ProfileHealthcareService"},"name":"HealthcareService","exampleBoolean":false,"groupingId":"_str_profile"},{"extension":[{"url":"http://hl7.org/fhir/StructureDefinition/implementationguide-page","valueUri":"StructureDefinition-ProfileSchedule.html"}],"reference":{"reference":"StructureDefinition/ProfileSchedule"},"name":"Schedule patient","description":"Schedule patient","exampleBoolean":false,"groupingId":"_str_profile"},{"extension":[{"url":"http://hl7.org/fhir/StructureDefinition/implementationguide-page","valueUri":"StructureDefinition-SlotKlinic.html"}],"reference":{"reference":"StructureDefinition/SlotKlinic"},"name":"SlotKlinic","exampleBoolean":false,"groupingId":"_str_profile"},{"extension":[{"url":"http://hl7.org/fhir/StructureDefinition/implementationguide-page","valueUri":"StructureDefinition-AvailableTelemedicine.html"}],"reference":{"reference":"StructureDefinition/AvailableTelemedicine"},"name":"Admite telemedicina:","exampleBoolean":false,"groupingId":"_str_extension"},{"extension":[{"url":"http://hl7.org/fhir/StructureDefinition/implementationguide-page","valueUri":"StructureDefinition-BedWithOxygen.html"}],"reference":{"reference":"StructureDefinition/BedWithOxygen"},"name":"BedWithOxygen","description":"Indicator if a bed has oxygen or not","exampleBoolean":false,"groupingId":"_str_extension"},{"extension":[{"url":"http://hl7.org/fhir/StructureDefinition/implementationguide-page","valueUri":"StructureDefinition-BirthPlace.html"}],"reference":{"reference":"StructureDefinition/BirthPlace"},"name":"Lugar de nacimiento","description":"Localizacon geografica de nacimiento del paciente.","exampleBoolean":false,"groupingId":"_str_extension"},{"extension":[{"url":"http://hl7.org/fhir/StructureDefinition/implementationguide-page","valueUri":"StructureDefinition-CancelationDateTime.html"}],"reference":{"reference":"StructureDefinition/CancelationDateTime"},"name":"Fecha/Hora cancelacion cita","description":"Cancellation of the appointment.","exampleBoolean":false,"groupingId":"_str_extension"},{"extension":[{"url":"http://hl7.org/fhir/StructureDefinition/implementationguide-page","valueUri":"StructureDefinition-CancelationSanction.html"}],"reference":{"reference":"StructureDefinition/CancelationSanction"},"name":"Sancion cancelacion cita","description":"Penalty for cancellation of appointment.","exampleBoolean":false,"groupingId":"_str_extension"},{"extension":[{"url":"http://hl7.org/fhir/StructureDefinition/implementationguide-page","valueUri":"StructureDefinition-Census.html"}],"reference":{"reference":"StructureDefinition/Census"},"name":"Census","description":"Census bed indicator","exampleBoolean":false,"groupingId":"_str_extension"},{"extension":[{"url":"http://hl7.org/fhir/StructureDefinition/implementationguide-page","valueUri":"StructureDefinition-ChargeBed.html"}],"reference":{"reference":"StructureDefinition/ChargeBed"},"name":"ChargeBed","description":"Indicator if a bed was charged or not","exampleBoolean":false,"groupingId":"_str_extension"},{"extension":[{"url":"http://hl7.org/fhir/StructureDefinition/implementationguide-page","valueUri":"StructureDefinition-Disability.html"}],"reference":{"reference":"StructureDefinition/Disability"},"name":"Discapacidad del paciente","description":"Discapacidad del paciente.","exampleBoolean":false,"groupingId":"_str_extension"},{"extension":[{"url":"http://hl7.org/fhir/StructureDefinition/implementationguide-page","valueUri":"StructureDefinition-EducationalLevel.html"}],"reference":{"reference":"StructureDefinition/EducationalLevel"},"name":"Nivel educativo paciente","description":"Nivel de educacion del paciente","exampleBoolean":false,"groupingId":"_str_extension"},{"extension":[{"url":"http://hl7.org/fhir/StructureDefinition/implementationguide-page","valueUri":"StructureDefinition-EmployerOrganization.html"}],"reference":{"reference":"StructureDefinition/EmployerOrganization"},"name":"Empresa paciente","description":"Empresa donde labora el paciente","exampleBoolean":false,"groupingId":"_str_extension"},{"extension":[{"url":"http://hl7.org/fhir/StructureDefinition/implementationguide-page","valueUri":"StructureDefinition-Fathersfamily.html"}],"reference":{"reference":"StructureDefinition/Fathersfamily"},"name":"Primer Apellido del profesional de salud","description":"Primer apellido del profesional de salud.","exampleBoolean":false,"groupingId":"_str_extension"},{"extension":[{"url":"http://hl7.org/fhir/StructureDefinition/implementationguide-page","valueUri":"StructureDefinition-GenderIdentity.html"}],"reference":{"reference":"StructureDefinition/GenderIdentity"},"name":"Identidad de genero","description":"Genero con el cual el paciente se identifica.","exampleBoolean":false,"groupingId":"_str_extension"},{"extension":[{"url":"http://hl7.org/fhir/StructureDefinition/implementationguide-page","valueUri":"StructureDefinition-hoursOfOperation.html"}],"reference":{"reference":"StructureDefinition/hoursOfOperation"},"name":"HoursOfOperation","exampleBoolean":false,"groupingId":"_str_extension"},{"extension":[{"url":"http://hl7.org/fhir/StructureDefinition/implementationguide-page","valueUri":"StructureDefinition-IdExpeditionPlace.html"}],"reference":{"reference":"StructureDefinition/IdExpeditionPlace"},"name":"Lugar expedicion identificacion paciente","description":"Lugar expedicion identificacion paciente","exampleBoolean":false,"groupingId":"_str_extension"},{"extension":[{"url":"http://hl7.org/fhir/StructureDefinition/implementationguide-page","valueUri":"StructureDefinition-Mothersfamily.html"}],"reference":{"reference":"StructureDefinition/Mothersfamily"},"name":"Segundo apellido del profesional de salud","description":"Segundo apellido del profesional de salud.","exampleBoolean":false,"groupingId":"_str_extension"},{"extension":[{"url":"http://hl7.org/fhir/StructureDefinition/implementationguide-page","valueUri":"StructureDefinition-MultipleOccupation.html"}],"reference":{"reference":"StructureDefinition/MultipleOccupation"},"name":"MultipleOccupation","description":"Describes whether a location admits multiple patients or professionals","exampleBoolean":false,"groupingId":"_str_extension"},{"extension":[{"url":"http://hl7.org/fhir/StructureDefinition/implementationguide-page","valueUri":"StructureDefinition-Nationality.html"}],"reference":{"reference":"StructureDefinition/Nationality"},"name":"Nacionalidad del paciente","description":"Nacionalidad del paciente.","exampleBoolean":false,"groupingId":"_str_extension"},{"extension":[{"url":"http://hl7.org/fhir/StructureDefinition/implementationguide-page","valueUri":"StructureDefinition-NewBorn.html"}],"reference":{"reference":"StructureDefinition/NewBorn"},"name":"Recien Nacido","description":"Extension que permite registrar si el paciente es o no un recien nacido.","exampleBoolean":false,"groupingId":"_str_extension"},{"extension":[{"url":"http://hl7.org/fhir/StructureDefinition/implementationguide-page","valueUri":"StructureDefinition-Ocupation.html"}],"reference":{"reference":"StructureDefinition/Ocupation"},"name":"Ocupacion del paciente","description":"Ocupacion del paciente","exampleBoolean":false,"groupingId":"_str_extension"},{"extension":[{"url":"http://hl7.org/fhir/StructureDefinition/implementationguide-page","valueUri":"StructureDefinition-OrganizationName.html"}],"reference":{"reference":"StructureDefinition/OrganizationName"},"name":"OrganizationName","description":"Empresa del paciente","exampleBoolean":false,"groupingId":"_str_extension"},{"extension":[{"url":"http://hl7.org/fhir/StructureDefinition/implementationguide-page","valueUri":"StructureDefinition-OrganizationTelecom.html"}],"reference":{"reference":"StructureDefinition/OrganizationTelecom"},"name":"Telefono empresa paciente","description":"Telefono contacto empresa del paciente","exampleBoolean":false,"groupingId":"_str_extension"},{"extension":[{"url":"http://hl7.org/fhir/StructureDefinition/implementationguide-page","valueUri":"StructureDefinition-PatientEthnicity.html"}],"reference":{"reference":"StructureDefinition/PatientEthnicity"},"name":"Grupo etnico paciente","description":"Grupo etnico del paciente.","exampleBoolean":false,"groupingId":"_str_extension"},{"extension":[{"url":"http://hl7.org/fhir/StructureDefinition/implementationguide-page","valueUri":"StructureDefinition-PatientPopulationGroup.html"}],"reference":{"reference":"StructureDefinition/PatientPopulationGroup"},"name":"Grupo pobacional paciente","description":"Grupo poblacional al que pertenece el paciente.","exampleBoolean":false,"groupingId":"_str_extension"},{"extension":[{"url":"http://hl7.org/fhir/StructureDefinition/implementationguide-page","valueUri":"StructureDefinition-Personid.html"}],"reference":{"reference":"StructureDefinition/Personid"},"name":"Identificacion del paciente","description":"Identificacion del paciente.","exampleBoolean":false,"groupingId":"_str_extension"},{"extension":[{"url":"http://hl7.org/fhir/StructureDefinition/implementationguide-page","valueUri":"StructureDefinition-QuotaPatient.html"}],"reference":{"reference":"StructureDefinition/QuotaPatient"},"name":"Cupo pacientes:","exampleBoolean":false,"groupingId":"_str_extension"},{"extension":[{"url":"http://hl7.org/fhir/StructureDefinition/implementationguide-page","valueUri":"StructureDefinition-RegionalLocationIdentifier.html"}],"reference":{"reference":"StructureDefinition/RegionalLocationIdentifier"},"name":"Identificador regional","exampleBoolean":false,"groupingId":"_str_extension"},{"extension":[{"url":"http://hl7.org/fhir/StructureDefinition/implementationguide-page","valueUri":"StructureDefinition-ServicePartOf.html"}],"reference":{"reference":"StructureDefinition/ServicePartOf"},"name":"Subservicio","exampleBoolean":false,"groupingId":"_str_extension"},{"extension":[{"url":"http://hl7.org/fhir/StructureDefinition/implementationguide-page","valueUri":"StructureDefinition-VirtualBed.html"}],"reference":{"reference":"StructureDefinition/VirtualBed"},"name":"VirtualBed","description":"Indicator if a bed is virtual or not","exampleBoolean":false,"groupingId":"_str_extension"},{"extension":[{"url":"http://hl7.org/fhir/StructureDefinition/implementationguide-page","valueUri":"Appointment-05c86b7b-4fad-4f1b-a470-9755953b5d5b.html"}],"reference":{"reference":"Appointment/05c86b7b-4fad-4f1b-a470-9755953b5d5b"},"name":"05c86b7b-4fad-4f1b-a470-9755953b5d5b","exampleBoolean":true,"groupingId":"_ex_example"},{"extension":[{"url":"http://hl7.org/fhir/StructureDefinition/implementationguide-page","valueUri":"Practitioner-09709es9d7a090d9f0s9d.html"}],"reference":{"reference":"Practitioner/09709es9d7a090d9f0s9d"},"name":"09709es9d7a090d9f0s9d","exampleBoolean":true,"groupingId":"_ex_example"},{"extension":[{"url":"http://hl7.org/fhir/StructureDefinition/implementationguide-page","valueUri":"Location-16558949sf878498.html"}],"reference":{"reference":"Location/16558949sf878498"},"name":"16558949sf878498","description":"Laboratorio de hemocomponentes/ farmacia de urgencias","exampleBoolean":true,"groupingId":"_ex_example"},{"extension":[{"url":"http://hl7.org/fhir/StructureDefinition/implementationguide-page","valueUri":"HealthcareService-20ede331-0bc9-4d70-a209-49ecbed7922a.html"}],"reference":{"reference":"HealthcareService/20ede331-0bc9-4d70-a209-49ecbed7922a"},"name":"20ede331-0bc9-4d70-a209-49ecbed7922a","exampleBoolean":true,"groupingId":"_ex_example"},{"extension":[{"url":"http://hl7.org/fhir/StructureDefinition/implementationguide-page","valueUri":"Organization-213134sd15148f.html"}],"reference":{"reference":"Organization/213134sd15148f"},"name":"213134sd15148f","exampleBoolean":true,"groupingId":"_ex_example"},{"extension":[{"url":"http://hl7.org/fhir/StructureDefinition/implementationguide-page","valueUri":"Location-51654689466d55.html"}],"reference":{"reference":"Location/51654689466d55"},"name":"51654689466d55","description":"Laboratorio de hemocomponentes","exampleBoolean":true,"groupingId":"_ex_example"},{"extension":[{"url":"http://hl7.org/fhir/StructureDefinition/implementationguide-page","valueUri":"Location-7412389635sdf556.html"}],"reference":{"reference":"Location/7412389635sdf556"},"name":"7412389635sdf556","description":"Clinica y urgencias","exampleBoolean":true,"groupingId":"_ex_example"},{"extension":[{"url":"http://hl7.org/fhir/StructureDefinition/implementationguide-page","valueUri":"Location-7819819819bn915.html"}],"reference":{"reference":"Location/7819819819bn915"},"name":"7819819819bn915","description":"Cama del paciente","exampleBoolean":true,"groupingId":"_ex_example"},{"extension":[{"url":"http://hl7.org/fhir/StructureDefinition/implementationguide-page","valueUri":"Patient-87356d0d-3891-45b7-b678-c623281f8b9c.html"}],"reference":{"reference":"Patient/87356d0d-3891-45b7-b678-c623281f8b9c"},"name":"87356d0d-3891-45b7-b678-c623281f8b9c","exampleBoolean":true,"groupingId":"_ex_example"},{"extension":[{"url":"http://hl7.org/fhir/StructureDefinition/implementationguide-page","valueUri":"Encounter-963b1515-1ced-4020-b3df-0568accf41c9.html"}],"reference":{"reference":"Encounter/963b1515-1ced-4020-b3df-0568accf41c9"},"name":"963b1515-1ced-4020-b3df-0568accf41c9","exampleBoolean":true,"groupingId":"_ex_example"},{"extension":[{"url":"http://hl7.org/fhir/StructureDefinition/implementationguide-page","valueUri":"Location-ads51ds5d145212ds.html"}],"reference":{"reference":"Location/ads51ds5d145212ds"},"name":"ads51ds5d145212ds","description":"Quirofáno de procedimientos menores","exampleBoolean":true,"groupingId":"_ex_example"},{"extension":[{"url":"http://hl7.org/fhir/StructureDefinition/implementationguide-page","valueUri":"Schedule-d83f2b28-24e6-4464-aefe-be45eaa820d4.html"}],"reference":{"reference":"Schedule/d83f2b28-24e6-4464-aefe-be45eaa820d4"},"name":"d83f2b28-24e6-4464-aefe-be45eaa820d4","exampleBoolean":true,"groupingId":"_ex_example"},{"extension":[{"url":"http://hl7.org/fhir/StructureDefinition/implementationguide-page","valueUri":"Slot-f261cf86-786c-46b0-bce7-0fc93aa185f6.html"}],"reference":{"reference":"Slot/f261cf86-786c-46b0-bce7-0fc93aa185f6"},"name":"f261cf86-786c-46b0-bce7-0fc93aa185f6","exampleBoolean":true,"groupingId":"_ex_example"}],"page":{"nameUrl":"toc.html","title":"Table of Contents","generation":"html","page":[{"nameUrl":"artifacts.html","title":"Artifacts Summary","generation":"html","page":[{"nameUrl":"StructureDefinition-LocationAreaKlinic.html","title":"LocationAreaKlinic","generation":"generated"},{"nameUrl":"StructureDefinition-LocationBedKlinic.html","title":"LocationBedKlinic","generation":"generated"},{"nameUrl":"StructureDefinition-LocationBuildingKlinic.html","title":"LocationBuildingKlinic","generation":"generated"},{"nameUrl":"StructureDefinition-LocationFunctionalUnitKlinic.html","title":"LocationFunctionalUnitKlinic","generation":"generated"},{"nameUrl":"StructureDefinition-LocationRoomKlinic.html","title":"LocationRoomKlinic","generation":"generated"},{"nameUrl":"StructureDefinition-OrganizationHealthcareProvider.html","title":"OrganizationHealthcareProvider","generation":"generated"},{"nameUrl":"StructureDefinition-PatientKlinic.html","title":"Patient Klinic API FHIR","generation":"generated"},{"nameUrl":"StructureDefinition-PerfilAppointment.html","title":"PerfilAppointment","generation":"generated"},{"nameUrl":"StructureDefinition-PractitionerKlinic.html","title":"PractitionerKlinic","generation":"generated"},{"nameUrl":"StructureDefinition-ProfileHealthcareService.html","title":"HealthcareService","generation":"generated"},{"nameUrl":"StructureDefinition-ProfileSchedule.html","title":"Schedule patient","generation":"generated"},{"nameUrl":"StructureDefinition-SlotKlinic.html","title":"SlotKlinic","generation":"generated"},{"nameUrl":"StructureDefinition-AvailableTelemedicine.html","title":"Admite telemedicina:","generation":"generated"},{"nameUrl":"StructureDefinition-BedWithOxygen.html","title":"BedWithOxygen","generation":"generated"},{"nameUrl":"StructureDefinition-BirthPlace.html","title":"Lugar de nacimiento","generation":"generated"},{"nameUrl":"StructureDefinition-CancelationDateTime.html","title":"Fecha/Hora cancelacion cita","generation":"generated"},{"nameUrl":"StructureDefinition-CancelationSanction.html","title":"Sancion cancelacion cita","generation":"generated"},{"nameUrl":"StructureDefinition-Census.html","title":"Census","generation":"generated"},{"nameUrl":"StructureDefinition-ChargeBed.html","title":"ChargeBed","generation":"generated"},{"nameUrl":"StructureDefinition-Disability.html","title":"Discapacidad del paciente","generation":"generated"},{"nameUrl":"StructureDefinition-EducationalLevel.html","title":"Nivel educativo paciente","generation":"generated"},{"nameUrl":"StructureDefinition-EmployerOrganization.html","title":"Empresa paciente","generation":"generated"},{"nameUrl":"StructureDefinition-Fathersfamily.html","title":"Primer Apellido del profesional de salud","generation":"generated"},{"nameUrl":"StructureDefinition-GenderIdentity.html","title":"Identidad de genero","generation":"generated"},{"nameUrl":"StructureDefinition-hoursOfOperation.html","title":"HoursOfOperation","generation":"generated"},{"nameUrl":"StructureDefinition-IdExpeditionPlace.html","title":"Lugar expedicion identificacion paciente","generation":"generated"},{"nameUrl":"StructureDefinition-Mothersfamily.html","title":"Segundo apellido del profesional de salud","generation":"generated"},{"nameUrl":"StructureDefinition-MultipleOccupation.html","title":"MultipleOccupation","generation":"generated"},{"nameUrl":"StructureDefinition-Nationality.html","title":"Nacionalidad del paciente","generation":"generated"},{"nameUrl":"StructureDefinition-NewBorn.html","title":"Recien Nacido","generation":"generated"},{"nameUrl":"StructureDefinition-Ocupation.html","title":"Ocupacion del paciente","generation":"generated"},{"nameUrl":"StructureDefinition-OrganizationName.html","title":"OrganizationName","generation":"generated"},{"nameUrl":"StructureDefinition-OrganizationTelecom.html","title":"Telefono empresa paciente","generation":"generated"},{"nameUrl":"StructureDefinition-PatientEthnicity.html","title":"Grupo etnico paciente","generation":"generated"},{"nameUrl":"StructureDefinition-PatientPopulationGroup.html","title":"Grupo pobacional paciente","generation":"generated"},{"nameUrl":"StructureDefinition-Personid.html","title":"Identificacion del paciente","generation":"generated"},{"nameUrl":"StructureDefinition-QuotaPatient.html","title":"Cupo pacientes:","generation":"generated"},{"nameUrl":"StructureDefinition-RegionalLocationIdentifier.html","title":"Identificador regional","generation":"generated"},{"nameUrl":"StructureDefinition-ServicePartOf.html","title":"Subservicio","generation":"generated"},{"nameUrl":"StructureDefinition-VirtualBed.html","title":"VirtualBed","generation":"generated"},{"nameUrl":"Appointment-05c86b7b-4fad-4f1b-a470-9755953b5d5b.html","title":"05c86b7b-4fad-4f1b-a470-9755953b5d5b","generation":"generated"},{"nameUrl":"Practitioner-09709es9d7a090d9f0s9d.html","title":"09709es9d7a090d9f0s9d","generation":"generated"},{"nameUrl":"Location-16558949sf878498.html","title":"16558949sf878498","generation":"generated"},{"nameUrl":"HealthcareService-20ede331-0bc9-4d70-a209-49ecbed7922a.html","title":"20ede331-0bc9-4d70-a209-49ecbed7922a","generation":"generated"},{"nameUrl":"Organization-213134sd15148f.html","title":"213134sd15148f","generation":"generated"},{"nameUrl":"Location-51654689466d55.html","title":"51654689466d55","generation":"generated"},{"nameUrl":"Location-7412389635sdf556.html","title":"7412389635sdf556","generation":"generated"},{"nameUrl":"Location-7819819819bn915.html","title":"7819819819bn915","generation":"generated"},{"nameUrl":"Patient-87356d0d-3891-45b7-b678-c623281f8b9c.html","title":"87356d0d-3891-45b7-b678-c623281f8b9c","generation":"generated"},{"nameUrl":"Encounter-963b1515-1ced-4020-b3df-0568accf41c9.html","title":"963b1515-1ced-4020-b3df-0568accf41c9","generation":"generated"},{"nameUrl":"Location-ads51ds5d145212ds.html","title":"ads51ds5d145212ds","generation":"generated"},{"nameUrl":"Schedule-d83f2b28-24e6-4464-aefe-be45eaa820d4.html","title":"d83f2b28-24e6-4464-aefe-be45eaa820d4","generation":"generated"},{"nameUrl":"Slot-f261cf86-786c-46b0-bce7-0fc93aa185f6.html","title":"f261cf86-786c-46b0-bce7-0fc93aa185f6","generation":"generated"}]}]},"parameter":[{"code":"path-resource","value":"input/capabilities"},{"code":"path-resource","value":"input/examples"},{"code":"path-resource","value":"input/extensions"},{"code":"path-resource","value":"input/models"},{"code":"path-resource","value":"input/operations"},{"code":"path-resource","value":"input/profiles"},{"code":"path-resource","value":"input/resources"},{"code":"path-resource","value":"input/vocabulary"},{"code":"path-resource","value":"input/maps"},{"code":"path-resource","value":"input/testing"},{"code":"path-resource","value":"input/history"},{"code":"path-resource","value":"fsh-generated/resources"},{"code":"path-pages","value":"template/config"},{"code":"path-pages","value":"input/images"},{"code":"path-tx-cache","value":"input-cache/txcache"}]}}