{
  "resourceType": "Account",
  "id": "Example-Account-6f674e96",
  "text": {
    "status": "generated",
    "div": "<div xmlns=\"http://www.w3.org/1999/xhtml\"><p><b>Generated Narrative</b></p><h3>Texts</h3><table class=\"grid\"><tr><td>-</td></tr><tr><td>*</td></tr></table><p><b>identifier</b>: id: 7bdf5072-607d-4284-b048-81334857e4ae</p><p><b>status</b>: active</p><p><b>type</b>: <span title=\"Codes: {http://digitalware.com.co/salud/fhir/CodeSystem/account-type PART}\">Particular</span></p><p><b>subject</b>: <a href=\"Patient-Example-Patient-87356d0d.html\">Generated Summary: National Person Identifier Chile: 347827348 (OFFICIAL), Medical Record Number: HC-6ef0a6d7 (USUAL); active; Maria Victoria Jake Jofré (OFFICIAL), Maria Jake(NICKNAME); Phone: +56(2)1111-1111, Phone: +56(2)2222-2222, jjmaria@example.com; gender: female; birthDate: 1975-08-14; <span title=\"Codes: {http://hl7.org/fhir/ValueSet/marital-status M}\">Married</span></a></p><p><b>servicePeriod</b>: 21/01/2021, 7:15:00 a. m. --&gt; 21/01/2021, 7:50:00 a. m.</p><blockquote><p><b>coverage</b></p><p><b>coverage</b>: <a href=\"Coverage-Example-Coverage-fa7a571e.html\">Generated Summary: status: active; <span title=\"Codes: {http://terminology.hl7.org/CodeSystem/coverage-selfpay EHCPOL}, {http://digitalware.com.co/salud/fhir/CodeSystem/coverages-type-cl ISA}\">extended healthcare</span>; <span title=\"Codes: {http://terminology.hl7.org/CodeSystem/subscriber-relationship self}\">Self</span></a></p><p><b>priority</b>: 1</p></blockquote><blockquote><p><b>coverage</b></p><p><b>coverage</b>: <a href=\"Coverage-Example-Coverage-fa7a571e.html\">Generated Summary: status: active; <span title=\"Codes: {http://terminology.hl7.org/CodeSystem/coverage-selfpay EHCPOL}, {http://digitalware.com.co/salud/fhir/CodeSystem/coverages-type-cl ISA}\">extended healthcare</span>; <span title=\"Codes: {http://terminology.hl7.org/CodeSystem/subscriber-relationship self}\">Self</span></a></p></blockquote><p><b>owner</b>: <a href=\"Organization-Example-Organization-213134sd15148f.html\">Generated Summary: id: 1100133335-1 (OFFICIAL), id: 12789312-9 (OFFICIAL); active; <span title=\"Codes: {http://hl7.org/fhir/ValueSet/organization-type prov}\">Healthcare Provider</span>; name: Indisa clinica de la familia; alias: INDISA; Phone: 3430000</a></p><p><b>description</b>: Cuenta referente a las atenciones del paciente en el ambito ambulatorio.</p><h3>Guarantors</h3><table class=\"grid\"><tr><td>-</td><td><b>Party</b></td><td><b>OnHold</b></td><td><b>Period</b></td></tr><tr><td>*</td><td><a href=\"RelatedPerson/Example-RelatedPerson-2374\">RelatedPerson/Example-RelatedPerson-2374</a></td><td>true</td><td>21/01/2021, 7:50:00 a. m. --&gt; 21/01/2021, 8:00:00 a. m.</td></tr></table><p><b>partOf</b>: <a href=\"Account/Example-Account-62fadf1d\">Account/Example-Account-62fadf1d</a></p></div>"
  },
  "extension": [
    {
      "id": "accountAmount",
      "url": "http://digitalware.com.co/salud/fhir/StructureDefinition/account-amount",
      "valueMoney": {
        "value": 1300000,
        "currency": "CLP"
      }
    },
    {
      "id": "medicalFees",
      "url": "http://digitalware.com.co/salud/fhir/StructureDefinition/medical-fees",
      "valueMoney": {
        "value": 800000,
        "currency": "CLP"
      }
    },
    {
      "id": "medicationAmount",
      "url": "http://digitalware.com.co/salud/fhir/StructureDefinition/medication-amount",
      "valueMoney": {
        "value": 800000,
        "currency": "CLP"
      }
    },
    {
      "id": "suppliesAmount",
      "url": "http://digitalware.com.co/salud/fhir/StructureDefinition/supplies-amount",
      "valueMoney": {
        "value": 800000,
        "currency": "CLP"
      }
    },
    {
      "id": "consultationsAmount",
      "url": "http://digitalware.com.co/salud/fhir/StructureDefinition/consultations-amount",
      "valueMoney": {
        "value": 800000,
        "currency": "CLP"
      }
    }
  ],
  "identifier": [
    {
      "system": "http://indisa.cl/account-identifier",
      "value": "7bdf5072-607d-4284-b048-81334857e4ae"
    }
  ],
  "status": "active",
  "type": {
    "coding": [
      {
        "system": "http://digitalware.com.co/salud/fhir/CodeSystem/account-type",
        "code": "PART",
        "display": "Particular"
      }
    ]
  },
  "subject": [
    {
      "reference": "Patient/Example-Patient-87356d0d"
    }
  ],
  "servicePeriod": {
    "start": "2021-01-21T07:15:00-05:00",
    "end": "2021-01-21T07:50:00-05:00"
  },
  "coverage": [
    {
      "extension": [
        {
          "id": "bonusAmount",
          "url": "http://digitalware.com.co/salud/fhir/StructureDefinition/bonus-amount",
          "valueMoney": {
            "value": 750000,
            "currency": "CLP"
          }
        }
      ],
      "coverage": {
        "reference": "Coverage/Example-Coverage-fa7a571e"
      },
      "priority": 1
    },
    {
      "extension": [
        {
          "id": "copaymentAmount ",
          "url": "http://digitalware.com.co/salud/fhir/StructureDefinition/copayment-amount",
          "valueMoney": {
            "value": 550000,
            "currency": "CLP"
          }
        }
      ],
      "coverage": {
        "reference": "Coverage/Example-Coverage-fa7a571e"
      }
    }
  ],
  "owner": {
    "reference": "Organization/Example-Organization-213134sd15148f"
  },
  "description": "Cuenta referente a las atenciones del paciente en el ambito ambulatorio.",
  "guarantor": [
    {
      "party": {
        "reference": "RelatedPerson/Example-RelatedPerson-2374"
      },
      "onHold": true,
      "period": {
        "start": "2021-01-21T07:50:00-05:00",
        "end": "2021-01-21T08:00:00-05:00"
      }
    }
  ],
  "partOf": {
    "reference": "Account/Example-Account-62fadf1d"
  }
}