{
  "resourceType": "Account",
  "id": "Example-Account-6f674e96",
  "text": {
    "status": "generated",
    "div": "<div xmlns=\"http://www.w3.org/1999/xhtml\"><h1>SEGMENTO NARRATIVO</h1></div>"
  },
  "extension": [
    {
      "id": "accountAmount",
      "url": "http://digitalware.com.co/salud/fhir/StructureDefinition/account-amount",
      "valueMoney": {
        "value": 1300000,
        "currency": "CLP"
      }
    },
    {
      "id": "medicalFees",
      "url": "http://digitalware.com.co/salud/fhir/StructureDefinition/medical-fees",
      "valueMoney": {
        "value": 800000,
        "currency": "CLP"
      }
    },
    {
      "id": "medicationAmount",
      "url": "http://digitalware.com.co/salud/fhir/StructureDefinition/medication-amount",
      "valueMoney": {
        "value": 800000,
        "currency": "CLP"
      }
    },
    {
      "id": "suppliesAmount",
      "url": "http://digitalware.com.co/salud/fhir/StructureDefinition/supplies-amount",
      "valueMoney": {
        "value": 800000,
        "currency": "CLP"
      }
    },
    {
      "id": "consultationsAmount",
      "url": "http://digitalware.com.co/salud/fhir/StructureDefinition/consultations-amount",
      "valueMoney": {
        "value": 800000,
        "currency": "CLP"
      }
    }
  ],
  "identifier": [
    {
      "system": "http://indisa.cl/account-identifier",
      "value": "7bdf5072-607d-4284-b048-81334857e4ae"
    }
  ],
  "status": "active",
  "type": {
    "coding": [
      {
        "system": "http://digitalware.com.co/salud/fhir/CodeSystem/account-type",
        "code": "PART",
        "display": "Particular"
      }
    ]
  },
  "subject": [
    {
      "reference": "Patient/Example-Patient-87356d0d"
    }
  ],
  "servicePeriod": {
    "start": "2021-01-21T07:15:00-05:00",
    "end": "2021-01-21T07:50:00-05:00"
  },
  "coverage": [
    {
      "extension": [
        {
          "id": "bonusAmount",
          "url": "http://digitalware.com.co/salud/fhir/StructureDefinition/bonus-amount",
          "valueMoney": {
            "value": 750000,
            "currency": "CLP"
          }
        }
      ],
      "coverage": {
        "reference": "Coverage/Example-Coverage-fa7a571e"
      },
      "priority": 1
    },
    {
      "extension": [
        {
          "id": "copaymentAmount ",
          "url": "http://digitalware.com.co/salud/fhir/StructureDefinition/copayment-amount",
          "valueMoney": {
            "value": 550000,
            "currency": "CLP"
          }
        }
      ],
      "coverage": {
        "reference": "Coverage/Example-Coverage-fa7a571e"
      }
    }
  ],
  "owner": {
    "reference": "Organization/Example-Organization-213134sd15148f"
  },
  "description": "Cuenta referente a las atenciones del paciente en el ambito ambulatorio.",
  "guarantor": [
    {
      "party": {
        "reference": "RelatedPerson/Example-RelatedPerson-2374"
      },
      "onHold": true,
      "period": {
        "start": "2021-01-21T07:50:00-05:00",
        "end": "2021-01-21T08:00:00-05:00"
      }
    }
  ],
  "partOf": {
    "reference": "Account/Example-Account-62fadf1d"
  }
}