{
  "resourceType": "Appointment",
  "id": "Example-Appointment-05c86b7b-5drg",
  "text": {
    "status": "generated",
    "div": "<div xmlns=\"http://www.w3.org/1999/xhtml\"><h1>SEGMENTO NARRATIVO</h1></div>"
  },
  "identifier": [
    {
      "system": "https://example.org/appointment-identifiers",
      "value": "403"
    }
  ],
  "status": "fulfilled",
  "serviceCategory": [
    {
      "coding": [
        {
          "system": "http://snomed.info/sct",
          "code": "27",
          "display": "Medico especialista"
        }
      ]
    }
  ],
  "serviceType": [
    {
      "coding": [
        {
          "system": "http://snomed.info/sct",
          "code": "186",
          "display": "Obstetricia y Ginecologia"
        }
      ]
    },
    {
      "coding": [
        {
          "system": "https://www.digitalware.com.co/salud/fhir/CodeSystem/appointment-types",
          "code": "c113e46f-5f39",
          "display": "Cita Especialista"
        }
      ]
    },
    {
      "coding": [
        {
          "system": "https://www.digitalware.com.co/salud/fhir/CodeSystem/local-procedure-codes",
          "code": "120d0fe9-9347",
          "display": "ANTIGENO POLIPEPTIDO DE TEJIDO O ANTIGENO DE PROLIFERACION CELULAR AUTOMATIZADO"
        }
      ]
    },
    {
      "coding": [
        {
          "system": "https://www.digitalware.com.co/salud/fhir/CodeSystem/payors",
          "code": "IDPayor025",
          "display": "Asegurador Buena Salud"
        }
      ]
    }
  ],
  "specialty": [
    {
      "coding": [
        {
          "system": "http://snomed.info/sct",
          "code": "481",
          "display": "Ginecologia"
        }
      ]
    }
  ],
  "appointmentType": {
    "coding": [
      {
        "system": "http://terminology.hl7.org/CodeSystem/v2-0276",
        "code": "WALKIN",
        "display": "A previously unscheduled walk-in visit"
      },
      {
        "system": "https://www.digitalware.com.co/salud/fhir/CodeSystem/appointment-types",
        "code": "47b66eb5-0947-455b-b069-54765c996f6f",
        "display": "Prioritaria"
      }
    ]
  },
  "start": "2021-01-21T07:00:00-05:00",
  "end": "2021-01-21T07:30:00-05:00",
  "minutesDuration": 30,
  "created": "2021-01-20T10:00:00-05:00",
  "basedOn": [
    {
      "display": "GN-4567"
    }
  ],
  "participant": [
    {
      "type": [
        {
          "coding": [
            {
              "system": "http://terminology.hl7.org/CodeSystem/participant-type",
              "code": "LOC",
              "display": "location"
            }
          ]
        }
      ],
      "actor": {
        "reference": "Location/Example-LocationBuilding-7412389635sdf556"
      },
      "status": "accepted"
    },
    {
      "type": [
        {
          "coding": [
            {
              "system": "http://terminology.hl7.org/CodeSystem/participant-type",
              "code": "LOC",
              "display": "location"
            }
          ]
        }
      ],
      "actor": {
        "reference": "Location/Example-LocationRoom-1245687952"
      },
      "status": "accepted"
    },
    {
      "type": [
        {
          "coding": [
            {
              "system": "http://terminology.hl7.org/CodeSystem/participant-type",
              "code": "CON",
              "display": "consultant"
            }
          ]
        }
      ],
      "actor": {
        "reference": "Location/Example-LocationArea-789789789789"
      },
      "status": "accepted"
    },
    {
      "type": [
        {
          "coding": [
            {
              "system": "http://terminology.hl7.org/CodeSystem/participant-type",
              "code": "SBJ",
              "display": "subject"
            }
          ]
        }
      ],
      "actor": {
        "reference": "Patient/Example-Patient-87356d0d"
      },
      "status": "accepted"
    }
  ],
  "requestedPeriod": [
    {
      "start": "2021-04-01",
      "end": "2021-04-30"
    }
  ]
}