{
  "resourceType": "Appointment",
  "id": "Example-Appointment-05c86b7b-5drg",
  "text": {
    "status": "generated",
    "div": "<div xmlns=\"http://www.w3.org/1999/xhtml\"><p><b>Generated Narrative</b></p><h3>Texts</h3><table class=\"grid\"><tr><td>-</td></tr><tr><td>*</td></tr></table><p><b>identifier</b>: id: 403</p><p><b>status</b>: fulfilled</p><p><b>serviceCategory</b>: <span title=\"Codes: {http://snomed.info/sct 27}\">Specialist Medical</span></p><p><b>serviceType</b>: <span title=\"Codes: {http://snomed.info/sct 186}\">Obstetrics y Gynaecology</span>, <span title=\"Codes: {https://www.digitalware.com.co/salud/fhir/CodeSystem/appointment-types c113e46f-5f39}\">Cita Especialista</span>, <span title=\"Codes: {https://www.digitalware.com.co/salud/fhir/CodeSystem/local-procedure-codes 120d0fe9-9347}\">ANTIGENO POLIPEPTIDO DE TEJIDO O ANTIGENO DE PROLIFERACION CELULAR AUTOMATIZADO</span>, <span title=\"Codes: {https://www.digitalware.com.co/salud/fhir/CodeSystem/payors IDPayor025}\">Asegurador Buena Salud</span></p><p><b>specialty</b>: <span title=\"Codes: {http://snomed.info/sct 481}\">Gynaecology</span></p><p><b>appointmentType</b>: <span title=\"Codes: {http://terminology.hl7.org/CodeSystem/v2-0276 WALKIN}, {https://www.digitalware.com.co/salud/fhir/CodeSystem/appointment-types 47b66eb5-0947-455b-b069-54765c996f6f}\">A previously unscheduled walk-in visit</span></p><p><b>start</b>: 21/01/2021, 7:00:00 a. m.</p><p><b>end</b>: 21/01/2021, 7:30:00 a. m.</p><p><b>minutesDuration</b>: 30</p><p><b>created</b>: 20/01/2021, 10:00:00 a. m.</p><p><b>basedOn</b>: <span>GN-4567</span></p><blockquote><p><b>participant</b></p><p><b>type</b>: <span title=\"Codes: {http://terminology.hl7.org/CodeSystem/participant-type LOC}\">location</span></p><p><b>actor</b>: <a href=\"Location-Example-LocationBuilding-7412389635sdf556.html\">Generated Summary: id: 1100112345-1 (OFFICIAL); status: active; <span title=\"{http://terminology.hl7.org/CodeSystem/v2-0116 o}\">Occupied</span>; name: Indisa Clinica de la familia; alias: INDISA; description: Clinic and emergencies; mode: instance; <span title=\"Codes: {http://terminology.hl7.org/ValueSet/v3-ServiceDeliveryLocationRoleType HOSP}\">Hospital</span>; Phone: +56(2)1111-1111; <span title=\"Codes: {http://hl7.org/fhir/ValueSet/location-physical-type bu}\">Building</span>; availabilityExceptions: Does not open on holidays.</a></p><p><b>status</b>: accepted</p></blockquote><blockquote><p><b>participant</b></p><p><b>type</b>: <span title=\"Codes: {http://terminology.hl7.org/CodeSystem/participant-type LOC}\">location</span></p><p><b>actor</b>: <a href=\"Location-Example-LocationRoom-1245687952.html\">Generated Summary: status: active; <span title=\"{http://terminology.hl7.org/CodeSystem/v2-0116 o}\">Occupied</span>; name: Habitación 202; alias: H202; description: Hospitalization room.; mode: instance; <span title=\"Codes: {http://terminology.hl7.org/ValueSet/v3-ServiceDeliveryLocationRoleType HU}\">Hospital unit</span></a></p><p><b>status</b>: accepted</p></blockquote><blockquote><p><b>participant</b></p><p><b>type</b>: <span title=\"Codes: {http://terminology.hl7.org/CodeSystem/participant-type CON}\">consultant</span></p><p><b>actor</b>: <a href=\"Location-Example-LocationArea-789789789789.html\">Generated Summary: status: active; <span title=\"{http://terminology.hl7.org/CodeSystem/v2-0116 o}\">Ocupado</span>; name: Servicio hospitalario; alias: Hospitalización; description: Hospital medical care.; mode: kind; <span title=\"Codes: {http://terminology.hl7.org/ValueSet/v3-ServiceDeliveryLocationRoleType HU}\">Hospital unit</span>; Phone: +56 12355611</a></p><p><b>status</b>: accepted</p></blockquote><blockquote><p><b>participant</b></p><p><b>type</b>: <span title=\"Codes: {http://terminology.hl7.org/CodeSystem/participant-type SBJ}\">subject</span></p><p><b>actor</b>: <a href=\"Patient-Example-Patient-87356d0d.html\">Generated Summary: Medical record number: 347827348 (OFFICIAL), id: HC-6ef0a6d7 (USUAL); active; Maria Victoria Jake Jofré (OFFICIAL), Maria Jake(NICKNAME); Phone: +56(2)1111-1111, Phone: +56(2)2222-2222, jjmaria@example.com; gender: female; birthDate: 1975-08-14; <span title=\"Codes: {http://hl7.org/fhir/ValueSet/marital-status M}\">Married</span></a></p><p><b>status</b>: accepted</p></blockquote><p><b>requestedPeriod</b>: 2021-04-01 --&gt; 2021-04-30</p></div>"
  },
  "identifier": [
    {
      "system": "https://example.org/appointment-identifiers",
      "value": "403"
    }
  ],
  "status": "fulfilled",
  "serviceCategory": [
    {
      "coding": [
        {
          "system": "http://snomed.info/sct",
          "code": "27",
          "display": "Specialist Medical"
        }
      ]
    }
  ],
  "serviceType": [
    {
      "coding": [
        {
          "system": "http://snomed.info/sct",
          "code": "186",
          "display": "Obstetrics y Gynaecology"
        }
      ]
    },
    {
      "coding": [
        {
          "system": "https://www.digitalware.com.co/salud/fhir/CodeSystem/appointment-types",
          "code": "c113e46f-5f39",
          "display": "Cita Especialista"
        }
      ]
    },
    {
      "coding": [
        {
          "system": "https://www.digitalware.com.co/salud/fhir/CodeSystem/local-procedure-codes",
          "code": "120d0fe9-9347",
          "display": "ANTIGENO POLIPEPTIDO DE TEJIDO O ANTIGENO DE PROLIFERACION CELULAR AUTOMATIZADO"
        }
      ]
    },
    {
      "coding": [
        {
          "system": "https://www.digitalware.com.co/salud/fhir/CodeSystem/payors",
          "code": "IDPayor025",
          "display": "Asegurador Buena Salud"
        }
      ]
    }
  ],
  "specialty": [
    {
      "coding": [
        {
          "system": "http://snomed.info/sct",
          "code": "481",
          "display": "Gynaecology"
        }
      ]
    }
  ],
  "appointmentType": {
    "coding": [
      {
        "system": "http://terminology.hl7.org/CodeSystem/v2-0276",
        "code": "WALKIN",
        "display": "A previously unscheduled walk-in visit"
      },
      {
        "system": "https://www.digitalware.com.co/salud/fhir/CodeSystem/appointment-types",
        "code": "47b66eb5-0947-455b-b069-54765c996f6f",
        "display": "Prioritaria"
      }
    ]
  },
  "start": "2021-01-21T07:00:00-05:00",
  "end": "2021-01-21T07:30:00-05:00",
  "minutesDuration": 30,
  "created": "2021-01-20T10:00:00-05:00",
  "basedOn": [
    {
      "display": "GN-4567"
    }
  ],
  "participant": [
    {
      "type": [
        {
          "coding": [
            {
              "system": "http://terminology.hl7.org/CodeSystem/participant-type",
              "code": "LOC",
              "display": "location"
            }
          ]
        }
      ],
      "actor": {
        "reference": "Location/Example-LocationBuilding-7412389635sdf556"
      },
      "status": "accepted"
    },
    {
      "type": [
        {
          "coding": [
            {
              "system": "http://terminology.hl7.org/CodeSystem/participant-type",
              "code": "LOC",
              "display": "location"
            }
          ]
        }
      ],
      "actor": {
        "reference": "Location/Example-LocationRoom-1245687952"
      },
      "status": "accepted"
    },
    {
      "type": [
        {
          "coding": [
            {
              "system": "http://terminology.hl7.org/CodeSystem/participant-type",
              "code": "CON",
              "display": "consultant"
            }
          ]
        }
      ],
      "actor": {
        "reference": "Location/Example-LocationArea-789789789789"
      },
      "status": "accepted"
    },
    {
      "type": [
        {
          "coding": [
            {
              "system": "http://terminology.hl7.org/CodeSystem/participant-type",
              "code": "SBJ",
              "display": "subject"
            }
          ]
        }
      ],
      "actor": {
        "reference": "Patient/Example-Patient-87356d0d"
      },
      "status": "accepted"
    }
  ],
  "requestedPeriod": [
    {
      "start": "2021-04-01",
      "end": "2021-04-30"
    }
  ]
}