{
  "resourceType": "Claim",
  "id": "Example-Claim-8090ca",
  "text": {
    "status": "generated",
    "div": "<div xmlns=\"http://www.w3.org/1999/xhtml\"><p><b>Generated Narrative</b></p><p><b>identifier</b>: id: 34871203847 (USUAL)</p><p><b>status</b>: active</p><p><b>type</b>: <span title=\"Codes: {https://digitalware-klinic.github.io/fhir/indisa/CodeSystem-ClaimTypes HOSP}\">Hospitalización</span></p><p><b>subType</b>: <span title=\"Codes: {https://digitalware-klinic.github.io/fhir/indisa/CodeSystem-ClaimSubtypes INT}\">Cuidados intermedios</span></p><p><b>use</b>: claim</p><p><b>patient</b>: <a href=\"Patient-Example-Patient-87356d0d.html\">Generated Summary: National Person Identifier Chile: 347827348 (OFFICIAL), Medical Record Number: HC-6ef0a6d7 (USUAL); active; Maria Victoria null (OFFICIAL), Maria Jake(NICKNAME); Phone: +56(2)1111-1111, Phone: +56(2)2222-2222, jjmaria@example.com; gender: female; birthDate: 1975-08-14; <span title=\"Codes: {http://terminology.hl7.org/CodeSystem/v3-MaritalStatus M}\">Married</span></a></p><p><b>created</b>: 22/02/2021, 7:00:00 a. m.</p><p><b>provider</b>: <a href=\"Organization-Example-Organization-213134sd15148f.html\">Generated Summary: id: 1100133335-1 (OFFICIAL), id: 12789312-9 (OFFICIAL); active; <span title=\"Codes: {http://terminology.hl7.org/CodeSystem/organization-type prov}\">Healthcare Provider</span>; name: Indisa clinica de la familia; alias: INDISA; Phone: 3430000</a></p><p><b>priority</b>: <span title=\"Codes: {http://terminology.hl7.org/CodeSystem/processpriority normal}\">Normal</span></p><p><b>facility</b>: <a href=\"Location-Example-LocationBuilding-7412389635sdf556.html\">Generated Summary: id: 1100112345-1 (OFFICIAL); status: active; <span title=\"{http://terminology.hl7.org/CodeSystem/v2-0116 O}\">Occupied</span>; name: Indisa Clinica de la familia; alias: INDISA; description: Clinic and emergencies; mode: instance; <span title=\"Codes: {http://terminology.hl7.org/CodeSystem/v3-RoleCode HOSP}\">Hospital</span>; Phone: +56(2)1111-1111; <span title=\"Codes: {http://terminology.hl7.org/CodeSystem/location-physical-type bu}\">Building</span>; availabilityExceptions: Does not open on holidays.</a></p><blockquote><p><b>careTeam</b></p><p><b>sequence</b>: 1</p><p><b>provider</b>: <a href=\"Practitioner-Example-Practitioner-4290sd6n.html\">Generated Summary: National Person Identifier Chile: 45565700ap (OFFICIAL); active; Maria Camila null (OFFICIAL); Phone: +56(2)1111-1111, Phone: +56(2)2222-2222, pamaria@example.com; gender: female; birthDate: 1991-06-05</a></p><p><b>qualification</b>: <span title=\"Codes: {http://snomed.info/sct 309446002}\">jefa de enfermeras</span></p></blockquote><blockquote><p><b>careTeam</b></p><p><b>sequence</b>: 2</p><p><b>provider</b>: <a href=\"Practitioner-Example-Practitioner-09709es9d.html\">Generated Summary: National Person Identifier Chile: 8596788ap (OFFICIAL); active; Sebastian Camilo null (OFFICIAL); Phone: +56(2)1111-1111, Phone: +56(2)2222-2222, dbsebastian@example.com; gender: male; birthDate: 1989-03-10</a></p><p><b>qualification</b>: <span title=\"Codes: {http://snomed.info/sct 83685006}\">Ginecólogo</span></p></blockquote><h3>SupportingInfos</h3><table class=\"grid\"><tr><td>-</td><td><b>Sequence</b></td><td><b>Category</b></td><td><b>Value[x]</b></td></tr><tr><td>*</td><td>1</td><td><span title=\"Codes: {http://terminology.hl7.org/CodeSystem/claiminformationcategory info}\">Information</span></td><td>35.0</td></tr></table><blockquote><p><b>diagnosis</b></p><p><b>sequence</b>: 1</p><p><b>diagnosis</b>: <span title=\"Codes: {https://digitalware-klinic.github.io/fhir/indisa/CodeSystem-Diagnosis N64}\">Otros trastornos de la mama</span></p><p><b>type</b>: <span title=\"Codes: {http://terminology.hl7.org/CodeSystem/ex-diagnosistype admitting}\">Admitting Diagnosis</span></p></blockquote><blockquote><p><b>diagnosis</b></p><p><b>sequence</b>: 2</p><p><b>diagnosis</b>: <span title=\"Codes: {https://digitalware-klinic.github.io/fhir/indisa/CodeSystem-Diagnosis N60}\">Displasia mamaria benigna</span></p><p><b>type</b>: <span title=\"Codes: {http://terminology.hl7.org/CodeSystem/ex-diagnosistype discharge}\">Discharge Diagnosis</span></p></blockquote><h3>Insurances</h3><table class=\"grid\"><tr><td>-</td><td><b>Sequence</b></td><td><b>Coverage</b></td></tr><tr><td>*</td><td>1</td><td><a href=\"Converage/Example-Coverage-fa7a571e\">Converage/Example-Coverage-fa7a571e</a></td></tr></table><h3>Items</h3><table class=\"grid\"><tr><td>-</td><td><b>Sequence</b></td><td><b>CareTeamSequence</b></td><td><b>DiagnosisSequence</b></td><td><b>InformationSequence</b></td><td><b>Category</b></td><td><b>ProductOrService</b></td><td><b>Location[x]</b></td><td><b>Quantity</b></td><td><b>Factor</b></td><td><b>Encounter</b></td></tr><tr><td>*</td><td>1</td><td>1, 2</td><td>1</td><td>1</td><td><span title=\"Codes: {http://terminology.hl7.org/CodeSystem/ex-benefitcategory 1}\">Medical Care</span></td><td><span title=\"Codes: {https://digitalware-klinic.github.io/fhir/indisa/CodeSystem-Services 1020}\">Revision por Medicina Interna</span></td><td><a href=\"Location-Example-LocationRoom-1245687952.html\">Generated Summary: status: active; <span title=\"{http://terminology.hl7.org/CodeSystem/v2-0116 O}\">Occupied</span>; name: Habitación 202; alias: H202; description: Hospitalization room.; mode: instance; <span title=\"Codes: {http://terminology.hl7.org/CodeSystem/v3-RoleCode HU}\">Hospital unit</span>; <span title=\"Codes: {http://terminology.hl7.org/CodeSystem/location-physical-type ro}\">Room</span></a></td><td>1</td><td>4.072</td><td><a href=\"Encounter-Example-Encounter-963y1945.html\">Generated Summary: id: 56386090 (OFFICIAL); status: finished; <span title=\"{http://terminology.hl7.org/CodeSystem/v3-ActCode IMP}\">inpatient encounter</span>; <span title=\"Codes: {http://terminology.hl7.org/CodeSystem/service-type 410}\">Pregnancy</span>; <span title=\"Codes: {http://terminology.hl7.org/CodeSystem/v3-ActPriority EL}\">elective</span>; period: 21/01/2021, 7:00:00 a. m. --&gt; 23/01/2021, 11:00:00 a. m.; <span title=\"Codes: {http://snomed.info/sct 888003}\">Efecto fetal o neonatal de la pérdida de sangre materna</span></a></td></tr></table></div>"
  },
  "identifier": [
    {
      "use": "usual",
      "system": "http://example.com/recobros/identifier",
      "value": "34871203847"
    }
  ],
  "status": "active",
  "type": {
    "coding": [
      {
        "system": "https://digitalware-klinic.github.io/fhir/indisa/CodeSystem-ClaimTypes",
        "code": "HOSP",
        "display": "Hospitalización"
      }
    ]
  },
  "subType": {
    "coding": [
      {
        "system": "https://digitalware-klinic.github.io/fhir/indisa/CodeSystem-ClaimSubtypes",
        "code": "INT",
        "display": "Cuidados intermedios"
      }
    ]
  },
  "use": "claim",
  "patient": {
    "reference": "Patient/Example-Patient-87356d0d"
  },
  "created": "2021-02-22T07:00:00-05:00",
  "provider": {
    "reference": "Organization/Example-Organization-213134sd15148f"
  },
  "priority": {
    "coding": [
      {
        "system": "http://terminology.hl7.org/CodeSystem/processpriority",
        "code": "normal",
        "display": "Normal"
      }
    ]
  },
  "facility": {
    "reference": "Location/Example-LocationBuilding-7412389635sdf556"
  },
  "careTeam": [
    {
      "sequence": 1,
      "provider": {
        "reference": "Practitioner/Example-Practitioner-4290sd6n"
      },
      "qualification": {
        "coding": [
          {
            "system": "http://snomed.info/sct",
            "code": "309446002",
            "display": "jefa de enfermeras"
          }
        ]
      }
    },
    {
      "sequence": 2,
      "provider": {
        "reference": "Practitioner/Example-Practitioner-09709es9d"
      },
      "qualification": {
        "coding": [
          {
            "system": "http://snomed.info/sct",
            "code": "83685006",
            "display": "Ginecólogo"
          }
        ]
      }
    }
  ],
  "supportingInfo": [
    {
      "sequence": 1,
      "category": {
        "coding": [
          {
            "system": "http://terminology.hl7.org/CodeSystem/claiminformationcategory",
            "code": "info",
            "display": "Information"
          }
        ]
      },
      "valueString": "35.0"
    }
  ],
  "diagnosis": [
    {
      "sequence": 1,
      "diagnosisCodeableConcept": {
        "coding": [
          {
            "system": "https://digitalware-klinic.github.io/fhir/indisa/CodeSystem-Diagnosis",
            "code": "N64",
            "display": "Otros trastornos de la mama"
          }
        ]
      },
      "type": [
        {
          "coding": [
            {
              "system": "http://terminology.hl7.org/CodeSystem/ex-diagnosistype",
              "code": "admitting",
              "display": "Admitting Diagnosis"
            }
          ]
        }
      ]
    },
    {
      "sequence": 2,
      "diagnosisCodeableConcept": {
        "coding": [
          {
            "system": "https://digitalware-klinic.github.io/fhir/indisa/CodeSystem-Diagnosis",
            "code": "N60",
            "display": "Displasia mamaria benigna"
          }
        ]
      },
      "type": [
        {
          "coding": [
            {
              "system": "http://terminology.hl7.org/CodeSystem/ex-diagnosistype",
              "code": "discharge",
              "display": "Discharge Diagnosis"
            }
          ]
        }
      ]
    }
  ],
  "insurance": [
    {
      "sequence": 1,
      "coverage": {
        "reference": "Converage/Example-Coverage-fa7a571e"
      }
    }
  ],
  "item": [
    {
      "sequence": 1,
      "careTeamSequence": [
        1,
        2
      ],
      "diagnosisSequence": [
        1
      ],
      "informationSequence": [
        1
      ],
      "category": {
        "coding": [
          {
            "system": "http://terminology.hl7.org/CodeSystem/ex-benefitcategory",
            "code": "1",
            "display": "Medical Care"
          }
        ]
      },
      "productOrService": {
        "coding": [
          {
            "system": "https://digitalware-klinic.github.io/fhir/indisa/CodeSystem-Services",
            "code": "1020",
            "display": "Revision por Medicina Interna"
          }
        ]
      },
      "locationReference": {
        "reference": "Location/Example-LocationRoom-1245687952"
      },
      "quantity": {
        "value": 1
      },
      "factor": 4.072,
      "encounter": [
        {
          "reference": "Encounter/Example-Encounter-963y1945"
        }
      ]
    }
  ]
}