{
  "resourceType": "CodeSystem",
  "id": "Tramo",
  "text": {
    "status": "generated",
    "div": "<div xmlns=\"http://www.w3.org/1999/xhtml\"><p>This code system https://digitalware-klinic.github.io/fhir/indisa/CodeSystem/Tramo defines the following codes:</p><table class=\"codes\"><tr><td style=\"white-space:nowrap\"><b>Code</b></td></tr></table></div>"
  },
  "url": "https://digitalware-klinic.github.io/fhir/indisa/CodeSystem/Tramo",
  "version": "1.0",
  "name": "Tramo",
  "status": "active",
  "date": "2021-02-20T00:32:49-05:00",
  "publisher": "DigitalWare S.A. - Klinic-HIS",
  "content": "complete"
}