{
  "resourceType": "Condition",
  "id": "Example-Condition-Imaging-414243ci",
  "text": {
    "status": "generated",
    "div": "<div xmlns=\"http://www.w3.org/1999/xhtml\"><p><b>Generated Narrative</b></p><p><b>clinicalStatus</b>: <span title=\"Codes: {http://terminology.hl7.org/CodeSystem/condition-clinical active}\">Active</span></p><p><b>category</b>: <span title=\"Codes: {http://terminology.hl7.org/CodeSystem/condition-category encounter-diagnosis}\">Encounter Diagnosis</span></p><p><b>severity</b>: <span title=\"Codes: {http://snomed.info/sct 255604002}\">Mild</span></p><p><b>code</b>: <span title=\"Codes: {http://hl7.org/fhir/sid/icd-10 S42.7}, {http://snomed.info/sct 48561006}\">Fractura de clavícula con otro(s) hueso(s) u hombro o brazo</span></p><p><b>subject</b>: <a href=\"Patient-Example-Patient-87356d0d.html\">Generated Summary: National Person Identifier Chile: 347827348 (OFFICIAL), Medical Record Number: HC-6ef0a6d7 (USUAL); active; Maria Victoria null (OFFICIAL), Maria Jake(NICKNAME); Phone: +56(2)1111-1111, Phone: +56(2)2222-2222, jjmaria@example.com; gender: female; birthDate: 1975-08-14; <span title=\"Codes: {http://terminology.hl7.org/CodeSystem/v3-MaritalStatus M}\">Married</span></a></p><p><b>onset</b>: 24/02/2021, 8:00:00 a. m.</p><p><b>recordedDate</b>: 24/02/2021, 10:50:00 a. m.</p><p><b>recorder</b>: <a href=\"Practitioner-Example-Practitioner-4343433d.html\">Generated Summary: National Person Identifier Chile: 34343434ap (OFFICIAL); active; Julian Andres null (OFFICIAL); Phone: +56(2)1111-1111, Phone: +56(2)2222-2222, rsjulian@example.com; gender: male; birthDate: 1989-03-10</a></p><p><b>note</b>: Patient in a conscious state and in severe pain.</p></div>"
  },
  "clinicalStatus": {
    "coding": [
      {
        "system": "http://terminology.hl7.org/CodeSystem/condition-clinical",
        "code": "active",
        "display": "Active"
      }
    ]
  },
  "category": [
    {
      "coding": [
        {
          "system": "http://terminology.hl7.org/CodeSystem/condition-category",
          "code": "encounter-diagnosis",
          "display": "Encounter Diagnosis"
        }
      ]
    }
  ],
  "severity": {
    "coding": [
      {
        "system": "http://snomed.info/sct",
        "code": "255604002",
        "display": "Mild"
      }
    ]
  },
  "code": {
    "coding": [
      {
        "system": "http://hl7.org/fhir/sid/icd-10",
        "code": "S42.7",
        "display": "Fractura de clavícula con otro(s) hueso(s) u hombro o brazo"
      },
      {
        "system": "http://snomed.info/sct",
        "code": "48561006",
        "display": "fractura de extremo esternal de la clavícula, no expuesta (trastorno)"
      }
    ]
  },
  "subject": {
    "reference": "Patient/Example-Patient-87356d0d"
  },
  "onsetDateTime": "2021-02-24T08:00:00-05:00",
  "recordedDate": "2021-02-24T10:50:00-05:00",
  "recorder": {
    "reference": "Practitioner/Example-Practitioner-4343433d"
  },
  "note": [
    {
      "text": "Patient in a conscious state and in severe pain."
    }
  ]
}