{
  "resourceType": "Coverage",
  "id": "Example-Coverage-fa7a571e",
  "text": {
    "status": "generated",
    "div": "<div xmlns=\"http://www.w3.org/1999/xhtml\"><h1>SEGMENTO NARRATIVO</h1></div>"
  },
  "status": "active",
  "type": {
    "extension": [
      {
        "id": "coverageIdentificationType",
        "url": "https://www.digitalware.com.co/salud/fhir/StrutureDefinition/identification-coverage-type",
        "valueCoding": {
          "system": "https://digitalware-klinic.github.io/fhir/indisa/CodeSystem/ISAPRES",
          "code": "db2d",
          "display": "Cruz Blanca"
        }
      }
    ],
    "coding": [
      {
        "system": "http://terminology.hl7.org/CodeSystem/coverage-selfpay",
        "code": "EHCPOL",
        "display": "extended healthcare"
      },
      {
        "system": "https://digitalware-klinic.github.io/fhir/indisa/CodeSystem/coverage-type-cl",
        "code": "02",
        "display": "ISAPRE"
      }
    ]
  },
  "policyHolder": {
    "reference": "Patient/Example-Patient-87356d0d"
  },
  "subscriber": {
    "reference": "Patient/Example-Patient-87356d0d"
  },
  "beneficiary": {
    "reference": "Patient/Example-Patient-87356d0d"
  },
  "relationship": {
    "coding": [
      {
        "system": "http://terminology.hl7.org/CodeSystem/subscriber-relationship",
        "code": "self",
        "display": "Self"
      }
    ]
  },
  "payor": [
    {
      "reference": "Organization/Example-Organization-Payor-2910416f"
    }
  ],
  "class": [
    {
      "type": {
        "coding": [
          {
            "system": "http://terminology.hl7.org/CodeSystem/coverage-class",
            "code": "class",
            "display": "Class"
          },
          {
            "system": "https://digitalware-klinic.github.io/fhir/indisa/CodeSystem/ISAPRES",
            "code": "db2d",
            "display": "Cruz Blanca"
          }
        ]
      },
      "value": "db2d"
    },
    {
      "type": {
        "coding": [
          {
            "system": "http://terminology.hl7.org/CodeSystem/coverage-class",
            "code": "plan",
            "display": "Plan"
          },
          {
            "system": "http://example.com/planes-asegurador",
            "code": "00ff320e-8f5a-4f27-9862-e5083f2705f2",
            "display": "Plan Meditarráneo"
          }
        ]
      },
      "value": "00ff320e-8f5a-4f27-9862-e5083f2705f2"
    }
  ]
}