{
  "resourceType": "Coverage",
  "id": "Example-Coverage-fa7a589f",
  "text": {
    "status": "generated",
    "div": "<div xmlns=\"http://www.w3.org/1999/xhtml\"><p><b>Generated Narrative</b></p><p><b>status</b>: active</p><p><b>type</b>: <span title=\"Codes: {http://terminology.hl7.org/CodeSystem/v3-ActCode PUBLICPOL}, {https://digitalware-klinic.github.io/fhir/indisa/CodeSystem-CoveragesTypeCl 01}\">public healthcare</span></p><p><b>policyHolder</b>: <a href=\"Patient-Example-Patient-87356d0d.html\">Generated Summary: National Person Identifier Chile: 347827348 (OFFICIAL), Medical Record Number: HC-6ef0a6d7 (USUAL); active; Maria Victoria null (OFFICIAL), Maria Jake(NICKNAME); Phone: +56(2)1111-1111, Phone: +56(2)2222-2222, jjmaria@example.com; gender: female; birthDate: 1975-08-14; <span title=\"Codes: {http://terminology.hl7.org/CodeSystem/v3-MaritalStatus M}\">Married</span></a></p><p><b>subscriber</b>: <a href=\"Patient-Example-Patient-87356d0d.html\">Generated Summary: National Person Identifier Chile: 347827348 (OFFICIAL), Medical Record Number: HC-6ef0a6d7 (USUAL); active; Maria Victoria null (OFFICIAL), Maria Jake(NICKNAME); Phone: +56(2)1111-1111, Phone: +56(2)2222-2222, jjmaria@example.com; gender: female; birthDate: 1975-08-14; <span title=\"Codes: {http://terminology.hl7.org/CodeSystem/v3-MaritalStatus M}\">Married</span></a></p><p><b>beneficiary</b>: <a href=\"Patient-Example-Patient-87356d0d.html\">Generated Summary: National Person Identifier Chile: 347827348 (OFFICIAL), Medical Record Number: HC-6ef0a6d7 (USUAL); active; Maria Victoria null (OFFICIAL), Maria Jake(NICKNAME); Phone: +56(2)1111-1111, Phone: +56(2)2222-2222, jjmaria@example.com; gender: female; birthDate: 1975-08-14; <span title=\"Codes: {http://terminology.hl7.org/CodeSystem/v3-MaritalStatus M}\">Married</span></a></p><p><b>relationship</b>: <span title=\"Codes: {http://terminology.hl7.org/CodeSystem/subscriber-relationship self}\">Self</span></p><p><b>payor</b>: <a href=\"Organization-Example-Organization-Payor-2910416f.html\">Generated Summary: id: EPS0001; active; <span title=\"Codes: {http://terminology.hl7.org/CodeSystem/organization-type ins}\">Insurance Company</span>; name: Aseguradora Salud Completa</a></p><blockquote><p><b>class</b></p><p><b>type</b>: <span title=\"Codes: {http://terminology.hl7.org/CodeSystem/coverage-class class}, {https://digitalware-klinic.github.io/fhir/indisa/CodeSystem-TramosFONASA B}\">Class</span></p><p><b>value</b>: B</p></blockquote><blockquote><p><b>class</b></p><p><b>type</b>: <span title=\"Codes: {http://terminology.hl7.org/CodeSystem/coverage-class plan}, {http://example.com/planes-asegurador 00ff320e-8f5a-4f27-9862-e5083f2705f2}\">Plan</span></p><p><b>value</b>: 00ff320e-8f5a-4f27-9862-e5083f2705f2</p></blockquote></div>"
  },
  "status": "active",
  "type": {
    "coding": [
      {
        "system": "http://terminology.hl7.org/CodeSystem/v3-ActCode",
        "code": "PUBLICPOL",
        "display": "public healthcare"
      },
      {
        "system": "https://digitalware-klinic.github.io/fhir/indisa/CodeSystem-CoveragesTypeCl",
        "code": "01",
        "display": "FONASA"
      }
    ]
  },
  "policyHolder": {
    "reference": "Patient/Example-Patient-87356d0d"
  },
  "subscriber": {
    "reference": "Patient/Example-Patient-87356d0d"
  },
  "beneficiary": {
    "reference": "Patient/Example-Patient-87356d0d"
  },
  "relationship": {
    "coding": [
      {
        "system": "http://terminology.hl7.org/CodeSystem/subscriber-relationship",
        "code": "self",
        "display": "Self"
      }
    ]
  },
  "payor": [
    {
      "reference": "Organization/Example-Organization-Payor-2910416f"
    }
  ],
  "class": [
    {
      "type": {
        "coding": [
          {
            "system": "http://terminology.hl7.org/CodeSystem/coverage-class",
            "code": "class",
            "display": "Class"
          },
          {
            "system": "https://digitalware-klinic.github.io/fhir/indisa/CodeSystem-TramosFONASA",
            "code": "B",
            "display": "TRAMO B"
          }
        ]
      },
      "value": "B"
    },
    {
      "type": {
        "coding": [
          {
            "system": "http://terminology.hl7.org/CodeSystem/coverage-class",
            "code": "plan",
            "display": "Plan"
          },
          {
            "system": "http://example.com/planes-asegurador",
            "code": "00ff320e-8f5a-4f27-9862-e5083f2705f2",
            "display": "Plan Meditarráneo"
          }
        ]
      },
      "value": "00ff320e-8f5a-4f27-9862-e5083f2705f2"
    }
  ]
}