{
  "resourceType": "Coverage",
  "id": "Example-Coverage-fa7a571e",
  "text": {
    "status": "generated",
    "div": "<div xmlns=\"http://www.w3.org/1999/xhtml\"><p><b>Generated Narrative</b></p><h3>Texts</h3><table class=\"grid\"><tr><td>-</td></tr><tr><td>*</td></tr></table><p><b>status</b>: active</p><p><b>type</b>: <span title=\"Codes: {http://terminology.hl7.org/CodeSystem/coverage-selfpay EHCPOL}, {http://digitalware.com.co/salud/fhir/CodeSystem/coverages-type-cl ISA}\">extended healthcare</span></p><p><b>policyHolder</b>: <a href=\"Patient-Example-Patient-87356d0d.html\">Generated Summary: Medical record number: 347827348 (OFFICIAL), id: HC-6ef0a6d7 (USUAL); active; Maria Victoria Jake Jofré (OFFICIAL), Maria Jake(NICKNAME); Phone: +56(2)1111-1111, Phone: +56(2)2222-2222, jjmaria@example.com; gender: female; birthDate: 1975-08-14; <span title=\"Codes: {http://hl7.org/fhir/ValueSet/marital-status M}\">Married</span></a></p><p><b>subscriber</b>: <a href=\"Patient-Example-Patient-87356d0d.html\">Generated Summary: Medical record number: 347827348 (OFFICIAL), id: HC-6ef0a6d7 (USUAL); active; Maria Victoria Jake Jofré (OFFICIAL), Maria Jake(NICKNAME); Phone: +56(2)1111-1111, Phone: +56(2)2222-2222, jjmaria@example.com; gender: female; birthDate: 1975-08-14; <span title=\"Codes: {http://hl7.org/fhir/ValueSet/marital-status M}\">Married</span></a></p><p><b>beneficiary</b>: <a href=\"Patient-Example-Patient-87356d0d.html\">Generated Summary: Medical record number: 347827348 (OFFICIAL), id: HC-6ef0a6d7 (USUAL); active; Maria Victoria Jake Jofré (OFFICIAL), Maria Jake(NICKNAME); Phone: +56(2)1111-1111, Phone: +56(2)2222-2222, jjmaria@example.com; gender: female; birthDate: 1975-08-14; <span title=\"Codes: {http://hl7.org/fhir/ValueSet/marital-status M}\">Married</span></a></p><p><b>relationship</b>: <span title=\"Codes: {http://terminology.hl7.org/CodeSystem/subscriber-relationship self}\">Self</span></p><p><b>payor</b>: <a href=\"Organization-Example-Organization-Payor-2910416f.html\">Generated Summary: id: EPS0001; active; <span title=\"Codes: {http://terminology.hl7.org/CodeSystem/organization-type ins}\">Insurance Company</span>; name: Aseguradora Salud Completa</a></p><h3>Classes</h3><table class=\"grid\"><tr><td>-</td><td><b>Type</b></td><td><b>Value</b></td></tr><tr><td>*</td><td><span title=\"Codes: {http://example.com/planes-asegurador 00ff320e-8f5a-4f27-9862-e5083f2705f2}\">Plan Meditarráneo</span></td><td>00ff320e-8f5a-4f27-9862-e5083f2705f2</td></tr></table></div>"
  },
  "status": "active",
  "type": {
    "coding": [
      {
        "system": "http://terminology.hl7.org/CodeSystem/coverage-selfpay",
        "code": "EHCPOL",
        "display": "extended healthcare"
      },
      {
        "system": "http://digitalware.com.co/salud/fhir/CodeSystem/coverages-type-cl",
        "code": "ISA",
        "display": "ISAPRE"
      }
    ]
  },
  "policyHolder": {
    "reference": "Patient/Example-Patient-87356d0d"
  },
  "subscriber": {
    "reference": "Patient/Example-Patient-87356d0d"
  },
  "beneficiary": {
    "reference": "Patient/Example-Patient-87356d0d"
  },
  "relationship": {
    "coding": [
      {
        "system": "http://terminology.hl7.org/CodeSystem/subscriber-relationship",
        "code": "self",
        "display": "Self"
      }
    ]
  },
  "payor": [
    {
      "reference": "Organization/Example-Organization-Payor-2910416f"
    }
  ],
  "class": [
    {
      "type": {
        "coding": [
          {
            "system": "http://example.com/planes-asegurador",
            "code": "00ff320e-8f5a-4f27-9862-e5083f2705f2",
            "display": "Plan Meditarráneo"
          }
        ]
      },
      "value": "00ff320e-8f5a-4f27-9862-e5083f2705f2"
    }
  ]
}