{
  "resourceType": "Device",
  "id": "Example-Device-43g37a87",
  "text": {
    "status": "generated",
    "div": "<div xmlns=\"http://www.w3.org/1999/xhtml\"><h1>SEGMENTO NARRATIVO</h1></div>"
  },
  "status": "active",
  "manufacturer": "Abbott RDx",
  "manufactureDate": "2020-01-01",
  "serialNumber": "AFN-AS100-427637",
  "deviceName": [
    {
      "name": "AFINION 2",
      "type": "model-name"
    }
  ],
  "modelNumber": "1116679",
  "type": {
    "coding": [
      {
        "system": "http://snomed.info/sct",
        "code": "11987000",
        "display": "analizador de química clínica, dispositivo"
      }
    ]
  },
  "owner": {
    "reference": "Organization/Example-Organization-213134sd15148f"
  },
  "location": {
    "reference": "Location/Example-LocationRoom-1245687952"
  },
  "note": [
    {
      "text": "HbA1c, panel de lípidos, ACR y CRP"
    }
  ]
}