{
  "resourceType": "Device",
  "id": "Example-Device-757677dv",
  "text": {
    "status": "generated",
    "div": "<div xmlns=\"http://www.w3.org/1999/xhtml\"><p><b>Generated Narrative</b></p><p><b>status</b>: active</p><p><b>manufacturer</b>: Medtronic</p><p><b>manufactureDate</b>: 2020-01-26</p><p><b>expirationDate</b>: 2022-01-25</p><p><b>lotNumber</b>: 90766</p><p><b>serialNumber</b>: 524243425F-9046</p><h3>DeviceNames</h3><table class=\"grid\"><tr><td>-</td><td><b>Name</b></td><td><b>Type</b></td></tr><tr><td>*</td><td>Marcapasos cardiaco de dos valvulas</td><td>model-name</td></tr></table><p><b>modelNumber</b>: vivatron</p><p><b>type</b>: <span title=\"Codes: {http://snomed.info/sct 14106009}\">marcapasos cardíaco</span></p><p><b>patient</b>: <a href=\"Patient-Example-Patient-87356d0d.html\">Generated Summary: National Person Identifier Chile: 347827348 (OFFICIAL), Medical Record Number: HC-6ef0a6d7 (USUAL); active; Maria Victoria null (OFFICIAL), Maria Jake(NICKNAME); Phone: +56(2)1111-1111, Phone: +56(2)2222-2222, jjmaria@example.com; gender: female; birthDate: 1975-08-14; <span title=\"Codes: {http://terminology.hl7.org/CodeSystem/v3-MaritalStatus M}\">Married</span></a></p><p><b>note</b>: Device in perfect condition</p><p><b>safety</b>: <span title=\"Codes: {http://snomed.info/sct 234223004}\">interferencia eléctrica del marcapasos</span></p></div>"
  },
  "status": "active",
  "manufacturer": "Medtronic",
  "manufactureDate": "2020-01-26",
  "expirationDate": "2022-01-25",
  "lotNumber": "90766",
  "serialNumber": "524243425F-9046",
  "deviceName": [
    {
      "name": "Marcapasos cardiaco de dos valvulas",
      "type": "model-name"
    }
  ],
  "modelNumber": "vivatron",
  "type": {
    "coding": [
      {
        "system": "http://snomed.info/sct",
        "code": "14106009",
        "display": "marcapasos cardíaco"
      }
    ]
  },
  "patient": {
    "reference": "Patient/Example-Patient-87356d0d"
  },
  "note": [
    {
      "text": "Device in perfect condition"
    }
  ],
  "safety": [
    {
      "coding": [
        {
          "system": "http://snomed.info/sct",
          "code": "234223004",
          "display": "interferencia eléctrica del marcapasos"
        }
      ]
    }
  ]
}