{
  "resourceType": "DiagnosticReport",
  "id": "Example-DiagnosticReport-Laboratory-265653656yf",
  "text": {
    "status": "generated",
    "div": "<div xmlns=\"http://www.w3.org/1999/xhtml\"><h2><span title=\"Codes: {http://snomed.info/sct 26604007}, {https://digitalware-klinic.github.io/fhir/indisa/CodeSystem-CodesFonasa 301045}\">hemograma completo</span> (<span title=\"Codes: {http://terminology.hl7.org/CodeSystem/observation-category laboratory}\">Laboratory</span>) </h2><table class=\"grid\"><tr><td>Subject</td><td><b>Maria Victoria null (OFFICIAL)</b>  1975-08-14 ( Medical Record Number: HC-6ef0a6d7 (USUAL))</td></tr><tr><td>When For</td><td>25/02/2021, 9:45:00 a. m.</td></tr><tr><td>Identifier:</td><td> id: RLB2363636 (USUAL)</td></tr></table><p><b>Report Details</b></p><table class=\"grid\"><tr><td><b>Code</b></td><td><b>Value</b></td></tr><tr><td><a href=\"Observation-Example-Observation-643767367434f.html\"><span title=\"Codes: {http://snomed.info/sct 26604007}, {https://digitalware-klinic.github.io/fhir/indisa/CodeSystem-CodesFonasa 301045}\">hemograma completo</span></a></td><td></td></tr></table><p>Ullamco eiusmod sunt elit non commodo est dolor.</p></div>"
  },
  "identifier": [
    {
      "use": "usual",
      "system": "https://example.org/diagnostic-report-identifiers",
      "value": "RLB2363636"
    }
  ],
  "basedOn": [
    {
      "reference": "ServiceRequest/Example-ServiceRequest-Laboratory-4637g6ad"
    }
  ],
  "status": "final",
  "category": [
    {
      "coding": [
        {
          "system": "http://terminology.hl7.org/CodeSystem/observation-category",
          "code": "laboratory",
          "display": "Laboratory"
        }
      ]
    }
  ],
  "code": {
    "coding": [
      {
        "system": "http://snomed.info/sct",
        "code": "26604007",
        "display": "hemograma completo"
      },
      {
        "system": "https://digitalware-klinic.github.io/fhir/indisa/CodeSystem-CodesFonasa",
        "code": "301045",
        "display": "HEMOGRAMA"
      }
    ]
  },
  "subject": {
    "reference": "Patient/Example-Patient-87356d0d"
  },
  "encounter": {
    "reference": "Encounter/Example-Encounter-963b1515"
  },
  "effectiveDateTime": "2021-02-25T09:45:00-05:00",
  "performer": [
    {
      "reference": "Practitioner/Example-Practitioner-78456er9f"
    }
  ],
  "specimen": [
    {
      "reference": "Specimen/Example-Specimen-Blood-56789856d"
    }
  ],
  "result": [
    {
      "reference": "Observation/Example-Observation-643767367434f"
    }
  ],
  "conclusion": "Ullamco eiusmod sunt elit non commodo est dolor."
}