{
  "resourceType": "DiagnosticReport",
  "id": "Example-DiagnosticReport-Laboratory-782823899957f",
  "text": {
    "status": "generated",
    "div": "<div xmlns=\"http://www.w3.org/1999/xhtml\"><h1>SEGMENTO NARRATIVO</h1></div>"
  },
  "identifier": [
    {
      "use": "official",
      "system": "https://example.org/diagnostic-report-identifiers",
      "value": "RLB56566"
    }
  ],
  "basedOn": [
    {
      "reference": "ServiceRequest/Example-ServiceRequest-Laboratory-5688g6ay"
    }
  ],
  "status": "final",
  "category": [
    {
      "coding": [
        {
          "system": "http://snomed.info/sct",
          "code": "708194008",
          "display": "servicio de banco de sangre"
        }
      ]
    }
  ],
  "code": {
    "coding": [
      {
        "system": "http://snomed.info/sct",
        "code": "1240461000000109",
        "display": "medición de anticuerpos anti-coronavirus 2 del síndrome respiratorio agudo severo"
      },
      {
        "system": "http://digitalware.com.co/salud/fhir/CodeSystem/codes-fonasa",
        "code": "0306069",
        "display": "ANTICUERPOS ANTI COVID-19. IGG-DONANTE PLASMA"
      }
    ]
  },
  "subject": {
    "reference": "Patient/Example-Patient-87356d0d"
  },
  "encounter": {
    "reference": "Encounter/Example-Encounter-963b1515"
  },
  "effectiveDateTime": "2021-02-25T09:45:00-05:00",
  "performer": [
    {
      "reference": "Practitioner/Example-Practitioner-78456er9f"
    }
  ],
  "specimen": [
    {
      "reference": "Specimen/Example-Specimen-Blood-56789856d"
    }
  ],
  "result": [
    {
      "reference": "Observation/Example-Observation-3232352365gf"
    }
  ],
  "conclusion": "Ullamco eiusmod sunt elit non commodo est dolor."
}