{
  "resourceType": "Encounter",
  "id": "Example-Encounter-963b1515",
  "text": {
    "status": "generated",
    "div": "<div xmlns=\"http://www.w3.org/1999/xhtml\"><p><b>Generated Narrative</b></p><p><b style=\"color: maroon\">Exception generating Narrative: null</b></p></div>"
  },
  "extension": [
    {
      "id": "rateModality",
      "valueCoding": {
        "system": "http://digitalware.com.co/salud/fhir/CodeSystem/rates-modality-INDISA",
        "code": "cerrada",
        "display": "cerrada/preferente"
      }
    }
  ],
  "identifier": [
    {
      "use": "official",
      "system": "https://example.org/encounter-identifiers",
      "value": "12334556"
    }
  ],
  "status": "finished",
  "statusHistory": [
    {
      "status": "arrived",
      "period": {
        "start": "2021-01-21T07:00:00-05:00",
        "end": "2021-01-21T07:10:00-05:00"
      }
    },
    {
      "status": "in-progress",
      "period": {
        "start": "2021-01-21T07:10:00-05:00",
        "end": "2021-01-21T07:40:00-05:00"
      }
    },
    {
      "status": "finished",
      "period": {
        "start": "2021-01-21T07:41:00-05:00",
        "end": "2021-01-21T07:41:00-05:00"
      }
    }
  ],
  "class": {
    "system": "http://terminology.hl7.org/ValueSet/v3-ActEncounterCode",
    "code": "AMB",
    "display": "ambulatory"
  },
  "serviceType": {
    "coding": [
      {
        "system": "http://hl7.org/fhir/ValueSet/service-type",
        "code": "349",
        "display": "General Practitioner"
      }
    ]
  },
  "priority": {
    "coding": [
      {
        "system": "http://terminology.hl7.org/ValueSet/v3-ActPriority",
        "code": "R",
        "display": "routine"
      }
    ]
  },
  "subject": {
    "reference": "Patient/Example-Patient-87356d0d"
  },
  "basedOn": [
    {
      "reference": "ServiceRequest/Example-ServiceRequest-GN4035"
    }
  ],
  "participant": [
    {
      "type": [
        {
          "coding": [
            {
              "system": "http://hl7.org/fhir/ValueSet/encounter-participant-type",
              "code": "CON",
              "display": "Consultant"
            }
          ]
        }
      ]
    }
  ],
  "appointment": [
    {
      "reference": "Appointment/Example-Appointment-05c86b7b-5drg"
    }
  ],
  "period": {
    "start": "2021-01-21T07:00:00-05:00",
    "end": "2021-01-21T07:30:00-05:00"
  },
  "reasonCode": [
    {
      "coding": [
        {
          "system": "http://hl7.org/fhir/ValueSet/encounter-reason",
          "code": "257006",
          "display": "Acne rosacea"
        }
      ]
    }
  ],
  "reasonReference": [
    {
      "reference": "Observation/Example-Observation-3546o"
    }
  ],
  "diagnosis": [
    {
      "condition": {
        "reference": "Condition/Example-Condition-4869c"
      }
    }
  ],
  "account": [
    {
      "reference": "Account/Example-Account-6f674e96"
    }
  ],
  "location": [
    {
      "location": {
        "reference": "Location/Example-LocationRoom-1245687952"
      }
    }
  ],
  "serviceProvider": {
    "reference": "Organization/Example-Organization-213134sd15148f"
  }
}