{
  "resourceType": "Encounter",
  "id": "Example-Encounter-963b1515",
  "text": {
    "status": "generated",
    "div": "<div xmlns=\"http://www.w3.org/1999/xhtml\"><p><b>Generated Narrative</b></p><h3>Texts</h3><table class=\"grid\"><tr><td>-</td></tr><tr><td>*</td></tr></table><p><b>identifier</b>: id: 12334556 (OFFICIAL)</p><p><b>status</b>: finished</p><blockquote><p><b>statusHistory</b></p><p><b>status</b>: arrived</p><p><b>period</b>: 21/01/2021, 7:00:00 a. m. --&gt; 21/01/2021, 7:10:00 a. m.</p></blockquote><blockquote><p><b>statusHistory</b></p><p><b>status</b>: in-progress</p><p><b>period</b>: 21/01/2021, 7:10:00 a. m. --&gt; 21/01/2021, 7:40:00 a. m.</p></blockquote><blockquote><p><b>statusHistory</b></p><p><b>status</b>: finished</p><p><b>period</b>: 21/01/2021, 7:41:00 a. m. --&gt; 21/01/2021, 7:41:00 a. m.</p></blockquote><p><b>class</b>: <span title=\"{http://terminology.hl7.org/ValueSet/v3-ActEncounterCode AMB}\">ambulatory</span></p><p><b>serviceType</b>: <span title=\"Codes: {http://hl7.org/fhir/ValueSet/service-type 349}\">General Practitioner</span></p><p><b>priority</b>: <span title=\"Codes: {http://terminology.hl7.org/ValueSet/v3-ActPriority R}\">routine</span></p><p><b>subject</b>: <a href=\"Patient-Example-Patient-87356d0d.html\">Generated Summary: Medical record number: 347827348 (OFFICIAL), id: HC-6ef0a6d7 (USUAL); active; Maria Victoria Jake Jofré (OFFICIAL), Maria Jake(NICKNAME); Phone: +56(2)1111-1111, Phone: +56(2)2222-2222, jjmaria@example.com; gender: female; birthDate: 1975-08-14; <span title=\"Codes: {http://hl7.org/fhir/ValueSet/marital-status M}\">Married</span></a></p><p><b>basedOn</b>: <a href=\"ServiceRequest/Example-ServiceRequest-GN4035\">ServiceRequest/Example-ServiceRequest-GN4035</a></p><h3>Participants</h3><table class=\"grid\"><tr><td>-</td><td><b>Type</b></td></tr><tr><td>*</td><td><span title=\"Codes: {http://hl7.org/fhir/ValueSet/encounter-participant-type CON}\">Consultant</span></td></tr></table><p><b>appointment</b>: <a href=\"Appointment-Example-Appointment-05c86b7b-5drg.html\">Generated Summary: id: 403; status: fulfilled; <span title=\"Codes: {http://snomed.info/sct 27}\">Specialist Medical</span>; <span title=\"Codes: {http://snomed.info/sct 186}\">Obstetrics y Gynaecology</span>, <span title=\"Codes: {https://www.digitalware.com.co/salud/fhir/CodeSystem/appointment-types c113e46f-5f39}\">Cita Especialista</span>, <span title=\"Codes: {https://www.digitalware.com.co/salud/fhir/CodeSystem/local-procedure-codes 120d0fe9-9347}\">ANTIGENO POLIPEPTIDO DE TEJIDO O ANTIGENO DE PROLIFERACION CELULAR AUTOMATIZADO</span>, <span title=\"Codes: {https://www.digitalware.com.co/salud/fhir/CodeSystem/payors IDPayor025}\">Asegurador Buena Salud</span>; <span title=\"Codes: {http://snomed.info/sct 481}\">Gynaecology</span>; <span title=\"Codes: {http://terminology.hl7.org/CodeSystem/v2-0276 WALKIN}, {https://www.digitalware.com.co/salud/fhir/CodeSystem/appointment-types 47b66eb5-0947-455b-b069-54765c996f6f}\">A previously unscheduled walk-in visit</span>; start: 21/01/2021, 7:00:00 a. m.; end: 21/01/2021, 7:30:00 a. m.; 30; created: 20/01/2021, 10:00:00 a. m.; requestedPeriod: 2021-04-01 --&gt; 2021-04-30</a></p><p><b>period</b>: 21/01/2021, 7:00:00 a. m. --&gt; 21/01/2021, 7:30:00 a. m.</p><p><b>reasonCode</b>: <span title=\"Codes: {http://hl7.org/fhir/ValueSet/encounter-reason 257006}\">Acne rosacea</span></p><p><b>reasonReference</b>: <a href=\"Observation/Example-Observation-3546o\">Observation/Example-Observation-3546o</a></p><h3>Diagnoses</h3><table class=\"grid\"><tr><td>-</td><td><b>Condition</b></td></tr><tr><td>*</td><td><a href=\"Condition/Example-Condition-4869c\">Condition/Example-Condition-4869c</a></td></tr></table><p><b>account</b>: <a href=\"Account/Example-Account-0325a\">Account/Example-Account-0325a</a></p><p><b>serviceProvider</b>: <a href=\"Organization-Example-Organization-213134sd15148f.html\">Generated Summary: id: 1100133335-1 (OFFICIAL), id: 12789312-9 (OFFICIAL); active; <span title=\"Codes: {http://hl7.org/fhir/ValueSet/organization-type prov}\">Healthcare Provider</span>; name: Indisa clinica de la familia; alias: INDISA; Phone: 3430000</a></p></div>"
  },
  "identifier": [
    {
      "use": "official",
      "system": "https://example.org/encounter-identifiers",
      "value": "12334556"
    }
  ],
  "status": "finished",
  "statusHistory": [
    {
      "status": "arrived",
      "period": {
        "start": "2021-01-21T07:00:00-05:00",
        "end": "2021-01-21T07:10:00-05:00"
      }
    },
    {
      "status": "in-progress",
      "period": {
        "start": "2021-01-21T07:10:00-05:00",
        "end": "2021-01-21T07:40:00-05:00"
      }
    },
    {
      "status": "finished",
      "period": {
        "start": "2021-01-21T07:41:00-05:00",
        "end": "2021-01-21T07:41:00-05:00"
      }
    }
  ],
  "class": {
    "system": "http://terminology.hl7.org/ValueSet/v3-ActEncounterCode",
    "code": "AMB",
    "display": "ambulatory"
  },
  "serviceType": {
    "coding": [
      {
        "system": "http://hl7.org/fhir/ValueSet/service-type",
        "code": "349",
        "display": "General Practitioner"
      }
    ]
  },
  "priority": {
    "coding": [
      {
        "system": "http://terminology.hl7.org/ValueSet/v3-ActPriority",
        "code": "R",
        "display": "routine"
      }
    ]
  },
  "subject": {
    "reference": "Patient/Example-Patient-87356d0d"
  },
  "basedOn": [
    {
      "reference": "ServiceRequest/Example-ServiceRequest-GN4035"
    }
  ],
  "participant": [
    {
      "type": [
        {
          "coding": [
            {
              "system": "http://hl7.org/fhir/ValueSet/encounter-participant-type",
              "code": "CON",
              "display": "Consultant"
            }
          ]
        }
      ]
    }
  ],
  "appointment": [
    {
      "reference": "Appointment/Example-Appointment-05c86b7b-5drg"
    }
  ],
  "period": {
    "start": "2021-01-21T07:00:00-05:00",
    "end": "2021-01-21T07:30:00-05:00"
  },
  "reasonCode": [
    {
      "coding": [
        {
          "system": "http://hl7.org/fhir/ValueSet/encounter-reason",
          "code": "257006",
          "display": "Acne rosacea"
        }
      ]
    }
  ],
  "reasonReference": [
    {
      "reference": "Observation/Example-Observation-3546o"
    }
  ],
  "diagnosis": [
    {
      "condition": {
        "reference": "Condition/Example-Condition-4869c"
      }
    }
  ],
  "account": [
    {
      "reference": "Account/Example-Account-0325a"
    }
  ],
  "serviceProvider": {
    "reference": "Organization/Example-Organization-213134sd15148f"
  }
}