{
  "resourceType": "HealthcareService",
  "id": "Example-HealthcareService-20ede331",
  "text": {
    "status": "generated",
    "div": "<div xmlns=\"http://www.w3.org/1999/xhtml\"><p><b>Generated Narrative</b></p><p><b>identifier</b>: id: Code45678 (OFFICIAL)</p><p><b>active</b>: true</p><p><b>category</b>: <span title=\"Codes: {http://snomed.info/sct 394658006}\">especialidad clínica</span></p><p><b>type</b>: <span title=\"Codes: {http://snomed.info/sct 394585009}\">obstetricia y ginecología</span></p><p><b>specialty</b>: <span title=\"Codes: {http://snomed.info/sct 394586005}\">ginecologia</span></p><p><b>location</b>: <a href=\"Location-Example-LocationArea-789789789789.html\">Generated Summary: status: active; <span title=\"{http://terminology.hl7.org/CodeSystem/v2-0116 O}\">Occupied</span>; name: Servicio hospitalario; alias: Hospitalización; description: Hospital medical care.; mode: kind; <span title=\"Codes: {http://terminology.hl7.org/CodeSystem/v3-RoleCode HU}\">Hospital unit</span>; Phone: +56 12355611; <span title=\"Codes: {http://terminology.hl7.org/CodeSystem/location-physical-type wi}\">Wing</span></a></p><p><b>name</b>: Servicio Ginecologia</p><p><b>comment</b>: Gynecology and Obstetrics Service.</p><p><b>serviceProvisionCode</b>: <span title=\"Codes: {https://digitalware-klinic.github.io/fhir/indisa/CodeSystem-ProgramCodes SURA}\">Prioridad para salud Suramericana</span>, <span title=\"Codes: {https://digitalware-klinic.github.io/fhir/indisa/CodeSystem-ProgramCodes KERALTY}\">Prioridad para salud Keralty</span></p><p><b>program</b>: <span title=\"Codes: {https://digitalware-klinic.github.io/fhir/indisa/CodeSystem-ProgramCodes P01}\">Programa de Gestantes Salud Suramericana</span></p><p><b>characteristic</b>: <span title=\"Codes: {https://MinChile/procedure-code CODEP0016}\">Parto</span>, <span title=\"Codes: {https://MinChile/procedure-code CODEP0134}\">Citologia</span></p><p><b>referralMethod</b>: <span title=\"Codes: {https://digitalware-klinic.github.io/fhir/indisa/CodeSystem-ReferenCodes R057}\">Pacientes de Compensar no requieren orden de remision</span>, <span title=\"Codes: {https://digitalware-klinic.github.io/fhir/indisa/CodeSystem-ReferenCodes R175}\">Pacientes de Famisionar requieren orden de remision</span>, <span title=\"Codes: {https://digitalware-klinic.github.io/fhir/indisa/CodeSystem-ReferenCodes R578}\">Se requiere consulta previa con Medicina General</span></p><p><b>appointmentRequired</b>: true</p><h3>AvailableTimes</h3><table class=\"grid\"><tr><td>-</td><td><b>DaysOfWeek</b></td><td><b>AvailableStartTime</b></td><td><b>AvailableEndTime</b></td></tr><tr><td>*</td><td>mon</td><td>08:00:00</td><td>12:00:00</td></tr></table><p><b>availabilityExceptions</b>: Weekends are not served</p></div>"
  },
  "extension": [
    {
      "id": "servicePartOf",
      "url": "https://digitalware-klinic.github.io/fhir/indisa/StructureDefinition-servicePartOf",
      "valueReference": {
        "reference": "HealthcareService/Example-HealthcareService-20ede331-1"
      }
    }
  ],
  "identifier": [
    {
      "use": "official",
      "system": "http://MinChile/CodeHab-Service",
      "value": "Code45678"
    }
  ],
  "active": true,
  "category": [
    {
      "coding": [
        {
          "system": "http://snomed.info/sct",
          "code": "394658006",
          "display": "especialidad clínica"
        }
      ]
    }
  ],
  "type": [
    {
      "coding": [
        {
          "system": "http://snomed.info/sct",
          "code": "394585009",
          "display": "obstetricia y ginecología"
        }
      ]
    }
  ],
  "specialty": [
    {
      "coding": [
        {
          "system": "http://snomed.info/sct",
          "code": "394586005",
          "display": "ginecologia"
        }
      ]
    }
  ],
  "location": [
    {
      "reference": "Location/Example-LocationArea-789789789789"
    }
  ],
  "name": "Servicio Ginecologia",
  "comment": "Gynecology and Obstetrics Service.",
  "serviceProvisionCode": [
    {
      "coding": [
        {
          "system": "https://digitalware-klinic.github.io/fhir/indisa/CodeSystem-ProgramCodes",
          "code": "SURA",
          "display": "Prioridad para salud Suramericana"
        }
      ]
    },
    {
      "coding": [
        {
          "system": "https://digitalware-klinic.github.io/fhir/indisa/CodeSystem-ProgramCodes",
          "code": "KERALTY",
          "display": "Prioridad para salud Keralty"
        }
      ]
    }
  ],
  "program": [
    {
      "coding": [
        {
          "system": "https://digitalware-klinic.github.io/fhir/indisa/CodeSystem-ProgramCodes",
          "code": "P01",
          "display": "Programa de Gestantes Salud Suramericana"
        }
      ]
    }
  ],
  "characteristic": [
    {
      "coding": [
        {
          "system": "https://MinChile/procedure-code",
          "code": "CODEP0016",
          "display": "Parto"
        }
      ]
    },
    {
      "coding": [
        {
          "system": "https://MinChile/procedure-code",
          "code": "CODEP0134",
          "display": "Citologia"
        }
      ]
    }
  ],
  "referralMethod": [
    {
      "coding": [
        {
          "system": "https://digitalware-klinic.github.io/fhir/indisa/CodeSystem-ReferenCodes",
          "code": "R057",
          "display": "Pacientes de Compensar no requieren orden de remision"
        }
      ]
    },
    {
      "coding": [
        {
          "system": "https://digitalware-klinic.github.io/fhir/indisa/CodeSystem-ReferenCodes",
          "code": "R175",
          "display": "Pacientes de Famisionar requieren orden de remision"
        }
      ]
    },
    {
      "coding": [
        {
          "system": "https://digitalware-klinic.github.io/fhir/indisa/CodeSystem-ReferenCodes",
          "code": "R578",
          "display": "Se requiere consulta previa con Medicina General"
        }
      ]
    }
  ],
  "appointmentRequired": true,
  "availableTime": [
    {
      "daysOfWeek": [
        "mon"
      ],
      "availableStartTime": "08:00:00",
      "availableEndTime": "12:00:00"
    }
  ],
  "availabilityExceptions": "Weekends are not served"
}