{
  "resourceType": "ImplementationGuide",
  "id": "fhir.digital-ware.klinic-api-fhir",
  "text": {
    "status": "extensions",
    "div": "<div xmlns=\"http://www.w3.org/1999/xhtml\"><h2>klinicapifhir</h2><p>The official URL for this implementation guide is: </p><pre>https://digitalware-klinic.github.io/fhir/indisa/ImplementationGuide/fhir.digital-ware.klinic-api-fhir</pre><div><p>FHIR implementation guide for Klinic API FHIR (Klinic-HIS) interoperability scenarios, edited by DigitalWare S.A.</p>\n</div></div>"
  },
  "url": "https://digitalware-klinic.github.io/fhir/indisa/ImplementationGuide/fhir.digital-ware.klinic-api-fhir",
  "version": "1.0",
  "name": "klinicapifhir",
  "title": "Klinic API FHIR Implementation Guide: IG Release 1 - Digital Ware S.A.",
  "status": "active",
  "date": "2021-03-10T01:14:51-05:00",
  "publisher": "DigitalWare S.A. - Klinic-HIS",
  "contact": [
    {
      "name": "Juan Manuel Contreras Hernandez",
      "telecom": [
        {
          "system": "email",
          "value": "juanch@digitalware.com.co",
          "use": "work"
        }
      ]
    },
    {
      "name": "Diana Rodriguez Suarez",
      "telecom": [
        {
          "system": "email",
          "value": "dianaro@digitalware.com.co",
          "use": "work"
        }
      ]
    },
    {
      "name": "Daniel Felipe Castro Romero",
      "telecom": [
        {
          "system": "email",
          "value": "danielc@digitalware.com.co",
          "use": "work"
        }
      ]
    },
    {
      "name": "Eduardo Felipe Solis Hernandez",
      "telecom": [
        {
          "system": "email",
          "value": "felipesh@digitalware.com.co",
          "use": "work"
        }
      ]
    },
    {
      "name": "Mario Enrique Cortés M",
      "telecom": [
        {
          "system": "email",
          "value": "mario.cortes@hl7co.org",
          "use": "work"
        }
      ]
    }
  ],
  "description": "FHIR implementation guide for Klinic API FHIR (Klinic-HIS) interoperability scenarios, edited by DigitalWare S.A.",
  "packageId": "fhir.digital-ware.klinic-api-fhir",
  "license": "CC0-1.0",
  "fhirVersion": [
    "4.0.1"
  ],
  "definition": {
    "extension": [
      {
        "extension": [
          {
            "url": "code",
            "valueString": "copyrightyear"
          },
          {
            "url": "value",
            "valueString": "2021+"
          }
        ],
        "url": "http://hl7.org/fhir/tools/StructureDefinition/ig-parameter"
      },
      {
        "extension": [
          {
            "url": "code",
            "valueString": "releaselabel"
          },
          {
            "url": "value",
            "valueString": "trial-use"
          }
        ],
        "url": "http://hl7.org/fhir/tools/StructureDefinition/ig-parameter"
      },
      {
        "extension": [
          {
            "url": "code",
            "valueString": "path-liquid"
          },
          {
            "url": "value",
            "valueString": "template/liquid"
          }
        ],
        "url": "http://hl7.org/fhir/tools/StructureDefinition/ig-parameter"
      },
      {
        "extension": [
          {
            "url": "code",
            "valueString": "path-liquid"
          },
          {
            "url": "value",
            "valueString": "input/liquid"
          }
        ],
        "url": "http://hl7.org/fhir/tools/StructureDefinition/ig-parameter"
      },
      {
        "extension": [
          {
            "url": "code",
            "valueString": "path-qa"
          },
          {
            "url": "value",
            "valueString": "temp/qa"
          }
        ],
        "url": "http://hl7.org/fhir/tools/StructureDefinition/ig-parameter"
      },
      {
        "extension": [
          {
            "url": "code",
            "valueString": "path-temp"
          },
          {
            "url": "value",
            "valueString": "temp/pages"
          }
        ],
        "url": "http://hl7.org/fhir/tools/StructureDefinition/ig-parameter"
      },
      {
        "extension": [
          {
            "url": "code",
            "valueString": "path-output"
          },
          {
            "url": "value",
            "valueString": "output"
          }
        ],
        "url": "http://hl7.org/fhir/tools/StructureDefinition/ig-parameter"
      },
      {
        "extension": [
          {
            "url": "code",
            "valueString": "path-suppressed-warnings"
          },
          {
            "url": "value",
            "valueString": "input/ignoreWarnings.txt"
          }
        ],
        "url": "http://hl7.org/fhir/tools/StructureDefinition/ig-parameter"
      },
      {
        "extension": [
          {
            "url": "code",
            "valueString": "path-history"
          },
          {
            "url": "value",
            "valueString": "https://digitalware-klinic.github.io/fhir/indisa/history.html"
          }
        ],
        "url": "http://hl7.org/fhir/tools/StructureDefinition/ig-parameter"
      },
      {
        "extension": [
          {
            "url": "code",
            "valueString": "template-html"
          },
          {
            "url": "value",
            "valueString": "template-page.html"
          }
        ],
        "url": "http://hl7.org/fhir/tools/StructureDefinition/ig-parameter"
      },
      {
        "extension": [
          {
            "url": "code",
            "valueString": "template-md"
          },
          {
            "url": "value",
            "valueString": "template-page-md.html"
          }
        ],
        "url": "http://hl7.org/fhir/tools/StructureDefinition/ig-parameter"
      },
      {
        "extension": [
          {
            "url": "code",
            "valueString": "apply-contact"
          },
          {
            "url": "value",
            "valueString": "true"
          }
        ],
        "url": "http://hl7.org/fhir/tools/StructureDefinition/ig-parameter"
      },
      {
        "extension": [
          {
            "url": "code",
            "valueString": "apply-context"
          },
          {
            "url": "value",
            "valueString": "true"
          }
        ],
        "url": "http://hl7.org/fhir/tools/StructureDefinition/ig-parameter"
      },
      {
        "extension": [
          {
            "url": "code",
            "valueString": "apply-copyright"
          },
          {
            "url": "value",
            "valueString": "true"
          }
        ],
        "url": "http://hl7.org/fhir/tools/StructureDefinition/ig-parameter"
      },
      {
        "extension": [
          {
            "url": "code",
            "valueString": "apply-jurisdiction"
          },
          {
            "url": "value",
            "valueString": "true"
          }
        ],
        "url": "http://hl7.org/fhir/tools/StructureDefinition/ig-parameter"
      },
      {
        "extension": [
          {
            "url": "code",
            "valueString": "apply-license"
          },
          {
            "url": "value",
            "valueString": "true"
          }
        ],
        "url": "http://hl7.org/fhir/tools/StructureDefinition/ig-parameter"
      },
      {
        "extension": [
          {
            "url": "code",
            "valueString": "apply-publisher"
          },
          {
            "url": "value",
            "valueString": "true"
          }
        ],
        "url": "http://hl7.org/fhir/tools/StructureDefinition/ig-parameter"
      },
      {
        "extension": [
          {
            "url": "code",
            "valueString": "apply-version"
          },
          {
            "url": "value",
            "valueString": "true"
          }
        ],
        "url": "http://hl7.org/fhir/tools/StructureDefinition/ig-parameter"
      },
      {
        "extension": [
          {
            "url": "code",
            "valueString": "active-tables"
          },
          {
            "url": "value",
            "valueString": "true"
          }
        ],
        "url": "http://hl7.org/fhir/tools/StructureDefinition/ig-parameter"
      }
    ],
    "resource": [
      {
        "extension": [
          {
            "url": "http://hl7.org/fhir/tools/StructureDefinition/resource-information",
            "valueString": "StructureDefinition:resource"
          }
        ],
        "reference": {
          "reference": "StructureDefinition/ProfileAccountKlinic"
        },
        "name": "Account",
        "description": "Patient account, where all charges made at the outpatient or hospital level are found.",
        "exampleBoolean": false
      },
      {
        "extension": [
          {
            "url": "http://hl7.org/fhir/tools/StructureDefinition/resource-information",
            "valueString": "StructureDefinition:resource"
          }
        ],
        "reference": {
          "reference": "StructureDefinition/ProfileAppointmentKlinic"
        },
        "name": "Appointment",
        "description": "Registered appointments of the patient for each general and specialized medical consultation and the performance of laboratory and imaging tests, among others.",
        "exampleBoolean": false
      },
      {
        "extension": [
          {
            "url": "http://hl7.org/fhir/tools/StructureDefinition/resource-information",
            "valueString": "StructureDefinition:resource"
          }
        ],
        "reference": {
          "reference": "StructureDefinition/ProfileAppointmentResponseKlinic"
        },
        "name": "Appointment Response",
        "description": "Response regarding the scheduling of the patient's appointment according to the availability of the agenda or regarding cancellations, reviews, among other activities on each appointment.",
        "exampleBoolean": false
      },
      {
        "extension": [
          {
            "url": "http://hl7.org/fhir/tools/StructureDefinition/resource-information",
            "valueString": "StructureDefinition:resource"
          }
        ],
        "reference": {
          "reference": "StructureDefinition/ProfileCompositionKlinic"
        },
        "name": "Document Electronic",
        "description": "Electronic composition document that allows the exchange of information between processes or between integration points and that has to do with the patient's medical information.",
        "exampleBoolean": false
      },
      {
        "extension": [
          {
            "url": "http://hl7.org/fhir/tools/StructureDefinition/resource-information",
            "valueString": "StructureDefinition:resource"
          }
        ],
        "reference": {
          "reference": "StructureDefinition/ProfileConditionKlinic"
        },
        "name": "Condition",
        "description": "A clinical condition, problem, diagnosis, or other event, situation, issue, or clinical concept that has risen to a level of concern.",
        "exampleBoolean": false
      },
      {
        "extension": [
          {
            "url": "http://hl7.org/fhir/tools/StructureDefinition/resource-information",
            "valueString": "StructureDefinition:resource"
          }
        ],
        "reference": {
          "reference": "StructureDefinition/ProfileCoverageKlinic"
        },
        "name": "Coverage patient",
        "description": "Patient's health coverage policy.",
        "exampleBoolean": false
      },
      {
        "extension": [
          {
            "url": "http://hl7.org/fhir/tools/StructureDefinition/resource-information",
            "valueString": "StructureDefinition:resource"
          }
        ],
        "reference": {
          "reference": "StructureDefinition/ProfileDeviceKlinic"
        },
        "name": "Device",
        "description": "A type of a manufactured item that is used in the provision of healthcare without being substantially changed through that activity.",
        "exampleBoolean": false
      },
      {
        "extension": [
          {
            "url": "http://hl7.org/fhir/tools/StructureDefinition/resource-information",
            "valueString": "StructureDefinition:resource"
          }
        ],
        "reference": {
          "reference": "StructureDefinition/ProfileDiagnosticReportLabKlinic"
        },
        "name": "Diagnostic report for laboratory, imamging study and cardiovascular tests",
        "description": "Clinical diagnostic reports of the patient (laboratory, imamging study and cardiovascular tests).",
        "exampleBoolean": false
      },
      {
        "extension": [
          {
            "url": "http://hl7.org/fhir/tools/StructureDefinition/resource-information",
            "valueString": "StructureDefinition:resource"
          }
        ],
        "reference": {
          "reference": "StructureDefinition/ProfileEndpointKlinic"
        },
        "name": "Endpoint",
        "description": "Contact points where the exchange, update and consultation of medical information of the patient is allowed.",
        "exampleBoolean": false
      },
      {
        "extension": [
          {
            "url": "http://hl7.org/fhir/tools/StructureDefinition/resource-information",
            "valueString": "StructureDefinition:resource"
          }
        ],
        "reference": {
          "reference": "StructureDefinition/ProfileHealthcareService"
        },
        "name": "Healthcare Service",
        "description": "health services that are provided to the patient, once they enter the provider's facilities.",
        "exampleBoolean": false
      },
      {
        "extension": [
          {
            "url": "http://hl7.org/fhir/tools/StructureDefinition/resource-information",
            "valueString": "StructureDefinition:resource"
          }
        ],
        "reference": {
          "reference": "StructureDefinition/ProfileImagingStudyKlinic"
        },
        "name": "Imaging Study",
        "description": "A set of images produced in single study at patient.",
        "exampleBoolean": false
      },
      {
        "extension": [
          {
            "url": "http://hl7.org/fhir/tools/StructureDefinition/resource-information",
            "valueString": "StructureDefinition:resource"
          }
        ],
        "reference": {
          "reference": "StructureDefinition/ProfileImplantableDeviceKlinic"
        },
        "name": "Device",
        "description": "FHIR resource profile for Active Implantable Medical Devices (AIMD), invasive medical devices, custom medical devices, and invasive or reusable surgical medical devices.\n\nMany of these devices are partially or completely absorbed.\n\nSuch as: pacemaker, extends, catheter, IUD, and surgical instruments.",
        "exampleBoolean": false
      },
      {
        "extension": [
          {
            "url": "http://hl7.org/fhir/tools/StructureDefinition/resource-information",
            "valueString": "StructureDefinition:resource"
          }
        ],
        "reference": {
          "reference": "StructureDefinition/ProfileLocationAreaKlinic"
        },
        "name": "Location Area",
        "description": "Physical location of each of the clinical and administrative areas within a building: Floor, Area, Wing, Waiting room, intensive care unit, among others.",
        "exampleBoolean": false
      },
      {
        "extension": [
          {
            "url": "http://hl7.org/fhir/tools/StructureDefinition/resource-information",
            "valueString": "StructureDefinition:resource"
          }
        ],
        "reference": {
          "reference": "StructureDefinition/ProfileLocationBedKlinic"
        },
        "name": "Location Bed",
        "description": "Physical location of each of the clinical areas within a building:  Bed.",
        "exampleBoolean": false
      },
      {
        "extension": [
          {
            "url": "http://hl7.org/fhir/tools/StructureDefinition/resource-information",
            "valueString": "StructureDefinition:resource"
          }
        ],
        "reference": {
          "reference": "StructureDefinition/ProfileLocationBuildingKlinic"
        },
        "name": "Location Building",
        "description": "Physical location of each of the clinical and administrative areas within a building:  Building, Wing of building, Tower, etc.",
        "exampleBoolean": false
      },
      {
        "extension": [
          {
            "url": "http://hl7.org/fhir/tools/StructureDefinition/resource-information",
            "valueString": "StructureDefinition:resource"
          }
        ],
        "reference": {
          "reference": "StructureDefinition/ProfileLocationFunctionalUnitKlinic"
        },
        "name": "Location Functional Unit",
        "description": "Physical location of each of the clinical and administrative areas within a building:  Functional Unit.",
        "exampleBoolean": false
      },
      {
        "extension": [
          {
            "url": "http://hl7.org/fhir/tools/StructureDefinition/resource-information",
            "valueString": "StructureDefinition:resource"
          }
        ],
        "reference": {
          "reference": "StructureDefinition/ProfileLocationRoomKlinic"
        },
        "name": "Location Room",
        "description": "Physical location of each of the clinical and administrative areas within a building:  Room, Consulting room, etc.",
        "exampleBoolean": false
      },
      {
        "extension": [
          {
            "url": "http://hl7.org/fhir/tools/StructureDefinition/resource-information",
            "valueString": "StructureDefinition:resource"
          }
        ],
        "reference": {
          "reference": "StructureDefinition/ProfileMedicationAdministrationKlinic"
        },
        "name": "Medication Administration",
        "description": "Describes the event of a patient consuming or otherwise being administered a medication.",
        "exampleBoolean": false
      },
      {
        "extension": [
          {
            "url": "http://hl7.org/fhir/tools/StructureDefinition/resource-information",
            "valueString": "StructureDefinition:resource"
          }
        ],
        "reference": {
          "reference": "StructureDefinition/ProfileMedicationDispenseKlinic"
        },
        "name": "Medication dispense",
        "description": "Indicates that a medication product is to be or has been dispensed for a named person/patient. This includes a description of the medication product (supply) provided and the instructions for administering the medication. The medication dispense is the result of a pharmacy system responding to a medication order.",
        "exampleBoolean": false
      },
      {
        "extension": [
          {
            "url": "http://hl7.org/fhir/tools/StructureDefinition/resource-information",
            "valueString": "StructureDefinition:resource"
          }
        ],
        "reference": {
          "reference": "StructureDefinition/ProfileMedicationKlinic"
        },
        "name": "Medication",
        "description": "Identification and definition of a medication for the purposes of prescribing, dispensing, and administering a medication as well as for making statements about medication use.",
        "exampleBoolean": false
      },
      {
        "extension": [
          {
            "url": "http://hl7.org/fhir/tools/StructureDefinition/resource-information",
            "valueString": "StructureDefinition:resource"
          }
        ],
        "reference": {
          "reference": "StructureDefinition/ProfileMedicationRequestKlinic"
        },
        "name": "Medication Request",
        "description": "An order or request for both supply of the medication and the instructions for administration of the medication to a patient.",
        "exampleBoolean": false
      },
      {
        "extension": [
          {
            "url": "http://hl7.org/fhir/tools/StructureDefinition/resource-information",
            "valueString": "StructureDefinition:resource"
          }
        ],
        "reference": {
          "reference": "StructureDefinition/ProfileMessageHeaderKlinic"
        },
        "name": "Message header",
        "description": "Message header in the messaging exchange.",
        "exampleBoolean": false
      },
      {
        "extension": [
          {
            "url": "http://hl7.org/fhir/tools/StructureDefinition/resource-information",
            "valueString": "StructureDefinition:resource"
          }
        ],
        "reference": {
          "reference": "StructureDefinition/ProfileObservationLabKlinic"
        },
        "name": "Observation",
        "description": "Observation laboratory and imaging.",
        "exampleBoolean": false
      },
      {
        "extension": [
          {
            "url": "http://hl7.org/fhir/tools/StructureDefinition/resource-information",
            "valueString": "StructureDefinition:resource"
          }
        ],
        "reference": {
          "reference": "StructureDefinition/ProfileOrganizationHealthcareProviderKlinic"
        },
        "name": "Organization Healthcare Provider",
        "description": "Organization Healthcare Provider.",
        "exampleBoolean": false
      },
      {
        "extension": [
          {
            "url": "http://hl7.org/fhir/tools/StructureDefinition/resource-information",
            "valueString": "StructureDefinition:resource"
          }
        ],
        "reference": {
          "reference": "StructureDefinition/ProfilePatientKlinic"
        },
        "name": "Patient",
        "description": "Data of patient.",
        "exampleBoolean": false
      },
      {
        "extension": [
          {
            "url": "http://hl7.org/fhir/tools/StructureDefinition/resource-information",
            "valueString": "StructureDefinition:resource"
          }
        ],
        "reference": {
          "reference": "StructureDefinition/ProfilePractitionerKlinic"
        },
        "name": "Practitioner",
        "description": "Practitioner of healht.",
        "exampleBoolean": false
      },
      {
        "extension": [
          {
            "url": "http://hl7.org/fhir/tools/StructureDefinition/resource-information",
            "valueString": "StructureDefinition:resource"
          }
        ],
        "reference": {
          "reference": "StructureDefinition/ProfilePractitionerRole"
        },
        "name": "Practitioner Role",
        "description": "Role of practitioner.",
        "exampleBoolean": false
      },
      {
        "extension": [
          {
            "url": "http://hl7.org/fhir/tools/StructureDefinition/resource-information",
            "valueString": "StructureDefinition:resource"
          }
        ],
        "reference": {
          "reference": "StructureDefinition/ProfileProcedureKlinic"
        },
        "name": "Procedure",
        "description": "Medical procedures in health.",
        "exampleBoolean": false
      },
      {
        "extension": [
          {
            "url": "http://hl7.org/fhir/tools/StructureDefinition/resource-information",
            "valueString": "StructureDefinition:resource"
          }
        ],
        "reference": {
          "reference": "StructureDefinition/ProfileQuestionnaireResponseSurveyKlinic"
        },
        "name": "Questionnaire response",
        "description": "Questionnaire responses",
        "exampleBoolean": false
      },
      {
        "extension": [
          {
            "url": "http://hl7.org/fhir/tools/StructureDefinition/resource-information",
            "valueString": "StructureDefinition:resource"
          }
        ],
        "reference": {
          "reference": "StructureDefinition/ProfileQuestionnaireSurveyKlinic"
        },
        "name": "Questionnaire",
        "description": "Questionnaire of Survey",
        "exampleBoolean": false
      },
      {
        "extension": [
          {
            "url": "http://hl7.org/fhir/tools/StructureDefinition/resource-information",
            "valueString": "StructureDefinition:resource"
          }
        ],
        "reference": {
          "reference": "StructureDefinition/ProfileScheduleKlinic"
        },
        "name": "Schedule patient",
        "description": "Schedule patient.",
        "exampleBoolean": false
      },
      {
        "extension": [
          {
            "url": "http://hl7.org/fhir/tools/StructureDefinition/resource-information",
            "valueString": "StructureDefinition:resource"
          }
        ],
        "reference": {
          "reference": "StructureDefinition/ProfileServiceRequestKlinic"
        },
        "name": "Service Request",
        "description": "Medical order for health services.",
        "exampleBoolean": false
      },
      {
        "extension": [
          {
            "url": "http://hl7.org/fhir/tools/StructureDefinition/resource-information",
            "valueString": "StructureDefinition:resource"
          }
        ],
        "reference": {
          "reference": "StructureDefinition/ProfileSlotKlinic"
        },
        "name": "Slot",
        "description": "Agenda spaces available for appointment assignments.",
        "exampleBoolean": false
      },
      {
        "extension": [
          {
            "url": "http://hl7.org/fhir/tools/StructureDefinition/resource-information",
            "valueString": "StructureDefinition:resource"
          }
        ],
        "reference": {
          "reference": "StructureDefinition/ProfileSpecimenKlinic"
        },
        "name": "Specimen",
        "description": "A sample to be used for analysis.",
        "exampleBoolean": false
      },
      {
        "extension": [
          {
            "url": "http://hl7.org/fhir/tools/StructureDefinition/resource-information",
            "valueString": "StructureDefinition:extension"
          }
        ],
        "reference": {
          "reference": "StructureDefinition/AccountAmountKlinic"
        },
        "name": "Account Amount",
        "description": "Amount of the account, which totals the services provided to the patient,",
        "exampleBoolean": false
      },
      {
        "extension": [
          {
            "url": "http://hl7.org/fhir/tools/StructureDefinition/resource-information",
            "valueString": "StructureDefinition:extension"
          }
        ],
        "reference": {
          "reference": "StructureDefinition/AvailableTelemedicine"
        },
        "name": "Admit telemedicine",
        "description": "Active agenda for telemedicine care.",
        "exampleBoolean": false
      },
      {
        "extension": [
          {
            "url": "http://hl7.org/fhir/tools/StructureDefinition/resource-information",
            "valueString": "StructureDefinition:extension"
          }
        ],
        "reference": {
          "reference": "StructureDefinition/BedWithOxygen"
        },
        "name": "BedWithOxygen",
        "description": "Indicator if a bed has oxygen or not",
        "exampleBoolean": false
      },
      {
        "extension": [
          {
            "url": "http://hl7.org/fhir/tools/StructureDefinition/resource-information",
            "valueString": "StructureDefinition:extension"
          }
        ],
        "reference": {
          "reference": "StructureDefinition/BirthPlace"
        },
        "name": "Birth Place",
        "description": "Geographical location of birth of the patient.",
        "exampleBoolean": false
      },
      {
        "extension": [
          {
            "url": "http://hl7.org/fhir/tools/StructureDefinition/resource-information",
            "valueString": "StructureDefinition:extension"
          }
        ],
        "reference": {
          "reference": "StructureDefinition/BonusAmountKlinic"
        },
        "name": "Bonus Amount",
        "description": "Amount of the bonus that legalizes the payment of the patient's account, totally or partially.",
        "exampleBoolean": false
      },
      {
        "extension": [
          {
            "url": "http://hl7.org/fhir/tools/StructureDefinition/resource-information",
            "valueString": "StructureDefinition:extension"
          }
        ],
        "reference": {
          "reference": "StructureDefinition/CancelationDateTime"
        },
        "name": "Fecha/Hora cancelacion cita",
        "description": "Cate and time of cancellation of the appointment.",
        "exampleBoolean": false
      },
      {
        "extension": [
          {
            "url": "http://hl7.org/fhir/tools/StructureDefinition/resource-information",
            "valueString": "StructureDefinition:extension"
          }
        ],
        "reference": {
          "reference": "StructureDefinition/CancelationSanction"
        },
        "name": "Sancion cancelacion cita",
        "description": "Penalty for cancellation of appointment.",
        "exampleBoolean": false
      },
      {
        "extension": [
          {
            "url": "http://hl7.org/fhir/tools/StructureDefinition/resource-information",
            "valueString": "StructureDefinition:extension"
          }
        ],
        "reference": {
          "reference": "StructureDefinition/Census"
        },
        "name": "Census",
        "description": "Census bed indicator",
        "exampleBoolean": false
      },
      {
        "extension": [
          {
            "url": "http://hl7.org/fhir/tools/StructureDefinition/resource-information",
            "valueString": "StructureDefinition:extension"
          }
        ],
        "reference": {
          "reference": "StructureDefinition/ChargeBed"
        },
        "name": "ChargeBed",
        "description": "Indicator if a bed was charged or not",
        "exampleBoolean": false
      },
      {
        "extension": [
          {
            "url": "http://hl7.org/fhir/tools/StructureDefinition/resource-information",
            "valueString": "StructureDefinition:extension"
          }
        ],
        "reference": {
          "reference": "StructureDefinition/ClinicalDischargeType"
        },
        "name": "Clinical discharge type",
        "description": "Types of clinical discharge of the patient, at the hospitalization and emergency level.",
        "exampleBoolean": false
      },
      {
        "extension": [
          {
            "url": "http://hl7.org/fhir/tools/StructureDefinition/resource-information",
            "valueString": "StructureDefinition:extension"
          }
        ],
        "reference": {
          "reference": "StructureDefinition/ConsultationsAmountKlinic"
        },
        "name": "Consultations Amount",
        "description": "Amount of consultations or health benefits, made to the patient.",
        "exampleBoolean": false
      },
      {
        "extension": [
          {
            "url": "http://hl7.org/fhir/tools/StructureDefinition/resource-information",
            "valueString": "StructureDefinition:extension"
          }
        ],
        "reference": {
          "reference": "StructureDefinition/CopaymentAmountKlinic"
        },
        "name": "Copayment Amount",
        "description": "Amount of the copayment to be paid by the patient or their person in charge, if a value is pending after paying off their account against the value of the bond from their insurer.",
        "exampleBoolean": false
      },
      {
        "extension": [
          {
            "url": "http://hl7.org/fhir/tools/StructureDefinition/resource-information",
            "valueString": "StructureDefinition:extension"
          }
        ],
        "reference": {
          "reference": "StructureDefinition/CulturalGroup"
        },
        "name": "Cultural group",
        "description": "Cultural group to which the patient belongs.",
        "exampleBoolean": false
      },
      {
        "extension": [
          {
            "url": "http://hl7.org/fhir/tools/StructureDefinition/resource-information",
            "valueString": "StructureDefinition:extension"
          }
        ],
        "reference": {
          "reference": "StructureDefinition/Disability"
        },
        "name": "Discapacidad del paciente",
        "description": "Disability of the patient.",
        "exampleBoolean": false
      },
      {
        "extension": [
          {
            "url": "http://hl7.org/fhir/tools/StructureDefinition/resource-information",
            "valueString": "StructureDefinition:extension"
          }
        ],
        "reference": {
          "reference": "StructureDefinition/EducationalLevelChile"
        },
        "name": "Education level",
        "description": "Patient education level.",
        "exampleBoolean": false
      },
      {
        "extension": [
          {
            "url": "http://hl7.org/fhir/tools/StructureDefinition/resource-information",
            "valueString": "StructureDefinition:extension"
          }
        ],
        "reference": {
          "reference": "StructureDefinition/EmployerOrganization"
        },
        "name": "Enterprise Patient",
        "description": "Company where the patient works.",
        "exampleBoolean": false
      },
      {
        "extension": [
          {
            "url": "http://hl7.org/fhir/tools/StructureDefinition/resource-information",
            "valueString": "StructureDefinition:extension"
          }
        ],
        "reference": {
          "reference": "StructureDefinition/FathersFamily"
        },
        "name": "Patient's first surname",
        "description": "Patient's first surname.",
        "exampleBoolean": false
      },
      {
        "extension": [
          {
            "url": "http://hl7.org/fhir/tools/StructureDefinition/resource-information",
            "valueString": "StructureDefinition:extension"
          }
        ],
        "reference": {
          "reference": "StructureDefinition/GenderIdentity"
        },
        "name": "Gender patient",
        "description": "Gender with which the patient identifies.",
        "exampleBoolean": false
      },
      {
        "extension": [
          {
            "url": "http://hl7.org/fhir/tools/StructureDefinition/resource-information",
            "valueString": "StructureDefinition:extension"
          }
        ],
        "reference": {
          "reference": "StructureDefinition/HoursOfOperation"
        },
        "name": "HoursOfOperation",
        "description": "Hours of attention of the schedule.",
        "exampleBoolean": false
      },
      {
        "extension": [
          {
            "url": "http://hl7.org/fhir/tools/StructureDefinition/resource-information",
            "valueString": "StructureDefinition:extension"
          }
        ],
        "reference": {
          "reference": "StructureDefinition/IdExpeditionPlace"
        },
        "name": "Place of issuance of patient identification",
        "description": "Place of issuance of patient identification.",
        "exampleBoolean": false
      },
      {
        "extension": [
          {
            "url": "http://hl7.org/fhir/tools/StructureDefinition/resource-information",
            "valueString": "StructureDefinition:extension"
          }
        ],
        "reference": {
          "reference": "StructureDefinition/MedicalFeesKlinic"
        },
        "name": "Medical Fees",
        "description": "Medical fees that are charged to the patient's account, once the corresponding medical consultations have been made.",
        "exampleBoolean": false
      },
      {
        "extension": [
          {
            "url": "http://hl7.org/fhir/tools/StructureDefinition/resource-information",
            "valueString": "StructureDefinition:extension"
          }
        ],
        "reference": {
          "reference": "StructureDefinition/MedicationAmount"
        },
        "name": "Medication Amount",
        "description": "Amount of medication given to the patient and charged to his account.",
        "exampleBoolean": false
      },
      {
        "extension": [
          {
            "url": "http://hl7.org/fhir/tools/StructureDefinition/resource-information",
            "valueString": "StructureDefinition:extension"
          }
        ],
        "reference": {
          "reference": "StructureDefinition/MothersFamily"
        },
        "name": "Second surname patient",
        "description": "Second surname of the patient.",
        "exampleBoolean": false
      },
      {
        "extension": [
          {
            "url": "http://hl7.org/fhir/tools/StructureDefinition/resource-information",
            "valueString": "StructureDefinition:extension"
          }
        ],
        "reference": {
          "reference": "StructureDefinition/MultipleOccupation"
        },
        "name": "MultipleOccupation",
        "description": "Describes whether a location admits multiple patients or professionals",
        "exampleBoolean": false
      },
      {
        "extension": [
          {
            "url": "http://hl7.org/fhir/tools/StructureDefinition/resource-information",
            "valueString": "StructureDefinition:extension"
          }
        ],
        "reference": {
          "reference": "StructureDefinition/Nationality"
        },
        "name": "Nationality patient",
        "description": "Nationality of the patient.",
        "exampleBoolean": false
      },
      {
        "extension": [
          {
            "url": "http://hl7.org/fhir/tools/StructureDefinition/resource-information",
            "valueString": "StructureDefinition:extension"
          }
        ],
        "reference": {
          "reference": "StructureDefinition/NewBorn"
        },
        "name": "Newborn",
        "description": "Extension that allows registering whether or not the patient is a newborn.",
        "exampleBoolean": false
      },
      {
        "extension": [
          {
            "url": "http://hl7.org/fhir/tools/StructureDefinition/resource-information",
            "valueString": "StructureDefinition:extension"
          }
        ],
        "reference": {
          "reference": "StructureDefinition/Ocupation"
        },
        "name": "Patient occupation",
        "description": "Patient occupation.",
        "exampleBoolean": false
      },
      {
        "extension": [
          {
            "url": "http://hl7.org/fhir/tools/StructureDefinition/resource-information",
            "valueString": "StructureDefinition:extension"
          }
        ],
        "reference": {
          "reference": "StructureDefinition/OrganizationName"
        },
        "name": "Patient company",
        "description": "Patient company.",
        "exampleBoolean": false
      },
      {
        "extension": [
          {
            "url": "http://hl7.org/fhir/tools/StructureDefinition/resource-information",
            "valueString": "StructureDefinition:extension"
          }
        ],
        "reference": {
          "reference": "StructureDefinition/OrganizationTelecom"
        },
        "name": "Telephone company patient",
        "description": "Telephone contact company of the patient.",
        "exampleBoolean": false
      },
      {
        "extension": [
          {
            "url": "http://hl7.org/fhir/tools/StructureDefinition/resource-information",
            "valueString": "StructureDefinition:extension"
          }
        ],
        "reference": {
          "reference": "StructureDefinition/PatientEthnicity"
        },
        "name": "Ethnic group patient",
        "description": "Ethnic group of the patient.",
        "exampleBoolean": false
      },
      {
        "extension": [
          {
            "url": "http://hl7.org/fhir/tools/StructureDefinition/resource-information",
            "valueString": "StructureDefinition:extension"
          }
        ],
        "reference": {
          "reference": "StructureDefinition/PatientPopulationGroup"
        },
        "name": "Population group patient",
        "description": "Population group to which the patient belongs.",
        "exampleBoolean": false
      },
      {
        "extension": [
          {
            "url": "http://hl7.org/fhir/tools/StructureDefinition/resource-information",
            "valueString": "StructureDefinition:extension"
          }
        ],
        "reference": {
          "reference": "StructureDefinition/PersonId"
        },
        "name": "Patient identification",
        "description": "Patient identification.",
        "exampleBoolean": false
      },
      {
        "extension": [
          {
            "url": "http://hl7.org/fhir/tools/StructureDefinition/resource-information",
            "valueString": "StructureDefinition:extension"
          }
        ],
        "reference": {
          "reference": "StructureDefinition/QuotaPatient"
        },
        "name": "Quota Patient",
        "description": "Number of patients admitted in the agenda.",
        "exampleBoolean": false
      },
      {
        "extension": [
          {
            "url": "http://hl7.org/fhir/tools/StructureDefinition/resource-information",
            "valueString": "StructureDefinition:extension"
          }
        ],
        "reference": {
          "reference": "StructureDefinition/RateModality"
        },
        "name": "Rate modality",
        "description": "Rate mode on the services provided to the patient, according to their stay in the facilities where health services are provided.",
        "exampleBoolean": false
      },
      {
        "extension": [
          {
            "url": "http://hl7.org/fhir/tools/StructureDefinition/resource-information",
            "valueString": "StructureDefinition:extension"
          }
        ],
        "reference": {
          "reference": "StructureDefinition/RegionalLocationIdentifier"
        },
        "name": "Regional location identifier",
        "description": "Identification of the regional location of residence of the patient.",
        "exampleBoolean": false
      },
      {
        "extension": [
          {
            "url": "http://hl7.org/fhir/tools/StructureDefinition/resource-information",
            "valueString": "StructureDefinition:extension"
          }
        ],
        "reference": {
          "reference": "StructureDefinition/Religion"
        },
        "name": "Religion",
        "description": "Religion patient.",
        "exampleBoolean": false
      },
      {
        "extension": [
          {
            "url": "http://hl7.org/fhir/tools/StructureDefinition/resource-information",
            "valueString": "StructureDefinition:extension"
          }
        ],
        "reference": {
          "reference": "StructureDefinition/ServicePartOf"
        },
        "name": "Subservices",
        "description": "Subservices on health services.",
        "exampleBoolean": false
      },
      {
        "extension": [
          {
            "url": "http://hl7.org/fhir/tools/StructureDefinition/resource-information",
            "valueString": "StructureDefinition:extension"
          }
        ],
        "reference": {
          "reference": "StructureDefinition/SuppliesAmountKlinic"
        },
        "name": "Supplies Amount",
        "description": "Amount of supplies charged to the patient's account, according to the medical benefits performed.",
        "exampleBoolean": false
      },
      {
        "extension": [
          {
            "url": "http://hl7.org/fhir/tools/StructureDefinition/resource-information",
            "valueString": "StructureDefinition:extension"
          }
        ],
        "reference": {
          "reference": "StructureDefinition/VirtualBed"
        },
        "name": "VirtualBed",
        "description": "Indicator if a bed is virtual or not.",
        "exampleBoolean": false
      },
      {
        "extension": [
          {
            "url": "http://hl7.org/fhir/tools/StructureDefinition/resource-information",
            "valueString": "CodeSystem"
          }
        ],
        "reference": {
          "reference": "CodeSystem/CoveragesTypeCl"
        },
        "name": "CoveragesTypeCl",
        "description": "This is a coding system that contains the types of health coverage applicable to the Chilean jurisdiction.",
        "exampleBoolean": false
      },
      {
        "extension": [
          {
            "url": "http://hl7.org/fhir/tools/StructureDefinition/resource-information",
            "valueString": "CodeSystem"
          }
        ],
        "reference": {
          "reference": "CodeSystem/EducationalLevelChile"
        },
        "name": "Nivel Educativo Chile",
        "exampleBoolean": false
      },
      {
        "extension": [
          {
            "url": "http://hl7.org/fhir/tools/StructureDefinition/resource-information",
            "valueString": "CodeSystem"
          }
        ],
        "reference": {
          "reference": "CodeSystem/ISAPRES"
        },
        "name": "ISAPRES",
        "description": "This is a coding system that contains the insurance organizations classified in ISAPRES..",
        "exampleBoolean": false
      },
      {
        "extension": [
          {
            "url": "http://hl7.org/fhir/tools/StructureDefinition/resource-information",
            "valueString": "CodeSystem"
          }
        ],
        "reference": {
          "reference": "CodeSystem/RatesModalityINDISA"
        },
        "name": "RatesModalityINDISA",
        "description": "This is a coding system that contains the rate modality codes for the interoperability scenario of INDISA (Chile).",
        "exampleBoolean": false
      },
      {
        "extension": [
          {
            "url": "http://hl7.org/fhir/tools/StructureDefinition/resource-information",
            "valueString": "CodeSystem"
          }
        ],
        "reference": {
          "reference": "CodeSystem/TramosFONASA"
        },
        "name": "TramosFONASA",
        "description": "This is a coding system that contains the the sections (tramos) of FONASA.",
        "exampleBoolean": false
      },
      {
        "extension": [
          {
            "url": "http://hl7.org/fhir/tools/StructureDefinition/resource-information",
            "valueString": "Bundle"
          }
        ],
        "reference": {
          "reference": "Bundle/Bundle-Example-Bundle-Document-0ddcb465"
        },
        "name": "Bundle-Example-Bundle-Document-0ddcb465",
        "exampleBoolean": true
      },
      {
        "extension": [
          {
            "url": "http://hl7.org/fhir/tools/StructureDefinition/resource-information",
            "valueString": "Device"
          }
        ],
        "reference": {
          "reference": "Device/Device-Example-Device-43g37a87"
        },
        "name": "Device-Example-Device-43g37a87",
        "exampleBoolean": true
      },
      {
        "extension": [
          {
            "url": "http://hl7.org/fhir/tools/StructureDefinition/resource-information",
            "valueString": "Account"
          }
        ],
        "reference": {
          "reference": "Account/Example-Account-6f674e96"
        },
        "name": "Example-Account-6f674e96",
        "description": "Cuenta referente a las atenciones del paciente en el ambito ambulatorio.",
        "exampleBoolean": true
      },
      {
        "extension": [
          {
            "url": "http://hl7.org/fhir/tools/StructureDefinition/resource-information",
            "valueString": "Appointment"
          }
        ],
        "reference": {
          "reference": "Appointment/Example-Appointment-05c86b7b-4fad"
        },
        "name": "Example-Appointment-05c86b7b-4fad",
        "exampleBoolean": true
      },
      {
        "extension": [
          {
            "url": "http://hl7.org/fhir/tools/StructureDefinition/resource-information",
            "valueString": "Appointment"
          }
        ],
        "reference": {
          "reference": "Appointment/Example-Appointment-05c86b7b-5drg"
        },
        "name": "Example-Appointment-05c86b7b-5drg",
        "exampleBoolean": true
      },
      {
        "extension": [
          {
            "url": "http://hl7.org/fhir/tools/StructureDefinition/resource-information",
            "valueString": "AppointmentResponse"
          }
        ],
        "reference": {
          "reference": "AppointmentResponse/Example-AppointmentResponse-05c86b7b"
        },
        "name": "Example-AppointmentResponse-05c86b7b",
        "exampleBoolean": true
      },
      {
        "extension": [
          {
            "url": "http://hl7.org/fhir/tools/StructureDefinition/resource-information",
            "valueString": "Binary"
          }
        ],
        "reference": {
          "reference": "Binary/Example-Binary-111213bi"
        },
        "name": "Example-Binary-111213bi",
        "exampleBoolean": true
      },
      {
        "extension": [
          {
            "url": "http://hl7.org/fhir/tools/StructureDefinition/resource-information",
            "valueString": "Condition"
          }
        ],
        "reference": {
          "reference": "Condition/Example-Condition-Imaging-414243ci"
        },
        "name": "Example-Condition-Imaging-414243ci",
        "exampleBoolean": true
      },
      {
        "extension": [
          {
            "url": "http://hl7.org/fhir/tools/StructureDefinition/resource-information",
            "valueString": "Coverage"
          }
        ],
        "reference": {
          "reference": "Coverage/Example-Coverage-fa7a571e"
        },
        "name": "Example-Coverage-fa7a571e",
        "exampleBoolean": true
      },
      {
        "extension": [
          {
            "url": "http://hl7.org/fhir/tools/StructureDefinition/resource-information",
            "valueString": "Coverage"
          }
        ],
        "reference": {
          "reference": "Coverage/Example-Coverage-fa7a589f"
        },
        "name": "Example-Coverage-fa7a589f",
        "exampleBoolean": true
      },
      {
        "extension": [
          {
            "url": "http://hl7.org/fhir/tools/StructureDefinition/resource-information",
            "valueString": "Device"
          }
        ],
        "reference": {
          "reference": "Device/Example-Device-757677dv"
        },
        "name": "Example-Device-757677dv",
        "exampleBoolean": true
      },
      {
        "extension": [
          {
            "url": "http://hl7.org/fhir/tools/StructureDefinition/resource-information",
            "valueString": "Device"
          }
        ],
        "reference": {
          "reference": "Device/Example-Device-898989dv"
        },
        "name": "Example-Device-898989dv",
        "exampleBoolean": true
      },
      {
        "extension": [
          {
            "url": "http://hl7.org/fhir/tools/StructureDefinition/resource-information",
            "valueString": "DiagnosticReport"
          }
        ],
        "reference": {
          "reference": "DiagnosticReport/Example-DiagnosticReport-Antibiogram-3894"
        },
        "name": "Example-DiagnosticReport-Antibiogram-3894",
        "exampleBoolean": true
      },
      {
        "extension": [
          {
            "url": "http://hl7.org/fhir/tools/StructureDefinition/resource-information",
            "valueString": "DiagnosticReport"
          }
        ],
        "reference": {
          "reference": "DiagnosticReport/Example-DiagnosticReport-Imaging-u584i"
        },
        "name": "Example-DiagnosticReport-Imaging-u584i",
        "exampleBoolean": true
      },
      {
        "extension": [
          {
            "url": "http://hl7.org/fhir/tools/StructureDefinition/resource-information",
            "valueString": "DiagnosticReport"
          }
        ],
        "reference": {
          "reference": "DiagnosticReport/Example-DiagnosticReport-Laboratory-265653656yf"
        },
        "name": "Example-DiagnosticReport-Laboratory-265653656yf",
        "exampleBoolean": true
      },
      {
        "extension": [
          {
            "url": "http://hl7.org/fhir/tools/StructureDefinition/resource-information",
            "valueString": "DiagnosticReport"
          }
        ],
        "reference": {
          "reference": "DiagnosticReport/Example-DiagnosticReport-Laboratory-6543g8au"
        },
        "name": "Example-DiagnosticReport-Laboratory-6543g8au",
        "exampleBoolean": true
      },
      {
        "extension": [
          {
            "url": "http://hl7.org/fhir/tools/StructureDefinition/resource-information",
            "valueString": "DiagnosticReport"
          }
        ],
        "reference": {
          "reference": "DiagnosticReport/Example-DiagnosticReport-Laboratory-782823899957f"
        },
        "name": "Example-DiagnosticReport-Laboratory-782823899957f",
        "exampleBoolean": true
      },
      {
        "extension": [
          {
            "url": "http://hl7.org/fhir/tools/StructureDefinition/resource-information",
            "valueString": "Composition"
          }
        ],
        "reference": {
          "reference": "Composition/Example-Document-99294f378fec"
        },
        "name": "Example-Document-99294f378fec",
        "exampleBoolean": true
      },
      {
        "extension": [
          {
            "url": "http://hl7.org/fhir/tools/StructureDefinition/resource-information",
            "valueString": "Composition"
          }
        ],
        "reference": {
          "reference": "Composition/Example-Document-c1b9fc94f1af"
        },
        "name": "Example-Document-c1b9fc94f1af",
        "exampleBoolean": true
      },
      {
        "extension": [
          {
            "url": "http://hl7.org/fhir/tools/StructureDefinition/resource-information",
            "valueString": "Composition"
          }
        ],
        "reference": {
          "reference": "Composition/Example-Document-imagingreport-y787434ir"
        },
        "name": "Example-Document-imagingreport-y787434ir",
        "exampleBoolean": true
      },
      {
        "extension": [
          {
            "url": "http://hl7.org/fhir/tools/StructureDefinition/resource-information",
            "valueString": "Encounter"
          }
        ],
        "reference": {
          "reference": "Encounter/Example-Encounter-963b1515"
        },
        "name": "Example-Encounter-963b1515",
        "exampleBoolean": true
      },
      {
        "extension": [
          {
            "url": "http://hl7.org/fhir/tools/StructureDefinition/resource-information",
            "valueString": "Encounter"
          }
        ],
        "reference": {
          "reference": "Encounter/Example-Encounter-963y1945"
        },
        "name": "Example-Encounter-963y1945",
        "exampleBoolean": true
      },
      {
        "extension": [
          {
            "url": "http://hl7.org/fhir/tools/StructureDefinition/resource-information",
            "valueString": "Endpoint"
          }
        ],
        "reference": {
          "reference": "Endpoint/Example-EndPoint-PACServer-676767endp"
        },
        "name": "Example-EndPoint-PACServer-676767endp",
        "exampleBoolean": true
      },
      {
        "extension": [
          {
            "url": "http://hl7.org/fhir/tools/StructureDefinition/resource-information",
            "valueString": "HealthcareService"
          }
        ],
        "reference": {
          "reference": "HealthcareService/Example-HealthcareService-20ede331"
        },
        "name": "Example-HealthcareService-20ede331",
        "exampleBoolean": true
      },
      {
        "extension": [
          {
            "url": "http://hl7.org/fhir/tools/StructureDefinition/resource-information",
            "valueString": "ImagingStudy"
          }
        ],
        "reference": {
          "reference": "ImagingStudy/Example-ImagingStudy-1.2.840.10008.86767.4545.87878.323"
        },
        "name": "Example-ImagingStudy-1.2.840.10008.86767.4545.87878.323",
        "description": "Estudio en parametros normales",
        "exampleBoolean": true
      },
      {
        "extension": [
          {
            "url": "http://hl7.org/fhir/tools/StructureDefinition/resource-information",
            "valueString": "Location"
          }
        ],
        "reference": {
          "reference": "Location/Example-LocationArea-789789789789"
        },
        "name": "Example-LocationArea-789789789789",
        "description": "Hospital medical care.",
        "exampleBoolean": true
      },
      {
        "extension": [
          {
            "url": "http://hl7.org/fhir/tools/StructureDefinition/resource-information",
            "valueString": "Location"
          }
        ],
        "reference": {
          "reference": "Location/Example-LocationBed-7819819819bn915"
        },
        "name": "Example-LocationBed-7819819819bn915",
        "description": "Patient bed.",
        "exampleBoolean": true
      },
      {
        "extension": [
          {
            "url": "http://hl7.org/fhir/tools/StructureDefinition/resource-information",
            "valueString": "Location"
          }
        ],
        "reference": {
          "reference": "Location/Example-LocationBuilding-7412389635sdf556"
        },
        "name": "Example-LocationBuilding-7412389635sdf556",
        "description": "Clinic and emergencies",
        "exampleBoolean": true
      },
      {
        "extension": [
          {
            "url": "http://hl7.org/fhir/tools/StructureDefinition/resource-information",
            "valueString": "Location"
          }
        ],
        "reference": {
          "reference": "Location/Example-LocationFuncionalUnit-16558949sf878498"
        },
        "name": "Example-LocationFuncionalUnit-16558949sf878498",
        "description": "blood component laboratory / emergency pharmacy",
        "exampleBoolean": true
      },
      {
        "extension": [
          {
            "url": "http://hl7.org/fhir/tools/StructureDefinition/resource-information",
            "valueString": "Location"
          }
        ],
        "reference": {
          "reference": "Location/Example-LocationLaboratory-51654689466d55"
        },
        "name": "Example-LocationLaboratory-51654689466d55",
        "description": "Blood component laboratory.",
        "exampleBoolean": true
      },
      {
        "extension": [
          {
            "url": "http://hl7.org/fhir/tools/StructureDefinition/resource-information",
            "valueString": "Location"
          }
        ],
        "reference": {
          "reference": "Location/Example-LocationLocalUnit-789789789789"
        },
        "name": "Example-LocationLocalUnit-789789789789",
        "description": "Hospital medical care.",
        "exampleBoolean": true
      },
      {
        "extension": [
          {
            "url": "http://hl7.org/fhir/tools/StructureDefinition/resource-information",
            "valueString": "Location"
          }
        ],
        "reference": {
          "reference": "Location/Example-LocationRoom-1245687952"
        },
        "name": "Example-LocationRoom-1245687952",
        "description": "Hospitalization room.",
        "exampleBoolean": true
      },
      {
        "extension": [
          {
            "url": "http://hl7.org/fhir/tools/StructureDefinition/resource-information",
            "valueString": "Media"
          }
        ],
        "reference": {
          "reference": "Media/Example-Media-3253255523yf"
        },
        "name": "Example-Media-3253255523yf",
        "exampleBoolean": true
      },
      {
        "extension": [
          {
            "url": "http://hl7.org/fhir/tools/StructureDefinition/resource-information",
            "valueString": "Medication"
          }
        ],
        "reference": {
          "reference": "Medication/Example-Medication-12345mdiny"
        },
        "name": "Example-Medication-12345mdiny",
        "exampleBoolean": true
      },
      {
        "extension": [
          {
            "url": "http://hl7.org/fhir/tools/StructureDefinition/resource-information",
            "valueString": "Medication"
          }
        ],
        "reference": {
          "reference": "Medication/Example-Medication-986756md"
        },
        "name": "Example-Medication-986756md",
        "exampleBoolean": true
      },
      {
        "extension": [
          {
            "url": "http://hl7.org/fhir/tools/StructureDefinition/resource-information",
            "valueString": "MedicationAdministration"
          }
        ],
        "reference": {
          "reference": "MedicationAdministration/Example-MedicationAdministration-123456mdadm"
        },
        "name": "Example-MedicationAdministration-123456mdadm",
        "exampleBoolean": true
      },
      {
        "extension": [
          {
            "url": "http://hl7.org/fhir/tools/StructureDefinition/resource-information",
            "valueString": "MedicationDispense"
          }
        ],
        "reference": {
          "reference": "MedicationDispense/Example-MedicationDispense-123456mdd"
        },
        "name": "Example-MedicationDispense-123456mdd",
        "exampleBoolean": true
      },
      {
        "extension": [
          {
            "url": "http://hl7.org/fhir/tools/StructureDefinition/resource-information",
            "valueString": "MedicationRequest"
          }
        ],
        "reference": {
          "reference": "MedicationRequest/Example-MedicationRequest-123456mdr"
        },
        "name": "Example-MedicationRequest-123456mdr",
        "exampleBoolean": true
      },
      {
        "extension": [
          {
            "url": "http://hl7.org/fhir/tools/StructureDefinition/resource-information",
            "valueString": "MedicationRequest"
          }
        ],
        "reference": {
          "reference": "MedicationRequest/Example-MedicationRequest-123456mdr1"
        },
        "name": "Example-MedicationRequest-123456mdr1",
        "exampleBoolean": true
      },
      {
        "extension": [
          {
            "url": "http://hl7.org/fhir/tools/StructureDefinition/resource-information",
            "valueString": "MessageHeader"
          }
        ],
        "reference": {
          "reference": "MessageHeader/Example-MessageHeader-07bde3c45e7c"
        },
        "name": "Example-MessageHeader-07bde3c45e7c",
        "exampleBoolean": true
      },
      {
        "extension": [
          {
            "url": "http://hl7.org/fhir/tools/StructureDefinition/resource-information",
            "valueString": "MessageHeader"
          }
        ],
        "reference": {
          "reference": "MessageHeader/Example-MessageHeader-737630488u"
        },
        "name": "Example-MessageHeader-737630488u",
        "exampleBoolean": true
      },
      {
        "extension": [
          {
            "url": "http://hl7.org/fhir/tools/StructureDefinition/resource-information",
            "valueString": "Observation"
          }
        ],
        "reference": {
          "reference": "Observation/Example-Observation-3232352365gf"
        },
        "name": "Example-Observation-3232352365gf",
        "exampleBoolean": true
      },
      {
        "extension": [
          {
            "url": "http://hl7.org/fhir/tools/StructureDefinition/resource-information",
            "valueString": "Observation"
          }
        ],
        "reference": {
          "reference": "Observation/Example-Observation-643767367434f"
        },
        "name": "Example-Observation-643767367434f",
        "exampleBoolean": true
      },
      {
        "extension": [
          {
            "url": "http://hl7.org/fhir/tools/StructureDefinition/resource-information",
            "valueString": "Observation"
          }
        ],
        "reference": {
          "reference": "Observation/Example-Observation-7373847387f"
        },
        "name": "Example-Observation-7373847387f",
        "exampleBoolean": true
      },
      {
        "extension": [
          {
            "url": "http://hl7.org/fhir/tools/StructureDefinition/resource-information",
            "valueString": "Observation"
          }
        ],
        "reference": {
          "reference": "Observation/Example-Observation-Antibiogram-obx0"
        },
        "name": "Example-Observation-Antibiogram-obx0",
        "exampleBoolean": true
      },
      {
        "extension": [
          {
            "url": "http://hl7.org/fhir/tools/StructureDefinition/resource-information",
            "valueString": "Observation"
          }
        ],
        "reference": {
          "reference": "Observation/Example-Observation-Antibiogram-obx1"
        },
        "name": "Example-Observation-Antibiogram-obx1",
        "exampleBoolean": true
      },
      {
        "extension": [
          {
            "url": "http://hl7.org/fhir/tools/StructureDefinition/resource-information",
            "valueString": "Observation"
          }
        ],
        "reference": {
          "reference": "Observation/Example-Observation-Antibiogram-obx2"
        },
        "name": "Example-Observation-Antibiogram-obx2",
        "exampleBoolean": true
      },
      {
        "extension": [
          {
            "url": "http://hl7.org/fhir/tools/StructureDefinition/resource-information",
            "valueString": "Observation"
          }
        ],
        "reference": {
          "reference": "Observation/Example-Observation-Antibiogram-obx3"
        },
        "name": "Example-Observation-Antibiogram-obx3",
        "exampleBoolean": true
      },
      {
        "extension": [
          {
            "url": "http://hl7.org/fhir/tools/StructureDefinition/resource-information",
            "valueString": "Observation"
          }
        ],
        "reference": {
          "reference": "Observation/Example-Observation-Antibiogram-obx4"
        },
        "name": "Example-Observation-Antibiogram-obx4",
        "exampleBoolean": true
      },
      {
        "extension": [
          {
            "url": "http://hl7.org/fhir/tools/StructureDefinition/resource-information",
            "valueString": "Observation"
          }
        ],
        "reference": {
          "reference": "Observation/Example-Observation-Antibiogram-obx5"
        },
        "name": "Example-Observation-Antibiogram-obx5",
        "exampleBoolean": true
      },
      {
        "extension": [
          {
            "url": "http://hl7.org/fhir/tools/StructureDefinition/resource-information",
            "valueString": "Location"
          }
        ],
        "reference": {
          "reference": "Location/Example-OperatingRoom-ads51ds5d145212ds"
        },
        "name": "Example-OperatingRoom-ads51ds5d145212ds",
        "description": "Minor procedure operating room.",
        "exampleBoolean": true
      },
      {
        "extension": [
          {
            "url": "http://hl7.org/fhir/tools/StructureDefinition/resource-information",
            "valueString": "Organization"
          }
        ],
        "reference": {
          "reference": "Organization/Example-Organization-213134sd15148f"
        },
        "name": "Example-Organization-213134sd15148f",
        "exampleBoolean": true
      },
      {
        "extension": [
          {
            "url": "http://hl7.org/fhir/tools/StructureDefinition/resource-information",
            "valueString": "Organization"
          }
        ],
        "reference": {
          "reference": "Organization/Example-Organization-Payor-2910416f"
        },
        "name": "Example-Organization-Payor-2910416f",
        "exampleBoolean": true
      },
      {
        "extension": [
          {
            "url": "http://hl7.org/fhir/tools/StructureDefinition/resource-information",
            "valueString": "Patient"
          }
        ],
        "reference": {
          "reference": "Patient/Example-Patient-2a6d66d1"
        },
        "name": "Example-Patient-2a6d66d1",
        "exampleBoolean": true
      },
      {
        "extension": [
          {
            "url": "http://hl7.org/fhir/tools/StructureDefinition/resource-information",
            "valueString": "Patient"
          }
        ],
        "reference": {
          "reference": "Patient/Example-Patient-87356d0d"
        },
        "name": "Example-Patient-87356d0d",
        "exampleBoolean": true
      },
      {
        "extension": [
          {
            "url": "http://hl7.org/fhir/tools/StructureDefinition/resource-information",
            "valueString": "Location"
          }
        ],
        "reference": {
          "reference": "Location/Example-Pharmacy-51654689466d55"
        },
        "name": "Example-Pharmacy-51654689466d55",
        "description": "Emergency pharmacy.",
        "exampleBoolean": true
      },
      {
        "extension": [
          {
            "url": "http://hl7.org/fhir/tools/StructureDefinition/resource-information",
            "valueString": "Practitioner"
          }
        ],
        "reference": {
          "reference": "Practitioner/Example-Practitioner-09709es9d"
        },
        "name": "Example-Practitioner-09709es9d",
        "exampleBoolean": true
      },
      {
        "extension": [
          {
            "url": "http://hl7.org/fhir/tools/StructureDefinition/resource-information",
            "valueString": "Practitioner"
          }
        ],
        "reference": {
          "reference": "Practitioner/Example-Practitioner-4290sd6n"
        },
        "name": "Example-Practitioner-4290sd6n",
        "exampleBoolean": true
      },
      {
        "extension": [
          {
            "url": "http://hl7.org/fhir/tools/StructureDefinition/resource-information",
            "valueString": "Practitioner"
          }
        ],
        "reference": {
          "reference": "Practitioner/Example-Practitioner-4343433d"
        },
        "name": "Example-Practitioner-4343433d",
        "exampleBoolean": true
      },
      {
        "extension": [
          {
            "url": "http://hl7.org/fhir/tools/StructureDefinition/resource-information",
            "valueString": "Practitioner"
          }
        ],
        "reference": {
          "reference": "Practitioner/Example-Practitioner-746746379d"
        },
        "name": "Example-Practitioner-746746379d",
        "exampleBoolean": true
      },
      {
        "extension": [
          {
            "url": "http://hl7.org/fhir/tools/StructureDefinition/resource-information",
            "valueString": "Practitioner"
          }
        ],
        "reference": {
          "reference": "Practitioner/Example-Practitioner-78456er9f"
        },
        "name": "Example-Practitioner-78456er9f",
        "exampleBoolean": true
      },
      {
        "extension": [
          {
            "url": "http://hl7.org/fhir/tools/StructureDefinition/resource-information",
            "valueString": "Procedure"
          }
        ],
        "reference": {
          "reference": "Procedure/Example-ProcedureDevice-894536pd"
        },
        "name": "Example-ProcedureDevice-894536pd",
        "exampleBoolean": true
      },
      {
        "extension": [
          {
            "url": "http://hl7.org/fhir/tools/StructureDefinition/resource-information",
            "valueString": "Procedure"
          }
        ],
        "reference": {
          "reference": "Procedure/Example-ProcedureSurgical-878773ps"
        },
        "name": "Example-ProcedureSurgical-878773ps",
        "exampleBoolean": true
      },
      {
        "extension": [
          {
            "url": "http://hl7.org/fhir/tools/StructureDefinition/resource-information",
            "valueString": "Questionnaire"
          }
        ],
        "reference": {
          "reference": "Questionnaire/Example-Questionnaire-7878008qu"
        },
        "name": "Example-Questionnaire-7878008qu-of-Questionnaire",
        "exampleBoolean": true
      },
      {
        "extension": [
          {
            "url": "http://hl7.org/fhir/tools/StructureDefinition/resource-information",
            "valueString": "QuestionnaireResponse"
          }
        ],
        "reference": {
          "reference": "QuestionnaireResponse/Example-Questionnaire-7878008qu"
        },
        "name": "Example-Questionnaire-7878008qu-of-QuestionnaireResponse",
        "exampleBoolean": true
      },
      {
        "extension": [
          {
            "url": "http://hl7.org/fhir/tools/StructureDefinition/resource-information",
            "valueString": "Schedule"
          }
        ],
        "reference": {
          "reference": "Schedule/Example-Schedule-d83f2b28"
        },
        "name": "Example-Schedule-d83f2b28",
        "exampleBoolean": true
      },
      {
        "extension": [
          {
            "url": "http://hl7.org/fhir/tools/StructureDefinition/resource-information",
            "valueString": "ServiceRequest"
          }
        ],
        "reference": {
          "reference": "ServiceRequest/Example-ServiceRequest-4948f6ad"
        },
        "name": "Example-ServiceRequest-4948f6ad",
        "exampleBoolean": true
      },
      {
        "extension": [
          {
            "url": "http://hl7.org/fhir/tools/StructureDefinition/resource-information",
            "valueString": "ServiceRequest"
          }
        ],
        "reference": {
          "reference": "ServiceRequest/Example-ServiceRequest-Imaging-87878hdim"
        },
        "name": "Example-ServiceRequest-Imaging-87878hdim",
        "exampleBoolean": true
      },
      {
        "extension": [
          {
            "url": "http://hl7.org/fhir/tools/StructureDefinition/resource-information",
            "valueString": "ServiceRequest"
          }
        ],
        "reference": {
          "reference": "ServiceRequest/Example-ServiceRequest-Laboratory-4637g6ad"
        },
        "name": "Example-ServiceRequest-Laboratory-4637g6ad",
        "exampleBoolean": true
      },
      {
        "extension": [
          {
            "url": "http://hl7.org/fhir/tools/StructureDefinition/resource-information",
            "valueString": "ServiceRequest"
          }
        ],
        "reference": {
          "reference": "ServiceRequest/Example-ServiceRequest-Laboratory-5688g6ay"
        },
        "name": "Example-ServiceRequest-Laboratory-5688g6ay",
        "exampleBoolean": true
      },
      {
        "extension": [
          {
            "url": "http://hl7.org/fhir/tools/StructureDefinition/resource-information",
            "valueString": "ServiceRequest"
          }
        ],
        "reference": {
          "reference": "ServiceRequest/Example-ServiceRequest-Laboratory-6745g6at"
        },
        "name": "Example-ServiceRequest-Laboratory-6745g6at",
        "exampleBoolean": true
      },
      {
        "extension": [
          {
            "url": "http://hl7.org/fhir/tools/StructureDefinition/resource-information",
            "valueString": "ServiceRequest"
          }
        ],
        "reference": {
          "reference": "ServiceRequest/Example-ServiceRequest-Laboratory-7856f89ad"
        },
        "name": "Example-ServiceRequest-Laboratory-7856f89ad",
        "exampleBoolean": true
      },
      {
        "extension": [
          {
            "url": "http://hl7.org/fhir/tools/StructureDefinition/resource-information",
            "valueString": "Slot"
          }
        ],
        "reference": {
          "reference": "Slot/Example-Slot-f261cf86"
        },
        "name": "Example-Slot-f261cf86",
        "exampleBoolean": true
      },
      {
        "extension": [
          {
            "url": "http://hl7.org/fhir/tools/StructureDefinition/resource-information",
            "valueString": "Specimen"
          }
        ],
        "reference": {
          "reference": "Specimen/Example-Specimen-Blood-56789856d"
        },
        "name": "Example-Specimen-Blood-56789856d",
        "exampleBoolean": true
      }
    ],
    "page": {
      "nameUrl": "toc.html",
      "title": "Table of Contents",
      "generation": "html",
      "page": [
        {
          "nameUrl": "index.html",
          "title": "Home",
          "generation": "markdown"
        },
        {
          "nameUrl": "messaging.html",
          "title": "Messaging",
          "generation": "markdown"
        }
      ]
    },
    "parameter": [
      {
        "code": "path-resource",
        "value": "input/capabilities"
      },
      {
        "code": "path-resource",
        "value": "input/examples"
      },
      {
        "code": "path-resource",
        "value": "input/extensions"
      },
      {
        "code": "path-resource",
        "value": "input/models"
      },
      {
        "code": "path-resource",
        "value": "input/operations"
      },
      {
        "code": "path-resource",
        "value": "input/profiles"
      },
      {
        "code": "path-resource",
        "value": "input/resources"
      },
      {
        "code": "path-resource",
        "value": "input/vocabulary"
      },
      {
        "code": "path-resource",
        "value": "input/maps"
      },
      {
        "code": "path-resource",
        "value": "input/testing"
      },
      {
        "code": "path-resource",
        "value": "input/history"
      },
      {
        "code": "path-resource",
        "value": "fsh-generated/resources"
      },
      {
        "code": "path-pages",
        "value": "template/config"
      },
      {
        "code": "path-pages",
        "value": "input/images"
      },
      {
        "code": "path-tx-cache",
        "value": "input-cache/txcache"
      }
    ]
  }
}