{
  "resourceType": "Location",
  "id": "Example-LocationArea-789789789789",
  "text": {
    "status": "generated",
    "div": "<div xmlns=\"http://www.w3.org/1999/xhtml\"><h1>SEGMENTO NARRATIVO</h1></div>"
  },
  "status": "active",
  "operationalStatus": {
    "system": "http://terminology.hl7.org/CodeSystem/v2-0116",
    "code": "o",
    "display": "Ocupado"
  },
  "name": "Servicio hospitalario",
  "alias": [
    "Hospitalización"
  ],
  "description": "Hospital medical care.",
  "mode": "kind",
  "type": [
    {
      "coding": [
        {
          "system": "http://terminology.hl7.org/ValueSet/v3-ServiceDeliveryLocationRoleType",
          "code": "HU",
          "display": "Hospital unit"
        }
      ]
    }
  ],
  "telecom": [
    {
      "system": "phone",
      "value": "+56 12355611",
      "use": "work"
    }
  ],
  "partOf": {
    "reference": "Location/Example-LocationBuilding-7412389635sdf556"
  },
  "hoursOfOperation": [
    {
      "daysOfWeek": [
        "mon",
        "tue",
        "wed",
        "thu",
        "fri",
        "sat",
        "sun"
      ],
      "allDay": true
    }
  ]
}