{
  "resourceType": "Location",
  "id": "Example-LocationRoom-1245687952",
  "text": {
    "status": "generated",
    "div": "<div xmlns=\"http://www.w3.org/1999/xhtml\"><p><b>Generated Narrative</b></p><p><b>status</b>: active</p><p><b>operationalStatus</b>: <span title=\"{http://terminology.hl7.org/CodeSystem/v2-0116 O}\">Occupied</span></p><p><b>name</b>: Habitación 202</p><p><b>alias</b>: H202</p><p><b>description</b>: Hospitalization room.</p><p><b>mode</b>: instance</p><p><b>type</b>: <span title=\"Codes: {http://terminology.hl7.org/CodeSystem/v3-RoleCode HU}\">Hospital unit</span></p><p><b>physicalType</b>: <span title=\"Codes: {http://terminology.hl7.org/CodeSystem/location-physical-type ro}\">Room</span></p><p><b>partOf</b>: <a href=\"Location-Example-LocationArea-789789789789.html\">Generated Summary: status: active; <span title=\"{http://terminology.hl7.org/CodeSystem/v2-0116 O}\">Occupied</span>; name: Servicio hospitalario; alias: Hospitalización; description: Hospital medical care.; mode: kind; <span title=\"Codes: {http://terminology.hl7.org/CodeSystem/v3-RoleCode HU}\">Hospital unit</span>; Phone: +56 12355611; <span title=\"Codes: {http://terminology.hl7.org/CodeSystem/location-physical-type wi}\">Wing</span></a></p></div>"
  },
  "status": "active",
  "operationalStatus": {
    "system": "http://terminology.hl7.org/CodeSystem/v2-0116",
    "code": "O",
    "display": "Occupied"
  },
  "name": "Habitación 202",
  "alias": [
    "H202"
  ],
  "description": "Hospitalization room.",
  "mode": "instance",
  "type": [
    {
      "coding": [
        {
          "system": "http://terminology.hl7.org/CodeSystem/v3-RoleCode",
          "code": "HU",
          "display": "Hospital unit"
        }
      ]
    }
  ],
  "physicalType": {
    "coding": [
      {
        "system": "http://terminology.hl7.org/CodeSystem/location-physical-type",
        "code": "ro",
        "display": "Room"
      }
    ]
  },
  "partOf": {
    "reference": "Location/Example-LocationArea-789789789789"
  }
}