{
  "resourceType": "Location",
  "id": "Example-LocationBuilding-7412389635sdf556",
  "text": {
    "status": "generated",
    "div": "<div xmlns=\"http://www.w3.org/1999/xhtml\"><p><b>Generated Narrative</b></p><h3>Texts</h3><table class=\"grid\"><tr><td>-</td></tr><tr><td>*</td></tr></table><p><b>identifier</b>: id: 1100112345-1 (OFFICIAL)</p><p><b>status</b>: active</p><p><b>operationalStatus</b>: <span title=\"{http://terminology.hl7.org/CodeSystem/v2-0116 o}\">Occupied</span></p><p><b>name</b>: Indisa Clinica de la familia</p><p><b>alias</b>: INDISA</p><p><b>description</b>: Clinic and emergencies</p><p><b>mode</b>: instance</p><p><b>type</b>: <span title=\"Codes: {http://terminology.hl7.org/ValueSet/v3-ServiceDeliveryLocationRoleType HOSP}\">Hospital</span></p><p><b>telecom</b>: <a href=\"tel:+56(2)1111-1111\">+56(2)1111-1111</a></p><p><b>address</b>: Av. Sta. María 1810, Santiago, Providencia, Región Metropolitana, Chile(WORK)</p><p><b>physicalType</b>: <span title=\"Codes: {http://hl7.org/fhir/ValueSet/location-physical-type bu}\">Building</span></p><h3>Positions</h3><table class=\"grid\"><tr><td>-</td><td><b>Longitude</b></td><td><b>Latitude</b></td></tr><tr><td>*</td><td>133</td><td>223</td></tr></table><p><b>managingOrganization</b>: <a href=\"Organization-Example-Organization-213134sd15148f.html\">Generated Summary: id: 1100133335-1 (OFFICIAL), id: 12789312-9 (OFFICIAL); active; <span title=\"Codes: {http://hl7.org/fhir/ValueSet/organization-type prov}\">Healthcare Provider</span>; name: Indisa clinica de la familia; alias: INDISA; Phone: 3430000</a></p><h3>HoursOfOperations</h3><table class=\"grid\"><tr><td>-</td><td><b>DaysOfWeek</b></td><td><b>AllDay</b></td></tr><tr><td>*</td><td>mon, tue, wed, thu, fri, sat, sun</td><td>true</td></tr></table><p><b>availabilityExceptions</b>: Does not open on holidays.</p></div>"
  },
  "identifier": [
    {
      "use": "official",
      "system": "http://www.minsalud.gov.co/codHabilitacion",
      "value": "1100112345-1"
    }
  ],
  "status": "active",
  "operationalStatus": {
    "system": "http://terminology.hl7.org/CodeSystem/v2-0116",
    "code": "o",
    "display": "Occupied"
  },
  "name": "Indisa Clinica de la familia",
  "alias": [
    "INDISA"
  ],
  "description": "Clinic and emergencies",
  "mode": "instance",
  "type": [
    {
      "coding": [
        {
          "system": "http://terminology.hl7.org/ValueSet/v3-ServiceDeliveryLocationRoleType",
          "code": "HOSP",
          "display": "Hospital"
        }
      ]
    }
  ],
  "telecom": [
    {
      "system": "phone",
      "value": "+56(2)1111-1111",
      "use": "work"
    }
  ],
  "address": {
    "use": "work",
    "text": "Av. Sta. María 1810, Santiago, Providencia, Región Metropolitana, Chile",
    "city": "Providencia",
    "state": "Región Metropolitana",
    "postalCode": "2342355",
    "country": "Chile"
  },
  "physicalType": {
    "coding": [
      {
        "system": "http://hl7.org/fhir/ValueSet/location-physical-type",
        "code": "bu",
        "display": "Building"
      }
    ]
  },
  "position": {
    "longitude": 133,
    "latitude": 223
  },
  "managingOrganization": {
    "reference": "Organization/Example-Organization-213134sd15148f"
  },
  "hoursOfOperation": [
    {
      "daysOfWeek": [
        "mon",
        "tue",
        "wed",
        "thu",
        "fri",
        "sat",
        "sun"
      ],
      "allDay": true
    }
  ],
  "availabilityExceptions": "Does not open on holidays."
}