{
  "resourceType": "Location",
  "id": "Example-LocationFuncionalUnit-16558949sf878498",
  "text": {
    "status": "generated",
    "div": "<div xmlns=\"http://www.w3.org/1999/xhtml\"><h1>SEGMENTO NARRATIVO</h1></div>"
  },
  "status": "active",
  "operationalStatus": {
    "system": "http://terminology.hl7.org/CodeSystem/v2-0116",
    "code": "U",
    "display": "Unoccupied"
  },
  "name": "Laboratorio/farmacia",
  "alias": [
    "Laboratior 1/farmacia 1"
  ],
  "description": "blood component laboratory / emergency pharmacy",
  "mode": "instance",
  "type": [
    {
      "coding": [
        {
          "system": "http://terminology.hl7.org/ValueSet/v3-ServiceDeliveryLocationRoleType",
          "code": "HU",
          "display": "Hospital unit"
        }
      ]
    }
  ],
  "telecom": [
    {
      "system": "phone",
      "value": "+561234567889",
      "use": "work"
    }
  ],
  "partOf": {
    "reference": "Location/Example-LocationBuilding-7412389635sdf556"
  },
  "hoursOfOperation": [
    {
      "daysOfWeek": [
        "mon",
        "tue",
        "wed",
        "thu",
        "fri",
        "sat",
        "sun"
      ],
      "allDay": true,
      "openingTime": "13:02:01",
      "closingTime": "23:19:29"
    }
  ],
  "availabilityExceptions": "Does not open on holidays"
}