{
  "resourceType": "Location",
  "id": "Example-LocationLocalUnit-789789789789",
  "text": {
    "status": "generated",
    "div": "<div xmlns=\"http://www.w3.org/1999/xhtml\"><p><b>Generated Narrative</b></p><p><b>status</b>: active</p><p><b>operationalStatus</b>: <span title=\"{http://terminology.hl7.org/CodeSystem/v2-0116 O}\">Occupied</span></p><p><b>name</b>: Servicio hospitalario</p><p><b>alias</b>: Hospitalización</p><p><b>description</b>: Hospital medical care.</p><p><b>mode</b>: kind</p><p><b>type</b>: <span title=\"Codes: {http://terminology.hl7.org/CodeSystem/v3-RoleCode HU}\">Hospital unit</span></p><p><b>telecom</b>: <a href=\"tel:+5612355611\">+56 12355611</a></p><p><b>physicalType</b>: <span title=\"Codes: {http://terminology.hl7.org/CodeSystem/location-physical-type wi}\">Wing</span></p><p><b>partOf</b>: <a href=\"Location-Example-LocationBuilding-7412389635sdf556.html\">Generated Summary: id: 1100112345-1 (OFFICIAL); status: active; <span title=\"{http://terminology.hl7.org/CodeSystem/v2-0116 O}\">Occupied</span>; name: Indisa Clinica de la familia; alias: INDISA; description: Clinic and emergencies; mode: instance; <span title=\"Codes: {http://terminology.hl7.org/CodeSystem/v3-RoleCode HOSP}\">Hospital</span>; Phone: +56(2)1111-1111; <span title=\"Codes: {http://terminology.hl7.org/CodeSystem/location-physical-type bu}\">Building</span>; availabilityExceptions: Does not open on holidays.</a></p><h3>HoursOfOperations</h3><table class=\"grid\"><tr><td>-</td><td><b>DaysOfWeek</b></td><td><b>AllDay</b></td></tr><tr><td>*</td><td>mon, tue, wed, thu, fri, sat, sun</td><td>true</td></tr></table></div>"
  },
  "status": "active",
  "operationalStatus": {
    "system": "http://terminology.hl7.org/CodeSystem/v2-0116",
    "code": "O",
    "display": "Occupied"
  },
  "name": "Servicio hospitalario",
  "alias": [
    "Hospitalización"
  ],
  "description": "Hospital medical care.",
  "mode": "kind",
  "type": [
    {
      "coding": [
        {
          "system": "http://terminology.hl7.org/CodeSystem/v3-RoleCode",
          "code": "HU",
          "display": "Hospital unit"
        }
      ]
    }
  ],
  "telecom": [
    {
      "system": "phone",
      "value": "+56 12355611",
      "use": "work"
    }
  ],
  "physicalType": {
    "coding": [
      {
        "system": "http://terminology.hl7.org/CodeSystem/location-physical-type",
        "code": "wi",
        "display": "Wing"
      }
    ]
  },
  "partOf": {
    "reference": "Location/Example-LocationBuilding-7412389635sdf556"
  },
  "hoursOfOperation": [
    {
      "daysOfWeek": [
        "mon",
        "tue",
        "wed",
        "thu",
        "fri",
        "sat",
        "sun"
      ],
      "allDay": true
    }
  ]
}