{
  "resourceType": "Location",
  "id": "Example-OperatingRoom-ads51ds5d145212ds",
  "text": {
    "status": "generated",
    "div": "<div xmlns=\"http://www.w3.org/1999/xhtml\"><h1>SEGMENTO NARRATIVO</h1></div>"
  },
  "status": "active",
  "operationalStatus": {
    "system": "http://terminology.hl7.org/CodeSystem/v2-0116",
    "code": "C",
    "display": "Closed"
  },
  "name": "Quirofáno",
  "alias": [
    "Quirofáno 1"
  ],
  "description": "Minor procedure operating room.",
  "mode": "instance",
  "type": [
    {
      "coding": [
        {
          "system": "http://terminology.hl7.org/ValueSet/v3-ServiceDeliveryLocationRoleType",
          "code": "HOSP",
          "display": "Hospital"
        }
      ]
    }
  ],
  "partOf": {
    "reference": "Location/Example-LocationArea-789789789789"
  },
  "hoursOfOperation": [
    {
      "daysOfWeek": [
        "mon",
        "tue",
        "wed",
        "thu",
        "fri",
        "sat",
        "sun"
      ],
      "allDay": true
    }
  ],
  "availabilityExceptions": "No holidays are scheduled"
}