{
  "resourceType": "MedicationAdministration",
  "id": "Example-MedicationAdministration-123456mdadm",
  "text": {
    "status": "generated",
    "div": "<div xmlns=\"http://www.w3.org/1999/xhtml\"><p><b>Generated Narrative</b></p><p><b>identifier</b>: id: MDADM5690-3 (USUAL)</p><p><b>status</b>: completed</p><p><b>category</b>: <span title=\"Codes: {http://terminology.hl7.org/CodeSystem/medicationrequest-category inpatient}\">Inpatient</span></p><p><b>medication</b>: <a href=\"Medication-Example-Medication-12345mdiny.html\">Generated Summary: id: MD2356 (USUAL); <span title=\"Codes: {http://www.whocc.no/atc B02BD}, {https://digitalware-klinic.github.io/fhir/indisa/CodeSystem-CodesProviderMedication 91535634589}\">Blood coagulation factors</span>; status: active; <span title=\"Codes: {http://snomed.info/sct 385222004}\">Polvo de inyección</span>; 250 IU/10 ml</a></p><p><b>subject</b>: <a href=\"Patient-Example-Patient-87356d0d.html\">Generated Summary: National Person Identifier Chile: 347827348 (OFFICIAL), Medical Record Number: HC-6ef0a6d7 (USUAL); active; Maria Victoria null (OFFICIAL), Maria Jake(NICKNAME); Phone: +56(2)1111-1111, Phone: +56(2)2222-2222, jjmaria@example.com; gender: female; birthDate: 1975-08-14; <span title=\"Codes: {http://terminology.hl7.org/CodeSystem/v3-MaritalStatus M}\">Married</span></a></p><p><b>context</b>: <a href=\"Encounter-Example-Encounter-963y1945.html\">Generated Summary: id: 56386090 (OFFICIAL); status: finished; <span title=\"{http://terminology.hl7.org/CodeSystem/v3-ActCode IMP}\">inpatient encounter</span>; <span title=\"Codes: {http://terminology.hl7.org/CodeSystem/service-type 410}\">Pregnancy</span>; <span title=\"Codes: {http://terminology.hl7.org/CodeSystem/v3-ActPriority EL}\">elective</span>; period: 21/01/2021, 7:00:00 a. m. --&gt; 23/01/2021, 11:00:00 a. m.; <span title=\"Codes: {http://snomed.info/sct 888003}\">Efecto fetal o neonatal de la pérdida de sangre materna</span></a></p><p><b>effective</b>: 22/02/2021, 7:00:00 a. m.</p><h3>Performers</h3><table class=\"grid\"><tr><td>-</td><td><b>Actor</b></td></tr><tr><td>*</td><td><a href=\"Practitioner-Example-Practitioner-4290sd6n.html\">Generated Summary: National Person Identifier Chile: 45565700ap (OFFICIAL); active; Maria Camila null (OFFICIAL); Phone: +56(2)1111-1111, Phone: +56(2)2222-2222, pamaria@example.com; gender: female; birthDate: 1991-06-05</a></td></tr></table><p><b>reasonCode</b>: <span title=\"Codes: {http://snomed.info/sct 888003}\">Efecto fetal o neonatal de la pérdida de sangre materna</span></p><p><b>reasonReference</b>: <a href=\"Condition/Example-Condition-3490d\">Condition/Example-Condition-3490d</a></p><p><b>request</b>: <a href=\"MedicationRequest-Example-MedicationRequest-123456mdr1.html\">Generated Summary: id: SOLMD5690-2 (USUAL); status: completed; intent: order; <span title=\"Codes: {http://terminology.hl7.org/CodeSystem/medicationrequest-category inpatient}\">Inpatient</span>; priority: routine; ?ngen-3; authoredOn: 21/02/2021, 7:30:00 a. m.; <span title=\"Codes: {http://snomed.info/sct 888003}\">Efecto fetal o neonatal de la pérdida de sangre materna</span>; application of medicine to help clotting in the mother.</a></p><p><b>note</b>: application of the drug in the mother, near the umbilical cord.</p><h3>Dosages</h3><table class=\"grid\"><tr><td>-</td><td><b>Text</b></td><td><b>Dose</b></td></tr><tr><td>*</td><td>Continue applying a daily injection until further medical evaluation.</td><td>1 UI</td></tr></table></div>"
  },
  "identifier": [
    {
      "use": "usual",
      "system": "https://example.org/medicationadministration-identifiers",
      "value": "MDADM5690-3"
    }
  ],
  "status": "completed",
  "category": {
    "coding": [
      {
        "system": "http://terminology.hl7.org/CodeSystem/medicationrequest-category",
        "code": "inpatient",
        "display": "Inpatient"
      }
    ]
  },
  "medicationReference": {
    "reference": "Medication/Example-Medication-12345mdiny"
  },
  "subject": {
    "reference": "Patient/Example-Patient-87356d0d"
  },
  "context": {
    "reference": "Encounter/Example-Encounter-963y1945"
  },
  "effectiveDateTime": "2021-02-22T07:00:00-05:00",
  "performer": [
    {
      "actor": {
        "reference": "Practitioner/Example-Practitioner-4290sd6n"
      }
    }
  ],
  "reasonCode": [
    {
      "coding": [
        {
          "system": "http://snomed.info/sct",
          "code": "888003",
          "display": "Efecto fetal o neonatal de la pérdida de sangre materna"
        }
      ]
    }
  ],
  "reasonReference": [
    {
      "reference": "Condition/Example-Condition-3490d"
    }
  ],
  "request": {
    "reference": "MedicationRequest/Example-MedicationRequest-123456mdr1"
  },
  "note": [
    {
      "text": "application of the drug in the mother, near the umbilical cord."
    }
  ],
  "dosage": {
    "text": "Continue applying a daily injection until further medical evaluation.",
    "dose": {
      "value": 1,
      "unit": "UI"
    }
  }
}