{
  "resourceType": "Medication",
  "id": "Example-Medication-12345mdiny",
  "text": {
    "status": "generated",
    "div": "<div xmlns=\"http://www.w3.org/1999/xhtml\"><p><b>Generated Narrative</b></p><p><b>identifier</b>: id: MD2356 (USUAL)</p><p><b>code</b>: <span title=\"Codes: {http://www.whocc.no/atc B02BD}, {https://digitalware-klinic.github.io/fhir/indisa/CodeSystem-CodesProviderMedication 91535634589}\">Blood coagulation factors</span></p><p><b>status</b>: active</p><p><b>manufacturer</b>: <a href=\"Organization/Example-OrganizationExterna-12345orgext\">Organization/Example-OrganizationExterna-12345orgext</a></p><p><b>form</b>: <span title=\"Codes: {http://snomed.info/sct 385222004}\">Polvo de inyección</span></p><p><b>amount</b>: 250 IU/10 ml</p><h3>Ingredients</h3><table class=\"grid\"><tr><td>-</td><td><b>Item[x]</b></td><td><b>IsActive</b></td><td><b>Strength</b></td></tr><tr><td>*</td><td><span title=\"Codes: {http://snomed.info/sct 109003006}\">complejo anti-inhibidor de la coagulación</span></td><td>true</td><td>500 UF/600 mg</td></tr></table></div>"
  },
  "identifier": [
    {
      "use": "usual",
      "system": "https://example.org/medication-identifiers",
      "value": "MD2356"
    }
  ],
  "code": {
    "coding": [
      {
        "system": "http://www.whocc.no/atc",
        "code": "B02BD",
        "display": "Blood coagulation factors"
      },
      {
        "system": "https://digitalware-klinic.github.io/fhir/indisa/CodeSystem-CodesProviderMedication",
        "code": "91535634589",
        "display": "Factor de coagulacion de sangre"
      }
    ]
  },
  "status": "active",
  "manufacturer": {
    "reference": "Organization/Example-OrganizationExterna-12345orgext"
  },
  "form": {
    "coding": [
      {
        "system": "http://snomed.info/sct",
        "code": "385222004",
        "display": "Polvo de inyección"
      }
    ]
  },
  "amount": {
    "numerator": {
      "value": 250,
      "unit": "IU"
    },
    "denominator": {
      "value": 10,
      "unit": "ml"
    }
  },
  "ingredient": [
    {
      "itemCodeableConcept": {
        "coding": [
          {
            "system": "http://snomed.info/sct",
            "code": "109003006",
            "display": "complejo anti-inhibidor de la coagulación"
          }
        ]
      },
      "isActive": true,
      "strength": {
        "numerator": {
          "value": 500,
          "unit": "UF"
        },
        "denominator": {
          "value": 600,
          "unit": "mg"
        }
      }
    }
  ]
}