{
  "resourceType": "Observation",
  "id": "Example-Observation-7373847387f",
  "text": {
    "status": "generated",
    "div": "<div xmlns=\"http://www.w3.org/1999/xhtml\"><h1>SEGMENTO NARRATIVO</h1></div>"
  },
  "status": "final",
  "category": [
    {
      "coding": [
        {
          "system": "http://terminology.hl7.org/CodeSystem/observation-category",
          "code": "laboratory",
          "display": "Laboratory"
        },
        {
          "system": "http://terminology.hl7.org/CodeSystem/v2-0074",
          "code": "CH",
          "display": "Chemistry"
        }
      ]
    }
  ],
  "code": {
    "coding": [
      {
        "system": "http://snomed.info/sct",
        "code": "733830002",
        "display": "hemoglobina glucosilada A1c"
      },
      {
        "system": "http://digitalware.com.co/salud/fhir/CodeSystem/codes-fonasa",
        "code": "301041",
        "display": "HEMOGLOBINA GLICADA A1C"
      }
    ]
  },
  "subject": {
    "reference": "Patient/Example-Patient-87356d0d"
  },
  "encounter": {
    "reference": "Encounter/Example-Encounter-963b1515"
  },
  "effectiveDateTime": "2021-02-25T09:45:00-05:00",
  "valueQuantity": {
    "value": 5.6,
    "unit": "%"
  },
  "interpretation": [
    {
      "coding": [
        {
          "system": "http://terminology.hl7.org/CodeSystem/v3-ObservationInterpretation",
          "code": "N",
          "display": "Normal"
        }
      ]
    }
  ],
  "referenceRange": [
    {
      "text": "4.8 - 5.7"
    }
  ]
}