{
  "resourceType": "Observation",
  "id": "Example-Observation-7373847387f",
  "text": {
    "status": "generated",
    "div": "<div xmlns=\"http://www.w3.org/1999/xhtml\"><p><b>Generated Narrative</b></p><p></p><p><b>category</b>: <span title=\"Codes: {http://terminology.hl7.org/CodeSystem/observation-category laboratory}, {http://terminology.hl7.org/CodeSystem/v2-0074 CH}\">Laboratory</span></p><p><b>code</b>: <span title=\"Codes: {http://snomed.info/sct 733830002}, {https://digitalware-klinic.github.io/fhir/indisa/CodeSystem-CodesFonasa 301041}\">hemoglobina glucosilada A1c</span></p><p><b>subject</b>: <a href=\"Patient-Example-Patient-87356d0d.html\">Generated Summary: National Person Identifier Chile: 347827348 (OFFICIAL), Medical Record Number: HC-6ef0a6d7 (USUAL); active; Maria Victoria null (OFFICIAL), Maria Jake(NICKNAME); Phone: +56(2)1111-1111, Phone: +56(2)2222-2222, jjmaria@example.com; gender: female; birthDate: 1975-08-14; <span title=\"Codes: {http://terminology.hl7.org/CodeSystem/v3-MaritalStatus M}\">Married</span></a></p><p><b>encounter</b>: <a href=\"Encounter-Example-Encounter-963b1515.html\">Generated Summary: id: 12334556 (OFFICIAL); status: finished; <span title=\"{http://terminology.hl7.org/CodeSystem/v3-ActCode AMB}\">ambulatory</span>; <span title=\"Codes: {http://terminology.hl7.org/CodeSystem/service-type 349}\">General Practitioner</span>; <span title=\"Codes: {http://terminology.hl7.org/CodeSystem/v3-ActPriority R}\">routine</span>; period: Jan 21, 2021 7:00:00 AM --&gt; Jan 21, 2021 7:30:00 AM; <span title=\"Codes: {http://snomed.info/sct 257006}\">Acne rosacea</span></a></p><p><b>effective</b>: Feb 25, 2021 9:45:00 AM</p><p><b>value</b>: 5.6 %</p><p><b>interpretation</b>: <span title=\"Codes: {http://terminology.hl7.org/CodeSystem/v3-ObservationInterpretation N}\">Normal</span></p><p><b>device</b>: <a href=\"Device-Example-Device-43g37a87.html\">SEGMENTO NARRATIVOGenerated Summary: status: active; manufacturer: Abbott RDx; manufactureDate: 2020-01-01; serialNumber: AFN-AS100-427637; modelNumber: 1116679; <span title=\"Codes: {http://snomed.info/sct 11987000}\">analizador de química clínica, dispositivo</span>; HbA1c, panel de lípidos, ACR y CRP</a></p><h3>ReferenceRanges</h3><table class=\"grid\"><tr><td>-</td><td><b>Text</b></td></tr><tr><td>*</td><td>4.8 - 5.7</td></tr></table></div>"
  },
  "status": "final",
  "category": [
    {
      "coding": [
        {
          "system": "http://terminology.hl7.org/CodeSystem/observation-category",
          "code": "laboratory",
          "display": "Laboratory"
        },
        {
          "system": "http://terminology.hl7.org/CodeSystem/v2-0074",
          "code": "CH",
          "display": "Chemistry"
        }
      ]
    }
  ],
  "code": {
    "coding": [
      {
        "system": "http://snomed.info/sct",
        "code": "733830002",
        "display": "hemoglobina glucosilada A1c"
      },
      {
        "system": "https://digitalware-klinic.github.io/fhir/indisa/CodeSystem-CodesFonasa",
        "code": "301041",
        "display": "HEMOGLOBINA GLICADA A1C"
      }
    ]
  },
  "subject": {
    "reference": "Patient/Example-Patient-87356d0d"
  },
  "encounter": {
    "reference": "Encounter/Example-Encounter-963b1515"
  },
  "effectiveDateTime": "2021-02-25T09:45:00-05:00",
  "valueQuantity": {
    "value": 5.6,
    "unit": "%"
  },
  "interpretation": [
    {
      "coding": [
        {
          "system": "http://terminology.hl7.org/CodeSystem/v3-ObservationInterpretation",
          "code": "N",
          "display": "Normal"
        }
      ]
    }
  ],
  "device": {
    "reference": "Device/Example-Device-43g37a87"
  },
  "referenceRange": [
    {
      "text": "4.8 - 5.7"
    }
  ]
}