{
  "resourceType": "Observation",
  "id": "Example-Observation-VitalSigns-vs3407",
  "text": {
    "status": "generated",
    "div": "<div xmlns=\"http://www.w3.org/1999/xhtml\"><p><b>Generated Narrative</b></p><p></p><p><b>category</b>: <span title=\"Codes: {http://terminology.hl7.org/CodeSystem/observation-category vital-signs}\">Vital Signs</span></p><p><b>code</b>: <span title=\"Codes: {http://snomed.info/sct 61746007}\">registrar los signos vitales del paciente</span></p><p><b>subject</b>: <a href=\"Patient-Example-Patient-87356d0d.html\">Generated Summary: National Person Identifier Chile: 347827348 (OFFICIAL), Medical Record Number: HC-6ef0a6d7 (USUAL); active; Maria Victoria null (OFFICIAL), Maria Jake(NICKNAME); Phone: +56(2)1111-1111, Phone: +56(2)2222-2222, jjmaria@example.com; gender: female; birthDate: 1975-08-14; <span title=\"Codes: {http://terminology.hl7.org/CodeSystem/v3-MaritalStatus M}\">Married</span></a></p><p><b>encounter</b>: <a href=\"Encounter-Example-Encounter-963y1945.html\">Generated Summary: id: 56386090 (OFFICIAL); status: finished; <span title=\"{http://terminology.hl7.org/CodeSystem/v3-ActCode IMP}\">inpatient encounter</span>; <span title=\"Codes: {http://terminology.hl7.org/CodeSystem/service-type 410}\">Pregnancy</span>; <span title=\"Codes: {http://terminology.hl7.org/CodeSystem/v3-ActPriority EL}\">elective</span>; period: Jan 21, 2021 7:00:00 AM --&gt; Jan 23, 2021 11:00:00 AM; <span title=\"Codes: {http://snomed.info/sct 888003}\">Efecto fetal o neonatal de la pérdida de sangre materna</span></a></p><p><b>effective</b>: Jan 22, 2021 2:28:00 PM</p><p><b>performer</b>: <a href=\"Practitioner-Example-Practitioner-4290sd6n.html\">Generated Summary: National Person Identifier Chile: 45565700ap (OFFICIAL); active; Maria Camila null (OFFICIAL); Phone: +56(2)1111-1111, Phone: +56(2)2222-2222, pamaria@example.com; gender: female; birthDate: 1991-06-05</a></p><p><b>device</b>: <a href=\"Device-Example-Device-VitalSignsMonitor-B125GE.html\">Generated Summary: status: active; manufacturer: GE Healthcare; manufactureDate: 2020-01-01; serialNumber: GE-VS-B125-324987; modelNumber: B125; <span title=\"Codes: {http://snomed.info/sct 5159002}\">sistema de monitoreo fisiológico</span>; sO2, Tensión Arterial, Temperatura, Frecuencia Cardiaca, Frecuencia Respiratoria</a></p><blockquote><p><b>component</b></p><p><b>code</b>: <span title=\"Codes: {http://snomed.info/sct 103228002}\">saturación de hemoglobina con oxígeno</span></p><p><b>value</b>: 97 %</p><p><b>interpretation</b>: <span title=\"Codes: {http://terminology.hl7.org/CodeSystem/v3-ObservationInterpretation N}\">Normal</span></p><h3>ReferenceRanges</h3><table class=\"grid\"><tr><td>-</td><td><b>Text</b></td></tr><tr><td>*</td><td>94 - 97</td></tr></table></blockquote><blockquote><p><b>component</b></p><p><b>code</b>: <span title=\"Codes: {http://snomed.info/sct 271650006}\">presión diastólica</span></p><p><b>value</b>: 80 mmHg</p><p><b>interpretation</b>: <span title=\"Codes: {http://terminology.hl7.org/CodeSystem/v3-ObservationInterpretation N}\">Normal</span></p><h3>ReferenceRanges</h3><table class=\"grid\"><tr><td>-</td><td><b>Text</b></td></tr><tr><td>*</td><td>60- 80</td></tr></table></blockquote><blockquote><p><b>component</b></p><p><b>code</b>: <span title=\"Codes: {http://snomed.info/sct 271649006}\">presión sistólica</span></p><p><b>value</b>: 120 mmHg</p><p><b>interpretation</b>: <span title=\"Codes: {http://terminology.hl7.org/CodeSystem/v3-ObservationInterpretation N}\">Normal</span></p><h3>ReferenceRanges</h3><table class=\"grid\"><tr><td>-</td><td><b>Text</b></td></tr><tr><td>*</td><td>90 - 120</td></tr></table></blockquote><blockquote><p><b>component</b></p><p><b>code</b>: <span title=\"Codes: {http://snomed.info/sct 86290005}\">frecuencia respiratoria</span></p><p><b>value</b>: 15 respiraciones/minuto</p><p><b>interpretation</b>: <span title=\"Codes: {http://terminology.hl7.org/CodeSystem/v3-ObservationInterpretation N}\">Normal</span></p><h3>ReferenceRanges</h3><table class=\"grid\"><tr><td>-</td><td><b>Text</b></td></tr><tr><td>*</td><td>12 - 18</td></tr></table></blockquote><blockquote><p><b>component</b></p><p><b>code</b>: <span title=\"Codes: {http://snomed.info/sct 364075005}\">frecuencia cardíaca</span></p><p><b>value</b>: 75 latidos/minuto</p><p><b>interpretation</b>: <span title=\"Codes: {http://terminology.hl7.org/CodeSystem/v3-ObservationInterpretation N}\">Normal</span></p><h3>ReferenceRanges</h3><table class=\"grid\"><tr><td>-</td><td><b>Text</b></td></tr><tr><td>*</td><td>60 - 100</td></tr></table></blockquote><blockquote><p><b>component</b></p><p><b>code</b>: <span title=\"Codes: {http://snomed.info/sct 386725007}\">temperatura corporal</span></p><p><b>value</b>: 37.0 Cel</p><p><b>interpretation</b>: <span title=\"Codes: {http://terminology.hl7.org/CodeSystem/v3-ObservationInterpretation N}\">Normal</span></p><h3>ReferenceRanges</h3><table class=\"grid\"><tr><td>-</td><td><b>Text</b></td></tr><tr><td>*</td><td>36.5°C - 37.3°C</td></tr></table></blockquote></div>"
  },
  "status": "final",
  "category": [
    {
      "coding": [
        {
          "system": "http://terminology.hl7.org/CodeSystem/observation-category",
          "code": "vital-signs",
          "display": "Vital Signs"
        }
      ]
    }
  ],
  "code": {
    "coding": [
      {
        "system": "http://snomed.info/sct",
        "code": "61746007",
        "display": "registrar los signos vitales del paciente"
      }
    ]
  },
  "subject": {
    "reference": "Patient/Example-Patient-87356d0d"
  },
  "encounter": {
    "reference": "Encounter/Example-Encounter-963y1945"
  },
  "effectiveDateTime": "2021-01-22T14:28:00-05:00",
  "performer": [
    {
      "reference": "Practitioner/Example-Practitioner-4290sd6n"
    }
  ],
  "device": {
    "reference": "Device/Example-Device-VitalSignsMonitor-B125GE"
  },
  "component": [
    {
      "code": {
        "coding": [
          {
            "system": "http://snomed.info/sct",
            "code": "103228002",
            "display": "saturación de hemoglobina con oxígeno"
          }
        ]
      },
      "valueQuantity": {
        "value": 97,
        "unit": "%"
      },
      "interpretation": [
        {
          "coding": [
            {
              "system": "http://terminology.hl7.org/CodeSystem/v3-ObservationInterpretation",
              "code": "N",
              "display": "Normal"
            }
          ]
        }
      ],
      "referenceRange": [
        {
          "text": "94 - 97"
        }
      ]
    },
    {
      "code": {
        "coding": [
          {
            "system": "http://snomed.info/sct",
            "code": "271650006",
            "display": "presión diastólica"
          }
        ]
      },
      "valueQuantity": {
        "value": 80,
        "unit": "mmHg"
      },
      "interpretation": [
        {
          "coding": [
            {
              "system": "http://terminology.hl7.org/CodeSystem/v3-ObservationInterpretation",
              "code": "N",
              "display": "Normal"
            }
          ]
        }
      ],
      "referenceRange": [
        {
          "text": "60- 80"
        }
      ]
    },
    {
      "code": {
        "coding": [
          {
            "system": "http://snomed.info/sct",
            "code": "271649006",
            "display": "presión sistólica"
          }
        ]
      },
      "valueQuantity": {
        "value": 120,
        "unit": "mmHg"
      },
      "interpretation": [
        {
          "coding": [
            {
              "system": "http://terminology.hl7.org/CodeSystem/v3-ObservationInterpretation",
              "code": "N",
              "display": "Normal"
            }
          ]
        }
      ],
      "referenceRange": [
        {
          "text": "90 - 120"
        }
      ]
    },
    {
      "code": {
        "coding": [
          {
            "system": "http://snomed.info/sct",
            "code": "86290005",
            "display": "frecuencia respiratoria"
          }
        ]
      },
      "valueQuantity": {
        "value": 15,
        "unit": "respiraciones/minuto"
      },
      "interpretation": [
        {
          "coding": [
            {
              "system": "http://terminology.hl7.org/CodeSystem/v3-ObservationInterpretation",
              "code": "N",
              "display": "Normal"
            }
          ]
        }
      ],
      "referenceRange": [
        {
          "text": "12 - 18"
        }
      ]
    },
    {
      "code": {
        "coding": [
          {
            "system": "http://snomed.info/sct",
            "code": "364075005",
            "display": "frecuencia cardíaca"
          }
        ]
      },
      "valueQuantity": {
        "value": 75,
        "unit": "latidos/minuto"
      },
      "interpretation": [
        {
          "coding": [
            {
              "system": "http://terminology.hl7.org/CodeSystem/v3-ObservationInterpretation",
              "code": "N",
              "display": "Normal"
            }
          ]
        }
      ],
      "referenceRange": [
        {
          "text": "60 - 100"
        }
      ]
    },
    {
      "code": {
        "coding": [
          {
            "system": "http://snomed.info/sct",
            "code": "386725007",
            "display": "temperatura corporal"
          }
        ]
      },
      "valueQuantity": {
        "value": 37.0,
        "unit": "Cel"
      },
      "interpretation": [
        {
          "coding": [
            {
              "system": "http://terminology.hl7.org/CodeSystem/v3-ObservationInterpretation",
              "code": "N",
              "display": "Normal"
            }
          ]
        }
      ],
      "referenceRange": [
        {
          "text": "36.5°C - 37.3°C"
        }
      ]
    }
  ]
}