{
  "resourceType": "Organization",
  "id": "Example-Organization-Payor-2910416f",
  "text": {
    "status": "generated",
    "div": "<div xmlns=\"http://www.w3.org/1999/xhtml\"><h1>SEGMENTO NARRATIVO</h1></div>"
  },
  "identifier": [
    {
      "system": "http://minsal.cl/identificacion/previsoras-salud",
      "value": "EPS0001"
    }
  ],
  "active": true,
  "type": [
    {
      "coding": [
        {
          "system": "http://terminology.hl7.org/CodeSystem/organization-type",
          "code": "ins",
          "display": "Insurance Company"
        }
      ]
    }
  ],
  "name": "Aseguradora Salud Completa"
}