{
  "resourceType": "Organization",
  "id": "Example-Organization-Payor-2910416f",
  "text": {
    "status": "generated",
    "div": "<div xmlns=\"http://www.w3.org/1999/xhtml\"><p><b>Generated Narrative</b></p><h3>Texts</h3><table class=\"grid\"><tr><td>-</td></tr><tr><td>*</td></tr></table><p><b>identifier</b>: id: EPS0001</p><p><b>active</b>: true</p><p><b>type</b>: <span title=\"Codes: {http://terminology.hl7.org/CodeSystem/organization-type ins}\">Insurance Company</span></p><p><b>name</b>: Aseguradora Salud Completa</p></div>"
  },
  "identifier": [
    {
      "system": "http://minsal.cl/identificacion/previsoras-salud",
      "value": "EPS0001"
    }
  ],
  "active": true,
  "type": [
    {
      "coding": [
        {
          "system": "http://terminology.hl7.org/CodeSystem/organization-type",
          "code": "ins",
          "display": "Insurance Company"
        }
      ]
    }
  ],
  "name": "Aseguradora Salud Completa"
}