{
  "resourceType": "Organization",
  "id": "Example-Organization-213134sd15148f",
  "text": {
    "status": "generated",
    "div": "<div xmlns=\"http://www.w3.org/1999/xhtml\"><p><b>Generated Narrative</b></p><h3>Texts</h3><table class=\"grid\"><tr><td>-</td></tr><tr><td>*</td></tr></table><p><b>identifier</b>: id: 1100133335-1 (OFFICIAL), id: 12789312-9 (OFFICIAL)</p><p><b>active</b>: true</p><p><b>type</b>: <span title=\"Codes: {http://hl7.org/fhir/ValueSet/organization-type prov}\">Healthcare Provider</span></p><p><b>name</b>: Indisa clinica de la familia</p><p><b>alias</b>: INDISA</p><p><b>telecom</b>: ph: 3430000(WORK)</p><p><b>address</b>: Av. Sta. María 1810, Santiago, Providencia, Región Metropolitana, Chile(WORK)</p><p><b>partOf</b>: <span></span></p><h3>Contacts</h3><table class=\"grid\"><tr><td>-</td><td><b>Name</b></td><td><b>Telecom</b></td></tr><tr><td>*</td><td>Jairo Rodriguez</td><td>ph: 312222222(WORK), <a href=\"mailto:contacto@indisa.com.cl\">contacto@indisa.com.cl</a></td></tr></table></div>"
  },
  "identifier": [
    {
      "use": "official",
      "system": "http://www.minsalud.gov.co/codHabilitacion",
      "value": "1100133335-1"
    },
    {
      "use": "official",
      "system": "http://dian.gov.co/nit",
      "value": "12789312-9"
    }
  ],
  "active": true,
  "type": [
    {
      "coding": [
        {
          "system": "http://hl7.org/fhir/ValueSet/organization-type",
          "code": "prov",
          "display": "Healthcare Provider"
        }
      ]
    }
  ],
  "name": "Indisa clinica de la familia",
  "alias": [
    "INDISA"
  ],
  "telecom": [
    {
      "system": "phone",
      "value": "3430000",
      "use": "work"
    }
  ],
  "address": [
    {
      "use": "work",
      "text": "Av. Sta. María 1810, Santiago, Providencia, Región Metropolitana, Chile",
      "city": "Providencia",
      "state": "Región Metropolitana",
      "postalCode": "2342355",
      "country": "Chile"
    }
  ],
  "partOf": {
    "extension": [
      {
        "url": "Organization/Example-Organization-213134sd15148f-1"
      }
    ]
  },
  "contact": [
    {
      "name": {
        "use": "usual",
        "text": "Jairo Rodriguez"
      },
      "telecom": [
        {
          "system": "phone",
          "value": "312222222",
          "use": "work"
        },
        {
          "system": "email",
          "value": "contacto@indisa.com.cl",
          "use": "work"
        }
      ]
    }
  ]
}