{
  "resourceType": "Patient",
  "id": "Example-Patient-2a6d66d1",
  "meta": {
    "tag": [
      {
        "system": "http://terminology.hl7co.org/CodeSystem/common-tags",
        "code": "VIP",
        "display": "very important person"
      },
      {
        "system": "https://hl7co.github.io/digitalware/klinic-api-fhir/CodeSystem/payors",
        "code": "Payor",
        "display": "Pagador o asegurador"
      }
    ]
  },
  "text": {
    "status": "generated",
    "div": "<div xmlns=\"http://www.w3.org/1999/xhtml\"><h1>SEGMENTO NARRATIVO</h1></div>"
  },
  "extension": [
    {
      "id": "genderIdentity",
      "url": "http://hl7.org/fhir/StructureDefinition/patient-genderIdentity",
      "valueCodeableConcept": {
        "coding": [
          {
            "system": "http://snomed.info/sct",
            "code": "703117000",
            "display": "Female"
          }
        ]
      }
    },
    {
      "id": "birthPlace",
      "url": "http://hl7.org/fhir/StructureDefinition/patient-birthPlace",
      "valueAddress": {
        "city": "Santiago de Chile",
        "state": "Region Metropolitana",
        "country": "Chile"
      }
    },
    {
      "id": "nationality",
      "extension": [
        {
          "id": "code",
          "url": "code",
          "valueCodeableConcept": {
            "coding": [
              {
                "system": "https://www.iso.org/iso-3166-country-codes.html",
                "code": "CL",
                "display": "Chile"
              }
            ]
          }
        }
      ],
      "url": "http://hl7.org/fhir/StructureDefinition/patient-nationality"
    },
    {
      "id": "patientEthnicity",
      "url": "https://www.digitalware.com.co/salud/fhir/extension/patient-ethnicity",
      "valueCodeableConcept": {
        "coding": [
          {
            "system": "http://deis.cl/fhir/PueblosIndigenasMinsalDecreto643",
            "code": "01",
            "display": "Mapuche"
          }
        ]
      }
    },
    {
      "id": "patientPopulationGroup",
      "url": "https://www.digitalware.com.co/salud/fhir/extension/patient-population-group",
      "valueCodeableConcept": {
        "coding": [
          {
            "system": "https://www.digitalware.com.co/salud/fhir/ValueSet/population-group",
            "code": "01",
            "display": "Indigenas"
          }
        ]
      }
    },
    {
      "id": "disability",
      "url": "http://hl7.org/fhir/StructureDefinition/patient-disability",
      "valueCodeableConcept": {
        "coding": [
          {
            "system": "http://snomed.info/sct",
            "code": "120",
            "display": "Fisical"
          }
        ]
      }
    },
    {
      "id": "educationalLevel",
      "url": "https://www.digitalware.com.co/salud/fhir/extension/educational-level",
      "valueCodeableConcept": {
        "coding": [
          {
            "system": "https://digitalware-klinic.github.io/fhir/indisa/CodeSystem/educationalLevelChile",
            "code": "02",
            "display": "Basica"
          }
        ]
      }
    },
    {
      "id": "ocupation",
      "url": "https://www.digitalware.com.co/salud/fhir/extension/ocupation",
      "valueCodeableConcept": {
        "coding": [
          {
            "system": "https://www.digitalware.com.co/salud/fhir/extension/ocupation",
            "code": "15",
            "display": "Ama de casa"
          }
        ]
      }
    },
    {
      "id": "employerOrganization",
      "url": "https://www.digitalware.com.co/salud/fhir/extension/employer-organization",
      "valueString": "Papeleria el Sol"
    },
    {
      "id": "newBorn",
      "url": "https://hl7co.github.io/digitalware/klinic-api-fhir/StructureDefinition/NewBorn",
      "valueBoolean": false
    },
    {
      "id": "religion",
      "url": "http://hl7.org/fhir/StructureDefinition/patient-religion",
      "valueCodeableConcept": {
        "coding": [
          {
            "system": "http://terminology.hl7.org/CodeSystem/v3-ReligiousAffiliation",
            "code": "1041",
            "display": "Roman Catholic Church"
          }
        ]
      }
    },
    {
      "id": "culturalGroup",
      "url": "https://www.digitalware.com.co/salud/fhir/extension/patient-cultural-groups",
      "valueCodeableConcept": {
        "coding": [
          {
            "system": "http://deis.cl/fhir/PueblosIndigenasMinsalDecreto643",
            "code": "Indio Americano",
            "display": "1002-5"
          }
        ]
      }
    }
  ],
  "identifier": [
    {
      "use": "official",
      "type": {
        "coding": [
          {
            "system": "http://terminology.hl7.org/CodeSystem/v2-0203",
            "code": "NNCHL",
            "display": "National Person Identifier Chile"
          },
          {
            "system": "http://registrocivil.cl/RUN",
            "code": "RUN",
            "display": "Rol Único Nacional"
          }
        ]
      },
      "value": "347827348"
    },
    {
      "use": "usual",
      "type": {
        "coding": [
          {
            "system": "http://terminology.hl7.org/CodeSystem/v2-0203",
            "code": "MR",
            "display": "Medical Record Number"
          }
        ]
      },
      "system": "https://www.digitalware.com.co/salud/fhir/patient-id",
      "value": "HC-6ef0a6d7"
    }
  ],
  "active": true,
  "name": [
    {
      "use": "official",
      "family": "Jake",
      "_family": {
        "extension": [
          {
            "id": "fathers-family",
            "url": "http://hl7.org/fhir/StructureDefinition/humanname-fathers-family",
            "valueString": "Jake"
          },
          {
            "id": "mothers-family",
            "url": "http://hl7.org/fhir/StructureDefinition/humanname-mothers-family"
          }
        ]
      },
      "given": [
        "Maria"
      ]
    },
    {
      "use": "nickname",
      "text": "Maria Jake"
    }
  ],
  "telecom": [
    {
      "system": "phone",
      "value": "+56(2)1111-1111",
      "use": "home"
    },
    {
      "system": "phone",
      "value": "+56(2)2222-2222",
      "use": "mobile"
    },
    {
      "system": "email",
      "value": "jmaria@example.com"
    }
  ],
  "gender": "female",
  "birthDate": "1975-08-14",
  "deceasedBoolean": false,
  "address": [
    {
      "use": "home",
      "text": "Eliodoro Yáñez NNN, depto XX, Providencia",
      "city": "Providencia",
      "state": "Región Metropolitana",
      "postalCode": "5555555",
      "country": "Chile"
    }
  ],
  "maritalStatus": {
    "coding": [
      {
        "system": "http://hl7.org/fhir/ValueSet/marital-status",
        "code": "M",
        "display": "Married"
      }
    ]
  },
  "contact": [
    {
      "extension": [
        {
          "id": "person-id",
          "url": "https://www.digitalware.com.co/salud/fhir/extension/person-id",
          "valueIdentifier": {
            "use": "official",
            "type": {
              "coding": [
                {
                  "system": "http://terminology.hl7.org/CodeSystem/v2-0203",
                  "code": "MR",
                  "display": "Medical record number"
                },
                {
                  "system": "http://registrocivil.cl/RUN",
                  "code": "RUN",
                  "display": "Rol Único Nacional"
                }
              ]
            },
            "value": "134293887929"
          }
        }
      ],
      "relationship": [
        {
          "coding": [
            {
              "system": "http://terminology.hl7.org/CodeSystem/v2-0131",
              "code": "C",
              "display": "Emergency Contact"
            },
            {
              "system": "http://snomed.info/sct",
              "code": "66839005",
              "display": "padre"
            }
          ]
        }
      ],
      "name": {
        "text": "Jorge Jake"
      },
      "telecom": [
        {
          "system": "phone",
          "value": "+56(2)2222-2222",
          "use": "mobile"
        },
        {
          "system": "email",
          "value": "jjorge@example.com"
        }
      ],
      "address": {
        "use": "home",
        "text": "Eliodoro Yáñez NNN, depto XX, Providencia",
        "city": "Providencia",
        "state": "Región Metropolitana",
        "postalCode": "5555555",
        "country": "Chile"
      }
    }
  ],
  "link": [
    {
      "other": {
        "reference": "Patient/Example-Patient-87356d0d"
      },
      "type": "replaced-by"
    }
  ]
}