{
  "resourceType": "Practitioner",
  "id": "Example-Practitioner-4343433d",
  "text": {
    "status": "generated",
    "div": "<div xmlns=\"http://www.w3.org/1999/xhtml\"><p><b>Generated Narrative</b></p><p><b>identifier</b>: National Person Identifier Chile: 34343434ap (OFFICIAL)</p><p><b>active</b>: true</p><p><b>name</b>: Julian Andres null (OFFICIAL)</p><p><b>telecom</b>: <a href=\"tel:+56(2)1111-1111\">+56(2)1111-1111</a>, <a href=\"tel:+56(2)2222-2222\">+56(2)2222-2222</a>, <a href=\"mailto:rsjulian@example.com\">rsjulian@example.com</a></p><p><b>gender</b>: male</p><p><b>birthDate</b>: 1989-03-10</p><blockquote><p><b>qualification</b></p><p><b>identifier</b>: Medical license number: TP6767634 (OFFICIAL)</p><p><b>code</b>: <span title=\"Codes: {http://snomed.info/sct 309343006}\">Médico</span></p></blockquote><blockquote><p><b>qualification</b></p><p><b>identifier</b>: Medical license number: TP6767634 (OFFICIAL)</p><p><b>code</b>: <span title=\"Codes: {http://snomed.info/sct 309327004}\">residente superior de medicina familiar/general</span></p></blockquote></div>"
  },
  "identifier": [
    {
      "use": "official",
      "type": {
        "coding": [
          {
            "system": "http://terminology.hl7.org/CodeSystem/v2-0203",
            "code": "NNCHL",
            "display": "National Person Identifier Chile"
          },
          {
            "system": "http://registrocivil.cl/RUN",
            "code": "RUN",
            "display": "Registro Unico de Nacimiento"
          }
        ]
      },
      "value": "34343434ap"
    }
  ],
  "active": true,
  "name": [
    {
      "use": "official",
      "_family": {
        "extension": [
          {
            "id": "fathers-family",
            "url": "http://hl7.org/fhir/StructureDefinition/humanname-fathers-family",
            "valueString": "Rodriguez"
          },
          {
            "id": "mothers-family",
            "url": "http://hl7.org/fhir/StructureDefinition/humanname-mothers-family",
            "valueString": "Suarez"
          }
        ]
      },
      "given": [
        "Julian",
        "Andres"
      ]
    }
  ],
  "telecom": [
    {
      "system": "phone",
      "value": "+56(2)1111-1111",
      "use": "home"
    },
    {
      "system": "phone",
      "value": "+56(2)2222-2222",
      "use": "mobile"
    },
    {
      "system": "email",
      "value": "rsjulian@example.com"
    }
  ],
  "gender": "male",
  "birthDate": "1989-03-10",
  "qualification": [
    {
      "identifier": [
        {
          "use": "official",
          "type": {
            "coding": [
              {
                "system": "http://terminology.hl7.org/CodeSystem/v2-0203",
                "code": "MD",
                "display": "Medical license number"
              }
            ]
          },
          "value": "TP6767634"
        }
      ],
      "code": {
        "coding": [
          {
            "system": "http://snomed.info/sct",
            "code": "309343006",
            "display": "Médico"
          }
        ]
      }
    },
    {
      "identifier": [
        {
          "use": "official",
          "type": {
            "coding": [
              {
                "system": "http://terminology.hl7.org/CodeSystem/v2-0203",
                "code": "MD",
                "display": "Medical license number"
              }
            ]
          },
          "value": "TP6767634"
        }
      ],
      "code": {
        "coding": [
          {
            "system": "http://snomed.info/sct",
            "code": "309327004",
            "display": "residente superior de medicina familiar/general"
          }
        ]
      }
    }
  ]
}