{
  "resourceType": "Practitioner",
  "id": "Example-Practitioner-746746379d",
  "text": {
    "status": "generated",
    "div": "<div xmlns=\"http://www.w3.org/1999/xhtml\"><p><b>Generated Narrative</b></p><p><b>identifier</b>: National Person Identifier Chile: 2323900ap (OFFICIAL)</p><p><b>active</b>: true</p><p><b>name</b>: Nicolle Andrea null (OFFICIAL)</p><p><b>telecom</b>: <a href=\"tel:+56(2)1111-1111\">+56(2)1111-1111</a>, <a href=\"tel:+56(2)2222-2222\">+56(2)2222-2222</a>, <a href=\"mailto:grnicolle@example.com\">grnicolle@example.com</a></p><p><b>gender</b>: female</p><p><b>birthDate</b>: 1989-03-10</p><blockquote><p><b>qualification</b></p><p><b>identifier</b>: Medical license number: TP454669 (OFFICIAL)</p><p><b>code</b>: <span title=\"Codes: {http://snomed.info/sct 309343006}\">Médico</span></p></blockquote><blockquote><p><b>qualification</b></p><p><b>identifier</b>: Medical license number: TP454669 (OFFICIAL)</p><p><b>code</b>: <span title=\"Codes: {http://snomed.info/sct 66862007}\">radiologo</span></p></blockquote></div>"
  },
  "identifier": [
    {
      "use": "official",
      "type": {
        "coding": [
          {
            "system": "http://terminology.hl7.org/CodeSystem/v2-0203",
            "code": "NNCHL",
            "display": "National Person Identifier Chile"
          },
          {
            "system": "http://registrocivil.cl/RUN",
            "code": "RUN",
            "display": "Registro Unico de Nacimiento"
          }
        ]
      },
      "value": "2323900ap"
    }
  ],
  "active": true,
  "name": [
    {
      "use": "official",
      "_family": {
        "extension": [
          {
            "id": "fathers-family",
            "url": "http://hl7.org/fhir/StructureDefinition/humanname-fathers-family",
            "valueString": "Gomez"
          },
          {
            "id": "mothers-family",
            "url": "http://hl7.org/fhir/StructureDefinition/humanname-mothers-family",
            "valueString": "Rodriguez"
          }
        ]
      },
      "given": [
        "Nicolle",
        "Andrea"
      ]
    }
  ],
  "telecom": [
    {
      "system": "phone",
      "value": "+56(2)1111-1111",
      "use": "home"
    },
    {
      "system": "phone",
      "value": "+56(2)2222-2222",
      "use": "mobile"
    },
    {
      "system": "email",
      "value": "grnicolle@example.com"
    }
  ],
  "gender": "female",
  "birthDate": "1989-03-10",
  "qualification": [
    {
      "identifier": [
        {
          "use": "official",
          "type": {
            "coding": [
              {
                "system": "http://terminology.hl7.org/CodeSystem/v2-0203",
                "code": "MD",
                "display": "Medical license number"
              }
            ]
          },
          "value": "TP454669"
        }
      ],
      "code": {
        "coding": [
          {
            "system": "http://snomed.info/sct",
            "code": "309343006",
            "display": "Médico"
          }
        ]
      }
    },
    {
      "identifier": [
        {
          "use": "official",
          "type": {
            "coding": [
              {
                "system": "http://terminology.hl7.org/CodeSystem/v2-0203",
                "code": "MD",
                "display": "Medical license number"
              }
            ]
          },
          "value": "TP454669"
        }
      ],
      "code": {
        "coding": [
          {
            "system": "http://snomed.info/sct",
            "code": "66862007",
            "display": "radiologo"
          }
        ]
      }
    }
  ]
}