{
  "resourceType": "Practitioner",
  "id": "Example-Practitioner-78456er9f",
  "text": {
    "status": "generated",
    "div": "<div xmlns=\"http://www.w3.org/1999/xhtml\"><p><b>Generated Narrative</b></p><p><b>identifier</b>: National Person Identifier Chile: 7867564ap (OFFICIAL)</p><p><b>active</b>: true</p><p><b>name</b>: Camilo Jose null (OFFICIAL)</p><p><b>telecom</b>: <a href=\"tel:+56(2)1111-1111\">+56(2)1111-1111</a>, <a href=\"tel:+56(2)2222-2222\">+56(2)2222-2222</a>, <a href=\"mailto:pscamilo@example.com\">pscamilo@example.com</a></p><p><b>gender</b>: male</p><p><b>birthDate</b>: 1993-05-20</p><h3>Qualifications</h3><table class=\"grid\"><tr><td>-</td><td><b>Identifier</b></td><td><b>Code</b></td></tr><tr><td>*</td><td>License Number: TP763490 (OFFICIAL)</td><td><span title=\"Codes: {http://snomed.info/sct 18537005}\">Bacteriologo</span></td></tr></table></div>"
  },
  "identifier": [
    {
      "use": "official",
      "type": {
        "coding": [
          {
            "system": "http://terminology.hl7.org/CodeSystem/v2-0203",
            "code": "NNCHL",
            "display": "National Person Identifier Chile"
          },
          {
            "system": "http://registrocivil.cl/RUN",
            "code": "RUN",
            "display": "Registro Unico de Nacimiento"
          }
        ]
      },
      "value": "7867564ap"
    }
  ],
  "active": true,
  "name": [
    {
      "use": "official",
      "_family": {
        "extension": [
          {
            "id": "fathers-family",
            "url": "http://hl7.org/fhir/StructureDefinition/humanname-fathers-family",
            "valueString": "Perez"
          },
          {
            "id": "mothers-family",
            "url": "http://hl7.org/fhir/StructureDefinition/humanname-mothers-family",
            "valueString": "Suarez"
          }
        ]
      },
      "given": [
        "Camilo",
        "Jose"
      ]
    }
  ],
  "telecom": [
    {
      "system": "phone",
      "value": "+56(2)1111-1111",
      "use": "home"
    },
    {
      "system": "phone",
      "value": "+56(2)2222-2222",
      "use": "mobile"
    },
    {
      "system": "email",
      "value": "pscamilo@example.com"
    }
  ],
  "gender": "male",
  "birthDate": "1993-05-20",
  "qualification": [
    {
      "identifier": [
        {
          "use": "official",
          "type": {
            "coding": [
              {
                "system": "http://terminology.hl7.org/CodeSystem/v2-0203",
                "code": "LN",
                "display": "License Number"
              }
            ]
          },
          "value": "TP763490"
        }
      ],
      "code": {
        "coding": [
          {
            "system": "http://snomed.info/sct",
            "code": "18537005",
            "display": "Bacteriologo"
          }
        ]
      }
    }
  ]
}