{
  "resourceType": "Procedure",
  "id": "Example-ProcedureSurgical-878773ps",
  "text": {
    "status": "generated",
    "div": "<div xmlns=\"http://www.w3.org/1999/xhtml\"><p><b>Generated Narrative</b></p><p><b>identifier</b>: id: 110303812 (USUAL)</p><p><b>basedOn</b>: <a href=\"ServiceRequest/Example-ServiceRequest-5437578r\">ServiceRequest/Example-ServiceRequest-5437578r</a></p><p><b>status</b>: completed</p><p><b>category</b>: <span title=\"Codes: {http://snomed.info/sct 387713003}\">Surgical procedure</span></p><p><b>code</b>: <span title=\"Codes: {http://snomed.info/sct 103726002}, {https://digitalware-klinic.github.io/fhir/indisa/CodeSystem-CodesFonasa 110303812}\">cirugía de descompresión microvascular de nervio craneal</span></p><p><b>subject</b>: <a href=\"Patient-Example-Patient-87356d0d.html\">Generated Summary: National Person Identifier Chile: 347827348 (OFFICIAL), Medical Record Number: HC-6ef0a6d7 (USUAL); active; Maria Victoria null (OFFICIAL), Maria Jake(NICKNAME); Phone: +56(2)1111-1111, Phone: +56(2)2222-2222, jjmaria@example.com; gender: female; birthDate: 1975-08-14; <span title=\"Codes: {http://terminology.hl7.org/CodeSystem/v3-MaritalStatus M}\">Married</span></a></p><p><b>encounter</b>: <a href=\"Encounter-Example-Encounter-963b1515.html\">Generated Summary: id: 12334556 (OFFICIAL); status: finished; <span title=\"{http://terminology.hl7.org/CodeSystem/v3-ActCode AMB}\">ambulatory</span>; <span title=\"Codes: {http://terminology.hl7.org/CodeSystem/service-type 349}\">General Practitioner</span>; <span title=\"Codes: {http://terminology.hl7.org/CodeSystem/v3-ActPriority R}\">routine</span>; period: Jan 21, 2021 7:00:00 AM --&gt; Jan 21, 2021 7:30:00 AM; <span title=\"Codes: {http://snomed.info/sct 257006}\">Acne rosacea</span></a></p><p><b>performed</b>: Feb 21, 2021 7:30:00 AM</p><h3>Performers</h3><table class=\"grid\"><tr><td>-</td><td><b>Actor</b></td></tr><tr><td>*</td><td><a href=\"Practitioner-Example-Practitioner-09709es9d.html\">Generated Summary: National Person Identifier Chile: 8596788ap (OFFICIAL); active; Sebastian Camilo null (OFFICIAL); Phone: +56(2)1111-1111, Phone: +56(2)2222-2222, dbsebastian@example.com; gender: male; birthDate: 1989-03-10</a></td></tr></table><p><b>location</b>: <a href=\"Location-Example-LocationBuilding-7412389635sdf556.html\">Generated Summary: id: 1100112345-1 (OFFICIAL); status: active; <span title=\"{http://terminology.hl7.org/CodeSystem/v2-0116 O}\">Occupied</span>; name: Indisa Clinica de la familia; alias: INDISA; description: Clinic and emergencies; mode: instance; <span title=\"Codes: {http://terminology.hl7.org/CodeSystem/v3-RoleCode HOSP}\">Hospital</span>; Phone: +56(2)1111-1111; <span title=\"Codes: {http://terminology.hl7.org/CodeSystem/location-physical-type bu}\">Building</span>; availabilityExceptions: Does not open on holidays.</a></p><p><b>reasonCode</b>: <span title=\"Codes: {http://snomed.info/sct 355001}\">Choque hemorrágico</span></p><p><b>reasonReference</b>: <a href=\"Condition/Example-Condition-4869c\">Condition/Example-Condition-4869c</a></p><p><b>outcome</b>: <span title=\"Codes: {http://snomed.info/sct 385669000}\">Successful</span></p><p><b>report</b>: <a href=\"Composition-Example-Document-c1b9fc94f1af.html\">Generated Summary: id: e11d873a; status: final; <span title=\"Codes: {http://loinc.org 11506-3}\">Progress note</span>; <span title=\"Codes: {http://loinc.org 11536-0}\">Nurse Notes</span>; date: Feb 23, 2021 10:00:23 AM; title: Nota de evolución de enfermería; confidentiality: N</a></p><p><b>complication</b>: <span title=\"Codes: {http://snomed.info/sct 385006}\">Neuropatía periférica secundaria</span></p><p><b>followUp</b>: <span title=\"Codes: {http://snomed.info/sct 30549001}\">Retiro de sutura</span></p><p><b>note</b>: Patient without complication in this month.</p></div>"
  },
  "identifier": [
    {
      "use": "usual",
      "system": "https://example.org/procedure-identifiers",
      "value": "110303812"
    }
  ],
  "basedOn": [
    {
      "reference": "ServiceRequest/Example-ServiceRequest-5437578r"
    }
  ],
  "status": "completed",
  "category": {
    "coding": [
      {
        "system": "http://snomed.info/sct",
        "code": "387713003",
        "display": "Surgical procedure"
      }
    ]
  },
  "code": {
    "coding": [
      {
        "system": "http://snomed.info/sct",
        "code": "103726002",
        "display": "cirugía de descompresión microvascular de nervio craneal"
      },
      {
        "system": "https://digitalware-klinic.github.io/fhir/indisa/CodeSystem-CodesFonasa",
        "code": "110303812",
        "display": "CIRUGIA DESCOMPRESIVA NEUROVASCULAR"
      }
    ]
  },
  "subject": {
    "reference": "Patient/Example-Patient-87356d0d"
  },
  "encounter": {
    "reference": "Encounter/Example-Encounter-963b1515"
  },
  "performedDateTime": "2021-02-21T07:30:00-05:00",
  "performer": [
    {
      "actor": {
        "reference": "Practitioner/Example-Practitioner-09709es9d"
      }
    }
  ],
  "location": {
    "reference": "Location/Example-LocationBuilding-7412389635sdf556"
  },
  "reasonCode": [
    {
      "coding": [
        {
          "system": "http://snomed.info/sct",
          "code": "355001",
          "display": "Choque hemorrágico"
        }
      ]
    }
  ],
  "reasonReference": [
    {
      "reference": "Condition/Example-Condition-4869c"
    }
  ],
  "outcome": {
    "coding": [
      {
        "system": "http://snomed.info/sct",
        "code": "385669000",
        "display": "Successful"
      }
    ]
  },
  "report": [
    {
      "reference": "Composition/Example-Document-c1b9fc94f1af"
    }
  ],
  "complication": [
    {
      "coding": [
        {
          "system": "http://snomed.info/sct",
          "code": "385006",
          "display": "Neuropatía periférica secundaria"
        }
      ]
    }
  ],
  "followUp": [
    {
      "coding": [
        {
          "system": "http://snomed.info/sct",
          "code": "30549001",
          "display": "Retiro de sutura"
        }
      ]
    }
  ],
  "note": [
    {
      "text": "Patient without complication in this month."
    }
  ]
}