{
  "resourceType": "QuestionnaireResponse",
  "id": "Example-Questionnaire-7878008qu",
  "text": {
    "status": "generated",
    "div": "<div xmlns=\"http://www.w3.org/1999/xhtml\"><p><b>Generated Narrative</b></p><p><b>identifier</b>: id: CNQR7980-001 (USUAL)</p><p><b>questionnaire</b>: <code>Questionnaire/Example-Questionnaire-7878008qu</code></p><p><b>status</b>: completed</p><p><b>subject</b>: <a href=\"Person/Example-Person-647637373p\">Person/Example-Person-647637373p</a></p><p><b>authored</b>: 24/02/2021, 11:20:00 a. m.</p><p><b>author</b>: <a href=\"Practitioner-Example-Practitioner-78456er9f.html\">Generated Summary: National Person Identifier Chile: 7867564ap (OFFICIAL); active; Camilo Jose null (OFFICIAL); Phone: +56(2)1111-1111, Phone: +56(2)2222-2222, pscamilo@example.com; gender: male; birthDate: 1993-05-20</a></p><p><b>source</b>: <a href=\"Person/Example-Person-647637373p\">Person/Example-Person-647637373p</a></p><blockquote><p><b>item</b></p><p><b>linkId</b>: A</p><p><b>text</b>: Datos Generales</p><blockquote><p><b>item</b></p><p><b>linkId</b>: A.1</p><p><b>text</b>: No Plaquetas</p><h3>Answers</h3><table class=\"grid\"><tr><td>-</td></tr><tr><td>*</td></tr></table></blockquote><blockquote><p><b>item</b></p><p><b>linkId</b>: A.2</p><p><b>text</b>: No Plasma</p><h3>Answers</h3><table class=\"grid\"><tr><td>-</td></tr><tr><td>*</td></tr></table></blockquote><blockquote><p><b>item</b></p><p><b>linkId</b>: A.3</p><p><b>text</b>: Grupo Sanguineo</p><h3>Answers</h3><table class=\"grid\"><tr><td>-</td></tr><tr><td>*</td></tr></table></blockquote></blockquote><blockquote><p><b>item</b></p><p><b>linkId</b>: 1</p><p><b>text</b>: Ficha del Donante</p><blockquote><p><b>item</b></p><p><b>linkId</b>: 1.1</p><p><b>text</b>: Datos del Donante</p><h3>Answers</h3><table class=\"grid\"><tr><td>-</td></tr><tr><td>*</td></tr></table></blockquote><blockquote><p><b>item</b></p><p><b>linkId</b>: 1.2</p><p><b>text</b>: Datos del Receptor(Paciente)</p><h3>Answers</h3><table class=\"grid\"><tr><td>-</td></tr><tr><td>*</td></tr></table></blockquote></blockquote><blockquote><p><b>item</b></p><p><b>linkId</b>: 2</p><p><b>text</b>: Uso exclusivo Banco de Sangre</p><blockquote><p><b>item</b></p><p><b>linkId</b>: 2.1</p><p><b>text</b>: Peso</p><h3>Answers</h3><table class=\"grid\"><tr><td>-</td></tr><tr><td>*</td></tr></table></blockquote><blockquote><p><b>item</b></p><p><b>linkId</b>: 2.2</p><p><b>text</b>: Pulso</p><h3>Answers</h3><table class=\"grid\"><tr><td>-</td></tr><tr><td>*</td></tr></table></blockquote><blockquote><p><b>item</b></p><p><b>linkId</b>: 2.3</p><p><b>text</b>: Presion Arterial</p><h3>Answers</h3><table class=\"grid\"><tr><td>-</td></tr><tr><td>*</td></tr><tr><td>*</td></tr></table></blockquote><blockquote><p><b>item</b></p><p><b>linkId</b>: 2.4</p><p><b>text</b>: Hematocrito(hto)</p><h3>Answers</h3><table class=\"grid\"><tr><td>-</td></tr><tr><td>*</td></tr></table></blockquote><blockquote><p><b>item</b></p><p><b>linkId</b>: 2.5</p><p><b>text</b>: Hemoglobina(hb)</p><h3>Answers</h3><table class=\"grid\"><tr><td>-</td></tr><tr><td>*</td></tr></table></blockquote><blockquote><p><b>item</b></p><p><b>linkId</b>: 2.6</p><p><b>text</b>: Aspecto General</p><h3>Answers</h3><table class=\"grid\"><tr><td>-</td></tr><tr><td>*</td></tr></table></blockquote><blockquote><p><b>item</b></p><p><b>linkId</b>: 2.7</p><p><b>text</b>: Venas</p><h3>Answers</h3><table class=\"grid\"><tr><td>-</td></tr><tr><td>*</td></tr></table></blockquote><blockquote><p><b>item</b></p><p><b>linkId</b>: 2.8</p><p><b>text</b>: Causa General de Rechazo</p><h3>Answers</h3><table class=\"grid\"><tr><td>-</td></tr><tr><td>*</td></tr></table></blockquote><blockquote><p><b>item</b></p><p><b>linkId</b>: 2.10</p><p><b>text</b>: Revision Datos Completos</p><h3>Answers</h3><table class=\"grid\"><tr><td>-</td></tr><tr><td>*</td></tr></table></blockquote></blockquote><blockquote><p><b>item</b></p><p><b>linkId</b>: 3</p><p><b>text</b>: Preguntas</p><blockquote><p><b>item</b></p><p><b>linkId</b>: 3.1</p><p><b>text</b>: ¿Se siente ud. bien en este momento?</p><h3>Answers</h3><table class=\"grid\"><tr><td>-</td></tr><tr><td>*</td></tr></table></blockquote><blockquote><p><b>item</b></p><p><b>linkId</b>: 3.2</p><p><b>text</b>: ¿Ha ingerido alcohol en las ultimas 12 horas?</p><h3>Answers</h3><table class=\"grid\"><tr><td>-</td></tr><tr><td>*</td></tr></table></blockquote><blockquote><p><b>item</b></p><p><b>linkId</b>: 3.3</p><p><b>text</b>: ¿Si es mujer, esta ud. embarazada, ha tenido parto o abortos en los ultimios 6 meses?</p><h3>Answers</h3><table class=\"grid\"><tr><td>-</td></tr><tr><td>*</td></tr></table></blockquote><blockquote><p><b>item</b></p><p><b>linkId</b>: 3.4</p><p><b>text</b>: ¿Ha donado sangre alguna vez?</p><h3>Answers</h3><table class=\"grid\"><tr><td>-</td></tr><tr><td>*</td></tr></table></blockquote><blockquote><p><b>item</b></p><p><b>linkId</b>: 3.5</p><p><b>text</b>: ¿Ha sido rechazado alguna vez como donante de sangre?</p><h3>Answers</h3><table class=\"grid\"><tr><td>-</td></tr><tr><td>*</td></tr></table></blockquote></blockquote><blockquote><p><b>item</b></p><p><b>linkId</b>: 4</p><p><b>text</b>: Consentimiento informado</p><h3>Answers</h3><table class=\"grid\"><tr><td>-</td><td><b>Value[x]</b></td></tr><tr><td>*</td><td>true</td></tr></table></blockquote><blockquote><p><b>item</b></p><p><b>linkId</b>: 5</p><p><b>text</b>: Declaracion</p><h3>Answers</h3><table class=\"grid\"><tr><td>-</td><td><b>Value[x]</b></td></tr><tr><td>*</td><td>true</td></tr></table></blockquote><blockquote><p><b>item</b></p><p><b>linkId</b>: 6</p><p><b>text</b>: Invitacion</p><h3>Answers</h3><table class=\"grid\"><tr><td>-</td><td><b>Value[x]</b></td></tr><tr><td>*</td><td>false</td></tr></table></blockquote><blockquote><p><b>item</b></p><p><b>linkId</b>: 7</p><p><b>text</b>: Duracion de la extracción</p><blockquote><p><b>item</b></p><p><b>linkId</b>: 7.1</p><p><b>text</b>: Inicio</p><h3>Answers</h3><table class=\"grid\"><tr><td>-</td></tr><tr><td>*</td></tr></table></blockquote><blockquote><p><b>item</b></p><p><b>linkId</b>: 7.2</p><p><b>text</b>: Termino</p><h3>Answers</h3><table class=\"grid\"><tr><td>-</td></tr><tr><td>*</td></tr></table></blockquote><blockquote><p><b>item</b></p><p><b>linkId</b>: 7.3</p><p><b>text</b>: Duración</p><h3>Answers</h3><table class=\"grid\"><tr><td>-</td></tr><tr><td>*</td></tr></table></blockquote><blockquote><p><b>item</b></p><p><b>linkId</b>: 7.4</p><p><b>text</b>: Retiro</p><h3>Answers</h3><table class=\"grid\"><tr><td>-</td></tr><tr><td>*</td></tr></table></blockquote><blockquote><p><b>item</b></p><p><b>linkId</b>: 7.5</p><p><b>text</b>: Brazo</p><h3>Answers</h3><table class=\"grid\"><tr><td>-</td></tr><tr><td>*</td></tr></table></blockquote><blockquote><p><b>item</b></p><p><b>linkId</b>: 7.6</p><p><b>text</b>: Extractor</p><h3>Answers</h3><table class=\"grid\"><tr><td>-</td></tr><tr><td>*</td></tr></table></blockquote><blockquote><p><b>item</b></p><p><b>linkId</b>: 7.7</p><p><b>text</b>: Reposo</p><h3>Answers</h3><table class=\"grid\"><tr><td>-</td></tr><tr><td>*</td></tr></table></blockquote><blockquote><p><b>item</b></p><p><b>linkId</b>: 7.8</p><p><b>text</b>: Entrega Recomendación Fisica y Verbal</p><h3>Answers</h3><table class=\"grid\"><tr><td>-</td></tr><tr><td>*</td></tr></table></blockquote><blockquote><p><b>item</b></p><p><b>linkId</b>: 7.8</p><p><b>text</b>: Autoexclusion</p><h3>Answers</h3><table class=\"grid\"><tr><td>-</td></tr><tr><td>*</td></tr></table></blockquote><blockquote><p><b>item</b></p><p><b>linkId</b>: 7.9</p><p><b>text</b>: Observaciones - Extraccion Lenta</p><h3>Answers</h3><table class=\"grid\"><tr><td>-</td></tr><tr><td>*</td></tr></table></blockquote><blockquote><p><b>item</b></p><p><b>linkId</b>: 7.10</p><p><b>text</b>: Observaciones - Extraccion Dificl</p><h3>Answers</h3><table class=\"grid\"><tr><td>-</td></tr><tr><td>*</td></tr></table></blockquote><blockquote><p><b>item</b></p><p><b>linkId</b>: 7.11</p><p><b>text</b>: Otras Observaciones</p><h3>Answers</h3><table class=\"grid\"><tr><td>-</td></tr><tr><td>*</td></tr></table></blockquote></blockquote></div>"
  },
  "identifier": {
    "use": "usual",
    "system": "https://example.org/questionnaire-identifiers",
    "value": "CNQR7980-001"
  },
  "questionnaire": "Questionnaire/Example-Questionnaire-7878008qu",
  "status": "completed",
  "subject": {
    "reference": "Person/Example-Person-647637373p"
  },
  "authored": "2021-02-24T11:20:00-05:00",
  "author": {
    "reference": "Practitioner/Example-Practitioner-78456er9f"
  },
  "source": {
    "reference": "Person/Example-Person-647637373p"
  },
  "item": [
    {
      "linkId": "A",
      "text": "Datos Generales",
      "item": [
        {
          "linkId": "A.1",
          "text": "No Plaquetas",
          "answer": [
            {
              "valueBoolean": false
            }
          ]
        },
        {
          "linkId": "A.2",
          "text": "No Plasma",
          "answer": [
            {
              "valueBoolean": false
            }
          ]
        },
        {
          "linkId": "A.3",
          "text": "Grupo Sanguineo",
          "answer": [
            {
              "valueCoding": {
                "system": "http://snomed.info/sct",
                "code": "278150003",
                "display": "grupo sanguíneo B Rh(D) positivo"
              }
            }
          ]
        }
      ]
    },
    {
      "linkId": "1",
      "text": "Ficha del Donante",
      "item": [
        {
          "linkId": "1.1",
          "text": "Datos del Donante",
          "answer": [
            {
              "valueReference": {
                "reference": "Person/Example-Person-647637373p"
              }
            }
          ]
        },
        {
          "linkId": "1.2",
          "text": "Datos del Receptor(Paciente)",
          "answer": [
            {
              "valueReference": {
                "reference": "Patient/Example-Patient-87356d0d"
              }
            }
          ]
        }
      ]
    },
    {
      "linkId": "2",
      "text": "Uso exclusivo Banco de Sangre",
      "item": [
        {
          "linkId": "2.1",
          "text": "Peso",
          "answer": [
            {
              "valueQuantity": {
                "value": 55,
                "unit": "Kg"
              }
            }
          ]
        },
        {
          "linkId": "2.2",
          "text": "Pulso",
          "answer": [
            {
              "valueQuantity": {
                "value": 75,
                "unit": "bpm"
              }
            }
          ]
        },
        {
          "linkId": "2.3",
          "text": "Presion Arterial",
          "answer": [
            {
              "valueQuantity": {
                "value": 80,
                "unit": "mmHg"
              }
            },
            {
              "valueQuantity": {
                "value": 120,
                "unit": "mmHg"
              }
            }
          ]
        },
        {
          "linkId": "2.4",
          "text": "Hematocrito(hto)",
          "answer": [
            {
              "valueString": "Normal"
            }
          ]
        },
        {
          "linkId": "2.5",
          "text": "Hemoglobina(hb)",
          "answer": [
            {
              "valueString": "Normal"
            }
          ]
        },
        {
          "linkId": "2.6",
          "text": "Aspecto General",
          "answer": [
            {
              "valueString": "Normal"
            }
          ]
        },
        {
          "linkId": "2.7",
          "text": "Venas",
          "answer": [
            {
              "valueString": "Normal"
            }
          ]
        },
        {
          "linkId": "2.8",
          "text": "Causa General de Rechazo",
          "answer": [
            {
              "valueString": "Ninguna"
            }
          ]
        },
        {
          "linkId": "2.10",
          "text": "Revision Datos Completos",
          "answer": [
            {
              "valueString": "Completos"
            }
          ]
        }
      ]
    },
    {
      "linkId": "3",
      "text": "Preguntas",
      "item": [
        {
          "linkId": "3.1",
          "text": "¿Se siente ud. bien en este momento?",
          "answer": [
            {
              "valueBoolean": true
            }
          ]
        },
        {
          "linkId": "3.2",
          "text": "¿Ha ingerido alcohol en las ultimas 12 horas?",
          "answer": [
            {
              "valueBoolean": false
            }
          ]
        },
        {
          "linkId": "3.3",
          "text": "¿Si es mujer, esta ud. embarazada, ha tenido parto o abortos en los ultimios 6 meses?",
          "answer": [
            {
              "valueBoolean": false
            }
          ]
        },
        {
          "linkId": "3.4",
          "text": "¿Ha donado sangre alguna vez?",
          "answer": [
            {
              "valueBoolean": true
            }
          ]
        },
        {
          "linkId": "3.5",
          "text": "¿Ha sido rechazado alguna vez como donante de sangre?",
          "answer": [
            {
              "valueBoolean": true
            }
          ]
        }
      ]
    },
    {
      "linkId": "4",
      "text": "Consentimiento informado",
      "answer": [
        {
          "valueBoolean": true
        }
      ]
    },
    {
      "linkId": "5",
      "text": "Declaracion",
      "answer": [
        {
          "valueBoolean": true
        }
      ]
    },
    {
      "linkId": "6",
      "text": "Invitacion",
      "answer": [
        {
          "valueBoolean": false
        }
      ]
    },
    {
      "linkId": "7",
      "text": "Duracion de la extracción",
      "item": [
        {
          "linkId": "7.1",
          "text": "Inicio",
          "answer": [
            {
              "valueDateTime": "2021-02-24T14:20:00-05:00"
            }
          ]
        },
        {
          "linkId": "7.2",
          "text": "Termino",
          "answer": [
            {
              "valueDateTime": "2021-02-24T13:00:00-05:00"
            }
          ]
        },
        {
          "linkId": "7.3",
          "text": "Duración",
          "answer": [
            {
              "valueTime": "00:40:00"
            }
          ]
        },
        {
          "linkId": "7.4",
          "text": "Retiro",
          "answer": [
            {
              "valueString": "Normal"
            }
          ]
        },
        {
          "linkId": "7.5",
          "text": "Brazo",
          "answer": [
            {
              "valueString": "Normal"
            }
          ]
        },
        {
          "linkId": "7.6",
          "text": "Extractor",
          "answer": [
            {
              "valueString": "Normal"
            }
          ]
        },
        {
          "linkId": "7.7",
          "text": "Reposo",
          "answer": [
            {
              "valueString": "Normal"
            }
          ]
        },
        {
          "linkId": "7.8",
          "text": "Entrega Recomendación Fisica y Verbal",
          "answer": [
            {
              "valueString": "Completa"
            }
          ]
        },
        {
          "linkId": "7.8",
          "text": "Autoexclusion",
          "answer": [
            {
              "valueString": "Ninguna"
            }
          ]
        },
        {
          "linkId": "7.9",
          "text": "Observaciones - Extraccion Lenta",
          "answer": [
            {
              "valueString": "No se registra extraccion lenta"
            }
          ]
        },
        {
          "linkId": "7.10",
          "text": "Observaciones - Extraccion Dificl",
          "answer": [
            {
              "valueString": "No se registra extraccion dificil"
            }
          ]
        },
        {
          "linkId": "7.11",
          "text": "Otras Observaciones",
          "answer": [
            {
              "valueString": "null"
            }
          ]
        }
      ]
    }
  ]
}