{
  "resourceType": "QuestionnaireResponse",
  "id": "Example-QuestionnaireResponse-7878008qu",
  "text": {
    "status": "generated",
    "div": "<div xmlns=\"http://www.w3.org/1999/xhtml\"><h1>SEGMENTO NARRATIVO</h1></div>"
  },
  "identifier": {
    "use": "usual",
    "system": "https://example.org/questionnaire-identifiers",
    "value": "CNQR7980-001"
  },
  "questionnaire": "Questionnarie/Example-Questionnaire-7878008qu",
  "status": "completed",
  "subject": {
    "reference": "Person/Example-Person-647637373p"
  },
  "authored": "2021-02-24T11:20:00-05:00",
  "author": {
    "reference": "Practitioner/Example-Practitioner-78456er9f"
  },
  "source": {
    "reference": "Person/Example-Person-647637373p"
  },
  "item": [
    {
      "linkId": "A",
      "text": "Datos Generales",
      "item": [
        {
          "linkId": "A.1",
          "text": "No Plaquetas",
          "answer": [
            {
              "valueBoolean": false
            }
          ]
        },
        {
          "linkId": "A.2",
          "text": "No Plasma",
          "answer": [
            {
              "valueBoolean": false
            }
          ]
        },
        {
          "linkId": "A.3",
          "text": "Grupo Sanguineo",
          "answer": [
            {
              "valueCoding": {
                "system": "http://snomed.info/sct",
                "code": "278150003",
                "display": "grupo sanguíneo B Rh(D) positivo"
              }
            }
          ]
        }
      ]
    },
    {
      "linkId": "1",
      "text": "Ficha del Donante",
      "item": [
        {
          "linkId": "1.1",
          "text": "Datos del Donante",
          "answer": [
            {
              "valueReference": {
                "reference": "Person/Example-Person-647637373p"
              }
            }
          ]
        },
        {
          "linkId": "1.2",
          "text": "Datos del Receptor(Paciente)",
          "answer": [
            {
              "valueReference": {
                "reference": "Patient/Example-Patient-87356d0d"
              }
            }
          ]
        }
      ]
    },
    {
      "linkId": "2",
      "text": "Uso exclusivo Banco de Sangre",
      "item": [
        {
          "linkId": "2.1",
          "text": "Peso",
          "answer": [
            {
              "valueQuantity": {
                "value": 55,
                "unit": "Kg"
              }
            }
          ]
        },
        {
          "linkId": "2.2",
          "text": "Pulso",
          "answer": [
            {
              "valueQuantity": {
                "value": 75,
                "unit": "bpm"
              }
            }
          ]
        },
        {
          "linkId": "2.3",
          "text": "Presion Arterial",
          "answer": [
            {
              "valueQuantity": {
                "value": 80,
                "unit": "mmHg"
              }
            },
            {
              "valueQuantity": {
                "value": 120,
                "unit": "mmHg"
              }
            }
          ]
        },
        {
          "linkId": "2.4",
          "text": "Hematocrito(hto)",
          "answer": [
            {
              "valueString": "Normal"
            }
          ]
        },
        {
          "linkId": "2.5",
          "text": "Hemoglobina(hb)",
          "answer": [
            {
              "valueString": "Normal"
            }
          ]
        },
        {
          "linkId": "2.6",
          "text": "Aspecto General",
          "answer": [
            {
              "valueString": "Normal"
            }
          ]
        },
        {
          "linkId": "2.7",
          "text": "Venas",
          "answer": [
            {
              "valueString": "Normal"
            }
          ]
        },
        {
          "linkId": "2.8",
          "text": "Causa General de Rechazo",
          "answer": [
            {
              "valueString": "Ninguna"
            }
          ]
        },
        {
          "linkId": "2.10",
          "text": "Revision Datos Completos",
          "answer": [
            {
              "valueString": "Completos"
            }
          ]
        }
      ]
    },
    {
      "linkId": "3",
      "text": "Preguntas",
      "item": [
        {
          "linkId": "3.1",
          "text": "¿Se siente ud. bien en este momento?",
          "answer": [
            {
              "valueBoolean": true
            }
          ]
        },
        {
          "linkId": "3.2",
          "text": "¿Ha ingerido alcohol en las ultimas 12 horas?",
          "answer": [
            {
              "valueBoolean": false
            }
          ]
        },
        {
          "linkId": "3.3",
          "text": "¿Si es mujer, esta ud. embarazada, ha tenido parto o abortos en los ultimios 6 meses?",
          "answer": [
            {
              "valueBoolean": false
            }
          ]
        },
        {
          "linkId": "3.4",
          "text": "¿Ha donado sangre alguna vez?",
          "answer": [
            {
              "valueBoolean": true
            }
          ]
        },
        {
          "linkId": "3.5",
          "text": "¿Ha sido rechazado alguna vez como donante de sangre?",
          "answer": [
            {
              "valueBoolean": true
            }
          ]
        }
      ]
    },
    {
      "linkId": "4",
      "text": "Consentimiento informado",
      "answer": [
        {
          "valueBoolean": true
        }
      ]
    },
    {
      "linkId": "5",
      "text": "Declaracion",
      "answer": [
        {
          "valueBoolean": true
        }
      ]
    },
    {
      "linkId": "6",
      "text": "Invitacion",
      "answer": [
        {
          "valueBoolean": false
        }
      ]
    },
    {
      "linkId": "7",
      "text": "Duracion de la extracción",
      "item": [
        {
          "linkId": "7.1",
          "text": "Inicio",
          "answer": [
            {
              "valueDateTime": "2021-02-24T14:20:00-05:00"
            }
          ]
        },
        {
          "linkId": "7.2",
          "text": "Termino",
          "answer": [
            {
              "valueDateTime": "2021-02-24T13:00:00-05:00"
            }
          ]
        },
        {
          "linkId": "7.3",
          "text": "Duración",
          "answer": [
            {
              "valueTime": "00:40:00"
            }
          ]
        },
        {
          "linkId": "7.4",
          "text": "Retiro",
          "answer": [
            {
              "valueString": "Normal"
            }
          ]
        },
        {
          "linkId": "7.5",
          "text": "Brazo",
          "answer": [
            {
              "valueString": "Normal"
            }
          ]
        },
        {
          "linkId": "7.6",
          "text": "Extractor",
          "answer": [
            {
              "valueString": "Normal"
            }
          ]
        },
        {
          "linkId": "7.7",
          "text": "Reposo",
          "answer": [
            {
              "valueString": "Normal"
            }
          ]
        },
        {
          "linkId": "7.8",
          "text": "Entrega Recomendación Fisica y Verbal",
          "answer": [
            {
              "valueString": "Completa"
            }
          ]
        },
        {
          "linkId": "7.8",
          "text": "Autoexclusion",
          "answer": [
            {
              "valueString": "Ninguna"
            }
          ]
        },
        {
          "linkId": "7.9",
          "text": "Observaciones - Extraccion Lenta",
          "answer": [
            {
              "valueString": "No se registra extraccion lenta"
            }
          ]
        },
        {
          "linkId": "7.10",
          "text": "Observaciones - Extraccion Dificl",
          "answer": [
            {
              "valueString": "No se registra extraccion dificil"
            }
          ]
        },
        {
          "linkId": "7.11",
          "text": "Otras Observaciones",
          "answer": [
            {
              "valueString": "null"
            }
          ]
        }
      ]
    }
  ]
}