{
  "resourceType": "Schedule",
  "id": "Example-Schedule-d83f2b28",
  "text": {
    "status": "extensions",
    "div": "<div xmlns=\"http://www.w3.org/1999/xhtml\"><p><b>Generated Narrative</b></p><p><b>Quota Patient</b>: 1</p><p><b>Admit telemedicine</b>: false</p><p><b>identifier</b>: id: 403</p><p><b>active</b>: true</p><p><b>serviceCategory</b>: <span title=\"Codes: \">Pediatrica</span></p><p><b>serviceType</b>: <span title=\"Codes: {http://snomed.info/sct 185316007}\">encuentro indirecto</span>, <span title=\"Codes: {http://snomed.info/sct 308467007}\">atendido en establecimiento</span></p><p><b>specialty</b>: <span title=\"Codes: {http://snomed.info/sct 394586005}\">Ginecologia</span></p><p><b>actor</b>: </p><ul><li><a href=\"Location/Example-LocationBuilding-7412389635sdf556d\">Location/Example-LocationBuilding-7412389635sdf556d</a></li><li><a href=\"Location-Example-LocationRoom-1245687952.html\">Generated Summary: status: active; <span title=\"{http://terminology.hl7.org/CodeSystem/v2-0116 O}\">Occupied</span>; name: Habitación 202; alias: H202; description: Hospitalization room.; mode: instance; <span title=\"Codes: {http://terminology.hl7.org/CodeSystem/v3-RoleCode HU}\">Hospital unit</span>; <span title=\"Codes: {http://terminology.hl7.org/CodeSystem/location-physical-type ro}\">Room</span></a></li><li><a href=\"Location-Example-LocationArea-789789789789.html\">Generated Summary: status: active; <span title=\"{http://terminology.hl7.org/CodeSystem/v2-0116 O}\">Occupied</span>; name: Servicio hospitalario; alias: Hospitalización; description: Hospital medical care.; mode: kind; <span title=\"Codes: {http://terminology.hl7.org/CodeSystem/v3-RoleCode HU}\">Hospital unit</span>; Phone: +56 12355611; <span title=\"Codes: {http://terminology.hl7.org/CodeSystem/location-physical-type wi}\">Wing</span></a></li></ul><p><b>planningHorizon</b>: 2021-01-01 --&gt; 2021-01-31</p><p><b>comment</b>: FONASA, ISAPRE, CAPREDENA, DIPRECA, SISA</p></div>"
  },
  "extension": [
    {
      "id": "QuotaPatient",
      "url": "https://digitalware-klinic.github.io/fhir/indisa/StructureDefinition-QuotaPatient",
      "valueInteger": 1
    },
    {
      "id": "AvailableTelemedicine",
      "url": "https://digitalware-klinic.github.io/fhir/indisa/StructureDefinition-AvailableTelemedicine",
      "valueBoolean": false
    },
    {
      "id": "SlotsTime",
      "url": "https://digitalware-klinic.github.io/fhir/indisa/StructureDefinition-SlotsTime",
      "valueInteger": 30
    }
  ],
  "identifier": [
    {
      "system": "https://www.digitalware.com.co/salud/fhir/identifiers/agenda-identifiers",
      "value": "403"
    }
  ],
  "active": true,
  "serviceCategory": [
    {
      "text": "Pediatrica"
    }
  ],
  "serviceType": [
    {
      "coding": [
        {
          "system": "http://snomed.info/sct",
          "code": "185316007",
          "display": "encuentro indirecto"
        }
      ]
    },
    {
      "coding": [
        {
          "system": "http://snomed.info/sct",
          "code": "308467007",
          "display": "atendido en establecimiento"
        }
      ]
    }
  ],
  "specialty": [
    {
      "coding": [
        {
          "system": "http://snomed.info/sct",
          "code": "394586005",
          "display": "Ginecologia"
        }
      ]
    }
  ],
  "actor": [
    {
      "reference": "Location/Example-LocationBuilding-7412389635sdf556d"
    },
    {
      "reference": "Location/Example-LocationRoom-1245687952"
    },
    {
      "reference": "Location/Example-LocationArea-789789789789"
    }
  ],
  "planningHorizon": {
    "extension": [
      {
        "id": "HoursOfOperation-1",
        "extension": [
          {
            "id": "day-1",
            "url": "day",
            "valueCode": "mon"
          },
          {
            "id": "startTime-1",
            "url": "startTime",
            "valueTime": "08:00:00"
          },
          {
            "id": "endTime-1",
            "url": "endTime",
            "valueTime": "12:00:00"
          }
        ],
        "url": "https://digitalware-klinic.github.io/fhir/indisa/StructureDefinition-HoursOfOperation"
      },
      {
        "id": "HoursOfOperation-2",
        "extension": [
          {
            "id": "day-2",
            "url": "day",
            "valueCode": "tue"
          },
          {
            "id": "startTime-2",
            "url": "startTime",
            "valueTime": "14:00:00"
          },
          {
            "id": "endTime-2",
            "url": "endTime",
            "valueTime": "16:00:00"
          }
        ],
        "url": "https://digitalware-klinic.github.io/fhir/indisa/StructureDefinition-HoursOfOperation"
      }
    ],
    "start": "2021-01-01",
    "end": "2021-01-31"
  },
  "comment": "FONASA, ISAPRE, CAPREDENA, DIPRECA, SISA"
}