{
  "resourceType": "Schedule",
  "id": "Example-Schedule-d83f2b28",
  "text": {
    "status": "generated",
    "div": "<div xmlns=\"http://www.w3.org/1999/xhtml\"><h1>SEGMENTO NARRATIVO</h1></div>"
  },
  "extension": [
    {
      "id": "quotaPatient",
      "url": "https://www.digitalware.com.co/salud/fhir/StructureDefinition/quota-patients",
      "valueInteger": 1
    },
    {
      "id": "availableTelemedicine",
      "url": "https://www.digitalware.com.co/salud/fhir/StructureDefinition/available-telemedicine",
      "valueBoolean": false
    },
    {
      "id": "slotTime",
      "url": "https://www.digitalware.com.co/salud/fhir/StructureDefinition/slots-time",
      "valueInteger": 30
    }
  ],
  "identifier": [
    {
      "system": "https://www.digitalware.com.co/salud/fhir/identifiers/agenda-identifiers",
      "value": "403"
    }
  ],
  "active": true,
  "serviceCategory": [
    {
      "text": "Pediatrica"
    }
  ],
  "serviceType": [
    {
      "coding": [
        {
          "system": "http://snomed.info/sct",
          "code": "185316007",
          "display": "encuentro indirecto"
        }
      ]
    },
    {
      "coding": [
        {
          "system": "http://snomed.info/sct",
          "code": "308467007",
          "display": "atendido en establecimiento"
        }
      ]
    }
  ],
  "specialty": [
    {
      "coding": [
        {
          "system": "http://snomed.info/sct",
          "code": "394586005",
          "display": "Ginecologia"
        }
      ]
    }
  ],
  "actor": [
    {
      "reference": "Location/Example-LocationBuilding-7412389635sdf556d"
    },
    {
      "reference": "Location/Example-LocationRoom-1245687952"
    },
    {
      "reference": "Location/Example-LocationArea-789789789789"
    }
  ],
  "planningHorizon": {
    "extension": [
      {
        "id": "hoursOfOperation",
        "extension": [
          {
            "id": "day",
            "url": "day",
            "valueCode": "mon"
          },
          {
            "id": "startTime",
            "url": "startTime",
            "valueTime": "08:00:00"
          },
          {
            "id": "endTime",
            "url": "endTime",
            "valueTime": "12:00:00"
          }
        ],
        "url": "https://www.digitalware.com.co/salud/fhir/StrutureDefinition/hours-of-operation"
      },
      {
        "id": "hoursOfOperation",
        "extension": [
          {
            "id": "day",
            "url": "day",
            "valueCode": "tue"
          },
          {
            "id": "startTime",
            "url": "startTime",
            "valueTime": "14:00:00"
          },
          {
            "id": "endTime",
            "url": "endTime",
            "valueTime": "16:00:00"
          }
        ],
        "url": "https://www.digitalware.com.co/salud/fhir/StrutureDefinition/hours-of-operation"
      }
    ],
    "start": "2021-01-01",
    "end": "2021-01-31"
  },
  "comment": "FONASA, ISAPRE, CAPREDENA, DIPRECA, SISA"
}