{
  "resourceType": "ServiceRequest",
  "id": "Example-ServiceRequest-4948f6ad",
  "text": {
    "status": "generated",
    "div": "<div xmlns=\"http://www.w3.org/1999/xhtml\"><h1>SEGMENTO NARRATIVO</h1></div>"
  },
  "identifier": [
    {
      "use": "official",
      "system": "https://example.org/servicerequest-identifiers",
      "value": "GN3456"
    },
    {
      "use": "secondary",
      "system": "https://example.org/servicerequest-authorization-identifiers",
      "value": "AUT8954"
    }
  ],
  "replaces": [
    {
      "reference": "ServiceRequest/Example-ServiceRequest-5437326r"
    }
  ],
  "status": "active",
  "intent": "order",
  "category": [
    {
      "coding": [
        {
          "system": "http://snomed.info/sct",
          "code": "386053000",
          "display": "procedimiento de evaluación"
        }
      ]
    }
  ],
  "priority": "routine",
  "code": {
    "coding": [
      {
        "system": "http://digitalware.com.co/salud/fhir/CodeSystem/codes-fonasa",
        "code": "34552344",
        "display": "Endoscopia nivel I"
      },
      {
        "system": "http://snomed.info/sct",
        "code": "423827005",
        "display": "endoscopia"
      }
    ]
  },
  "orderDetail": [
    {
      "coding": [
        {
          "system": "http://snomed.info/sct",
          "code": "6470007",
          "display": "laparoamnioscopia"
        }
      ]
    }
  ],
  "quantityQuantity": {
    "value": 1
  },
  "subject": {
    "reference": "Patient/Example-Patient-87356d0d"
  },
  "encounter": {
    "reference": "Encounter/Example-Encounter-963b1515"
  },
  "authoredOn": "2021-02-21T07:30:00-05:00",
  "requester": {
    "reference": "Practitioner/Example-Practitioner-09709es9d"
  },
  "reasonCode": [
    {
      "coding": [
        {
          "system": "http://snomed.info/sct",
          "code": "2989004",
          "display": "Complicación después de un embarazo molar Y / o ectópico"
        }
      ]
    }
  ],
  "reasonReference": [
    {
      "reference": "Condition/Example-Condition-4869c"
    }
  ],
  "insurance": [
    {
      "reference": "Coverage/Example-Coverage-fa7a571e"
    }
  ],
  "bodySite": [
    {
      "coding": [
        {
          "system": "http://snomed.info/sct",
          "code": "9258009",
          "display": "Útero grávido"
        }
      ]
    }
  ],
  "note": [
    {
      "text": "fasting procedure"
    },
    {
      "text": "procedure requires prior preparation"
    },
    {
      "text": "procedure requires anesthesia"
    }
  ]
}