{
  "resourceType": "ServiceRequest",
  "id": "Example-ServiceRequest-Laboratory-6745g6at",
  "text": {
    "status": "generated",
    "div": "<div xmlns=\"http://www.w3.org/1999/xhtml\"><h1>SEGMENTO NARRATIVO</h1></div>"
  },
  "identifier": [
    {
      "use": "official",
      "system": "https://example.org/servicerequest-identifiers",
      "value": "LB8976"
    }
  ],
  "replaces": [
    {
      "reference": "ServiceRequest/Example-ServiceRequest-54376545r"
    }
  ],
  "requisition": {
    "value": "LB7834"
  },
  "status": "active",
  "intent": "order",
  "category": [
    {
      "coding": [
        {
          "system": "http://snomed.info/sct",
          "code": "108252007",
          "display": "procedimiento de laboratorio"
        }
      ]
    }
  ],
  "priority": "routine",
  "code": {
    "coding": [
      {
        "system": "http://snomed.info/sct",
        "code": "733830002",
        "display": "hemoglobina glucosilada A1c"
      },
      {
        "system": "http://digitalware.com.co/salud/fhir/CodeSystem/codes-fonasa",
        "code": "301041",
        "display": "HEMOGLOBINA GLICADA A1C"
      }
    ]
  },
  "quantityQuantity": {
    "value": 1
  },
  "subject": {
    "reference": "Patient/Example-Patient-87356d0d"
  },
  "encounter": {
    "reference": "Encounter/Example-Encounter-963b1515"
  },
  "authoredOn": "2021-02-21T07:30:00-05:00",
  "requester": {
    "reference": "Practitioner/Example-Practitioner-09709es9d"
  },
  "reasonCode": [
    {
      "coding": [
        {
          "system": "http://snomed.info/sct",
          "code": "4307007",
          "display": "Diabetes mellitus pregestacional Y / O intolerancia a la glucosa, clase blanca F modificada"
        }
      ]
    }
  ],
  "reasonReference": [
    {
      "reference": "Condition/Example-Condition-4567c"
    }
  ],
  "insurance": [
    {
      "reference": "Coverage/Example-Coverage-fa7a571e"
    }
  ],
  "note": [
    {
      "text": "Patient with full preparation."
    }
  ]
}