{
  "resourceType": "ServiceRequest",
  "id": "Example-ServiceRequest-Imaging-87878hdim",
  "text": {
    "status": "generated",
    "div": "<div xmlns=\"http://www.w3.org/1999/xhtml\"><p><b>Generated Narrative</b></p><p><b>identifier</b>: id: IM989775 (OFFICIAL), id: AUTI45454 (SECONDARY)</p><p><b>status</b>: active</p><p><b>intent</b>: order</p><p><b>category</b>: <span title=\"Codes: {http://snomed.info/sct 363679005}, {http://snomed.info/sct 363272006}\">Imagen</span></p><p><b>priority</b>: routine</p><p><b>code</b>: <span title=\"Codes: {http://snomed.info/sct 11634002}, {https://digitalware-klinic.github.io/fhir/indisa/CodeSystem-CodesFonasa 0401062}\">radiografía diagnóstica, imágenes en decúbito supino y en bipedestación</span></p><p><b>quantity</b>: 1</p><p><b>subject</b>: <a href=\"Patient-Example-Patient-87356d0d.html\">Generated Summary: National Person Identifier Chile: 347827348 (OFFICIAL), Medical Record Number: HC-6ef0a6d7 (USUAL); active; Maria Victoria null (OFFICIAL), Maria Jake(NICKNAME); Phone: +56(2)1111-1111, Phone: +56(2)2222-2222, jjmaria@example.com; gender: female; birthDate: 1975-08-14; <span title=\"Codes: {http://terminology.hl7.org/CodeSystem/v3-MaritalStatus M}\">Married</span></a></p><p><b>encounter</b>: <a href=\"Encounter-Example-Encounter-963b1515.html\">Generated Summary: id: 12334556 (OFFICIAL); status: finished; <span title=\"{http://terminology.hl7.org/CodeSystem/v3-ActCode AMB}\">ambulatory</span>; <span title=\"Codes: {http://terminology.hl7.org/CodeSystem/service-type 349}\">General Practitioner</span>; <span title=\"Codes: {http://terminology.hl7.org/CodeSystem/v3-ActPriority R}\">routine</span>; period: 21/01/2021, 7:00:00 a. m. --&gt; 21/01/2021, 7:30:00 a. m.; <span title=\"Codes: {http://snomed.info/sct 257006}\">Acne rosacea</span></a></p><p><b>occurrence</b>: 25/02/2021, 9:30:00 a. m. --&gt; 25/02/2021, 10:00:00 a. m.</p><p><b>authoredOn</b>: 21/02/2021, 7:30:00 a. m.</p><p><b>requester</b>: <a href=\"Practitioner-Example-Practitioner-4343433d.html\">Generated Summary: National Person Identifier Chile: 34343434ap (OFFICIAL); active; Julian Andres null (OFFICIAL); Phone: +56(2)1111-1111, Phone: +56(2)2222-2222, rsjulian@example.com; gender: male; birthDate: 1989-03-10</a></p><p><b>reasonCode</b>: <span title=\"Codes: {http://snomed.info/sct 58150001}\">fractura de clavícula (trastorno)</span></p><p><b>reasonReference</b>: <a href=\"Condition/Example-Condition-4553323c\">Condition/Example-Condition-4553323c</a></p><p><b>insurance</b>: <a href=\"Coverage-Example-Coverage-fa7a571e.html\">Generated Summary: status: active; <span title=\"Codes: {http://terminology.hl7.org/CodeSystem/v3-ActCode EHCPOL}, {https://digitalware-klinic.github.io/fhir/indisa/CodeSystem-CoveragesTypeCl 02}\">extended healthcare</span>; <span title=\"Codes: {http://terminology.hl7.org/CodeSystem/subscriber-relationship self}\">Self</span></a></p><p><b>bodySite</b>: <span title=\"Codes: {http://snomed.info/sct 720616002}\">estructura ósea de clavícula derecha (estructura corporal)</span></p><p><b>note</b>: fasting procedure, procedure requires prior preparation</p></div>"
  },
  "identifier": [
    {
      "use": "official",
      "system": "https://example.org/servicerequest-identifiers",
      "value": "IM989775"
    },
    {
      "use": "secondary",
      "system": "https://example.org/servicerequest-authorization-identifiers",
      "value": "AUTI45454"
    }
  ],
  "status": "active",
  "intent": "order",
  "category": [
    {
      "coding": [
        {
          "system": "http://snomed.info/sct",
          "code": "363679005",
          "display": "Imagen"
        },
        {
          "system": "http://snomed.info/sct",
          "code": "363272006",
          "display": "imágenes radiológicas, incidencias y posiciones especiales"
        }
      ]
    }
  ],
  "priority": "routine",
  "code": {
    "coding": [
      {
        "system": "http://snomed.info/sct",
        "code": "11634002",
        "display": "radiografía diagnóstica, imágenes en decúbito supino y en bipedestación"
      },
      {
        "system": "https://digitalware-klinic.github.io/fhir/indisa/CodeSystem-CodesFonasa",
        "code": "0401062",
        "display": "Radiografía de Proyecciones especiales oblicuas u otras en hombro, brazo,\r\n            codo, rodilla, rótulas, sesamoideos, axial de ambas rótulas o similares"
      }
    ]
  },
  "quantityQuantity": {
    "value": 1
  },
  "subject": {
    "reference": "Patient/Example-Patient-87356d0d"
  },
  "encounter": {
    "reference": "Encounter/Example-Encounter-963b1515"
  },
  "occurrencePeriod": {
    "start": "2021-02-25T09:30:00-05:00",
    "end": "2021-02-25T10:00:00-05:00"
  },
  "authoredOn": "2021-02-21T07:30:00-05:00",
  "requester": {
    "reference": "Practitioner/Example-Practitioner-4343433d"
  },
  "reasonCode": [
    {
      "coding": [
        {
          "system": "http://snomed.info/sct",
          "code": "58150001",
          "display": "fractura de clavícula (trastorno)"
        }
      ]
    }
  ],
  "reasonReference": [
    {
      "reference": "Condition/Example-Condition-4553323c"
    }
  ],
  "insurance": [
    {
      "reference": "Coverage/Example-Coverage-fa7a571e"
    }
  ],
  "bodySite": [
    {
      "coding": [
        {
          "system": "http://snomed.info/sct",
          "code": "720616002",
          "display": "estructura ósea de clavícula derecha (estructura corporal)"
        }
      ]
    }
  ],
  "note": [
    {
      "text": "fasting procedure"
    },
    {
      "text": "procedure requires prior preparation"
    }
  ]
}