{
  "resourceType": "ServiceRequest",
  "id": "Example-ServiceRequest-Laboratory-7856f89ad",
  "text": {
    "status": "generated",
    "div": "<div xmlns=\"http://www.w3.org/1999/xhtml\"><p><b>Generated Narrative</b></p><p><b>identifier</b>: id: LB8978 (OFFICIAL)</p><p><b>replaces</b>: <a href=\"ServiceRequest/Example-ServiceRequest-7876655r\">ServiceRequest/Example-ServiceRequest-7876655r</a></p><p><b>requisition</b>: id: LB7834</p><p><b>status</b>: active</p><p><b>intent</b>: order</p><p><b>category</b>: <span title=\"Codes: {http://snomed.info/sct 108252007}\">procedimiento de laboratorio</span></p><p><b>priority</b>: routine</p><p><b>code</b>: <span title=\"Codes: {http://snomed.info/sct 39334004}, {https://digitalware-klinic.github.io/fhir/indisa/CodeSystem-CodesFonasa 306026}\">antibiograma, concentración inhibitoria mínima (CIM)</span></p><p><b>quantity</b>: 1</p><p><b>subject</b>: <a href=\"Patient-Example-Patient-87356d0d.html\">Generated Summary: National Person Identifier Chile: 347827348 (OFFICIAL), Medical Record Number: HC-6ef0a6d7 (USUAL); active; Maria Victoria null (OFFICIAL), Maria Jake(NICKNAME); Phone: +56(2)1111-1111, Phone: +56(2)2222-2222, jjmaria@example.com; gender: female; birthDate: 1975-08-14; <span title=\"Codes: {http://terminology.hl7.org/CodeSystem/v3-MaritalStatus M}\">Married</span></a></p><p><b>encounter</b>: <a href=\"Encounter-Example-Encounter-963b1515.html\">Generated Summary: id: 12334556 (OFFICIAL); status: finished; <span title=\"{http://terminology.hl7.org/CodeSystem/v3-ActCode AMB}\">ambulatory</span>; <span title=\"Codes: {http://terminology.hl7.org/CodeSystem/service-type 349}\">General Practitioner</span>; <span title=\"Codes: {http://terminology.hl7.org/CodeSystem/v3-ActPriority R}\">routine</span>; period: Jan 21, 2021 7:00:00 AM --&gt; Jan 21, 2021 7:30:00 AM; <span title=\"Codes: {http://snomed.info/sct 257006}\">Acne rosacea</span></a></p><p><b>authoredOn</b>: Feb 21, 2021 7:30:00 AM</p><p><b>requester</b>: <a href=\"Practitioner-Example-Practitioner-09709es9d.html\">Generated Summary: National Person Identifier Chile: 8596788ap (OFFICIAL); active; Sebastian Camilo null (OFFICIAL); Phone: +56(2)1111-1111, Phone: +56(2)2222-2222, dbsebastian@example.com; gender: male; birthDate: 1989-03-10</a></p><p><b>reasonCode</b>: <span title=\"Codes: {http://snomed.info/sct 2634004}\">Disminución del volumen de eritrocitos en sangre.</span></p><p><b>reasonReference</b>: <a href=\"Condition/Example-Condition-4869c\">Condition/Example-Condition-4869c</a></p><p><b>insurance</b>: <a href=\"Coverage-Example-Coverage-fa7a571e.html\">Generated Summary: status: active; <span title=\"Codes: {http://terminology.hl7.org/CodeSystem/v3-ActCode EHCPOL}, {https://digitalware-klinic.github.io/fhir/indisa/CodeSystem-CoveragesTypeCl 02}\">extended healthcare</span>; <span title=\"Codes: {http://terminology.hl7.org/CodeSystem/subscriber-relationship self}\">Self</span></a></p><p><b>note</b>: Patient with full preparation.</p></div>"
  },
  "identifier": [
    {
      "use": "official",
      "system": "https://example.org/servicerequest-identifiers",
      "value": "LB8978"
    }
  ],
  "replaces": [
    {
      "reference": "ServiceRequest/Example-ServiceRequest-7876655r"
    }
  ],
  "requisition": {
    "value": "LB7834"
  },
  "status": "active",
  "intent": "order",
  "category": [
    {
      "coding": [
        {
          "system": "http://snomed.info/sct",
          "code": "108252007",
          "display": "procedimiento de laboratorio"
        }
      ]
    }
  ],
  "priority": "routine",
  "code": {
    "coding": [
      {
        "system": "http://snomed.info/sct",
        "code": "39334004",
        "display": "antibiograma, concentración inhibitoria mínima (CIM)"
      },
      {
        "system": "https://digitalware-klinic.github.io/fhir/indisa/CodeSystem-CodesFonasa",
        "code": "306026",
        "display": "Antibiograma"
      }
    ]
  },
  "quantityQuantity": {
    "value": 1
  },
  "subject": {
    "reference": "Patient/Example-Patient-87356d0d"
  },
  "encounter": {
    "reference": "Encounter/Example-Encounter-963b1515"
  },
  "authoredOn": "2021-02-21T07:30:00-05:00",
  "requester": {
    "reference": "Practitioner/Example-Practitioner-09709es9d"
  },
  "reasonCode": [
    {
      "coding": [
        {
          "system": "http://snomed.info/sct",
          "code": "2634004",
          "display": "Disminución del volumen de eritrocitos en sangre."
        }
      ]
    }
  ],
  "reasonReference": [
    {
      "reference": "Condition/Example-Condition-4869c"
    }
  ],
  "insurance": [
    {
      "reference": "Coverage/Example-Coverage-fa7a571e"
    }
  ],
  "note": [
    {
      "text": "Patient with full preparation."
    }
  ]
}