{
  "resourceType": "ServiceRequest",
  "id": "Example-ServiceRequest-Laboratory-5688g6ay",
  "text": {
    "status": "generated",
    "div": "<div xmlns=\"http://www.w3.org/1999/xhtml\"><h1>SEGMENTO NARRATIVO</h1></div>"
  },
  "identifier": [
    {
      "use": "official",
      "system": "https://example.org/servicerequest-identifiers",
      "value": "LB5667"
    }
  ],
  "replaces": [
    {
      "reference": "ServiceRequest/Example-ServiceRequest-5437578r"
    }
  ],
  "requisition": {
    "value": "LB7834"
  },
  "status": "active",
  "intent": "order",
  "category": [
    {
      "coding": [
        {
          "system": "http://snomed.info/sct",
          "code": "708194008",
          "display": "servicio de banco de sangre"
        }
      ]
    }
  ],
  "priority": "routine",
  "code": {
    "coding": [
      {
        "system": "http://snomed.info/sct",
        "code": "1240461000000109",
        "display": "medición de anticuerpos anti-coronavirus 2 del síndrome respiratorio agudo severo"
      },
      {
        "system": "http://digitalware.com.co/salud/fhir/CodeSystem/codes-fonasa",
        "code": "0306069",
        "display": "ANTICUERPOS ANTI COVID-19. IGG-DONANTE PLASMA"
      }
    ]
  },
  "quantityQuantity": {
    "value": 1
  },
  "subject": {
    "reference": "Patient/Example-Patient-87356d0d"
  },
  "encounter": {
    "reference": "Encounter/Example-Encounter-963b1515"
  },
  "authoredOn": "2021-02-21T07:30:00-05:00",
  "requester": {
    "reference": "Practitioner/Example-Practitioner-09709es9d"
  },
  "reasonCode": [
    {
      "coding": [
        {
          "system": "http://snomed.info/sct",
          "code": "252314007",
          "display": "prueba de transfusión sanguínea"
        }
      ]
    }
  ],
  "reasonReference": [
    {
      "reference": "Condition/Example-Condition-4645c"
    }
  ],
  "insurance": [
    {
      "reference": "Coverage/Example-Coverage-fa7a571e"
    }
  ],
  "note": [
    {
      "text": "Patient with full preparation."
    }
  ]
}