{
  "resourceType": "Slot",
  "id": "Example-Slot-f261cf86",
  "text": {
    "status": "generated",
    "div": "<div xmlns=\"http://www.w3.org/1999/xhtml\"><p><b>Generated Narrative</b></p><p><b>serviceCategory</b>: <span title=\"Codes: {http://terminology.hl7.org/CodeSystem/service-category 35}\">Hospital</span></p><p><b>serviceType</b>: <span title=\"Codes: {http://snomed.info/sct 308467007}\">atendido en establecimiento</span></p><p><b>specialty</b>: <span title=\"Codes: {http://snomed.info/sct 394586005}\">Gynecology</span></p><p><b>appointmentType</b>: <span title=\"Codes: {http://terminology.hl7.org/CodeSystem/v2-0276 ROUTINE}\">Routine appointment</span></p><p><b>schedule</b>: <a href=\"Schedule-Example-Schedule-d83f2b28.html\">Generated Summary: id: 403; active; <span title=\"Codes: \">Pediatrica</span>; <span title=\"Codes: {http://snomed.info/sct 185316007}\">encuentro indirecto</span>, <span title=\"Codes: {http://snomed.info/sct 308467007}\">atendido en establecimiento</span>; <span title=\"Codes: {http://snomed.info/sct 394586005}\">Ginecologia</span>; planningHorizon: 2021-01-01 --&gt; 2021-01-31; comment: FONASA, ISAPRE, CAPREDENA, DIPRECA, SISA</a></p><p><b>status</b>: free</p><p><b>start</b>: Jan 20, 2021 8:00:00 AM</p><p><b>end</b>: Jan 20, 2021 8:30:00 AM</p><p><b>overbooked</b>: false</p><p><b>comment</b>: Not served on weekends</p></div>"
  },
  "serviceCategory": [
    {
      "coding": [
        {
          "system": "http://terminology.hl7.org/CodeSystem/service-category",
          "code": "35",
          "display": "Hospital"
        }
      ]
    }
  ],
  "serviceType": [
    {
      "coding": [
        {
          "system": "http://snomed.info/sct",
          "code": "308467007",
          "display": "atendido en establecimiento"
        }
      ]
    }
  ],
  "specialty": [
    {
      "coding": [
        {
          "system": "http://snomed.info/sct",
          "code": "394586005",
          "display": "Gynecology"
        }
      ]
    }
  ],
  "appointmentType": {
    "coding": [
      {
        "system": "http://terminology.hl7.org/CodeSystem/v2-0276",
        "code": "ROUTINE",
        "display": "Routine appointment"
      }
    ]
  },
  "schedule": {
    "reference": "Schedule/Example-Schedule-d83f2b28"
  },
  "status": "free",
  "start": "2021-01-20T08:00:00-05:00",
  "end": "2021-01-20T08:30:00-05:00",
  "overbooked": false,
  "comment": "Not served on weekends"
}