{
  "resourceType": "Slot",
  "id": "Example-Slot-f261cf86",
  "text": {
    "status": "generated",
    "div": "<div xmlns=\"http://www.w3.org/1999/xhtml\"><h1>SEGMENTO NARRATIVO</h1></div>"
  },
  "serviceType": [
    {
      "coding": [
        {
          "system": "http://hl7.org/fhir/ValueSet/service-type",
          "code": "186",
          "display": "Obstetrics and Gynaecology"
        }
      ]
    }
  ],
  "specialty": [
    {
      "coding": [
        {
          "system": "http://hl7.org/fhir/ValueSet/c80-practice-codes",
          "code": "394586005",
          "display": "Gynecology"
        }
      ]
    }
  ],
  "appointmentType": {
    "coding": [
      {
        "system": "http://terminology.hl7.org/CodeSystem/v2-0276",
        "code": "ROUTINE",
        "display": "Routine appointment"
      }
    ]
  },
  "schedule": {
    "reference": "Schedule/Example-Schedule-d83f2b28"
  },
  "status": "free",
  "start": "2021-01-20T08:00:00-05:00",
  "end": "2021-01-20T08:30:00-05:00",
  "overbooked": false,
  "comment": "Not served on weekends"
}