{
  "resourceType": "Specimen",
  "id": "Example-Specimen-Blood-56789856d",
  "text": {
    "status": "generated",
    "div": "<div xmlns=\"http://www.w3.org/1999/xhtml\"><p><b>Generated Narrative</b></p><p><b>identifier</b>: id: SPC4680 (USUAL)</p><p><b>accessionIdentifier</b>: id: SPCLB4680-1 (USUAL)</p><p><b>status</b>: available</p><p><b>type</b>: <span title=\"Codes: {http://terminology.hl7.org/CodeSystem/v2-0487 BLD}\">Sangre pura</span></p><p><b>subject</b>: <a href=\"Patient-Example-Patient-87356d0d.html\">Generated Summary: National Person Identifier Chile: 347827348 (OFFICIAL), Medical Record Number: HC-6ef0a6d7 (USUAL); active; Maria Victoria null (OFFICIAL), Maria Jake(NICKNAME); Phone: +56(2)1111-1111, Phone: +56(2)2222-2222, jjmaria@example.com; gender: female; birthDate: 1975-08-14; <span title=\"Codes: {http://terminology.hl7.org/CodeSystem/v3-MaritalStatus M}\">Married</span></a></p><p><b>receivedTime</b>: Feb 25, 2021 9:45:00 AM</p><p><b>request</b>: <a href=\"ServiceRequest-Example-ServiceRequest-Laboratory-6745g6at.html\">Generated Summary: id: LB8976 (OFFICIAL); id: LB7834; status: active; intent: order; <span title=\"Codes: {http://snomed.info/sct 108252007}\">procedimiento de laboratorio</span>; priority: routine; <span title=\"Codes: {http://snomed.info/sct 733830002}, {https://digitalware-klinic.github.io/fhir/indisa/CodeSystem-CodesFonasa 301041}\">hemoglobina glucosilada A1c</span>; 1; authoredOn: Feb 21, 2021 7:30:00 AM; <span title=\"Codes: {http://snomed.info/sct 4307007}\">Diabetes mellitus pregestacional Y / O intolerancia a la glucosa, clase blanca F modificada</span>; Patient with full preparation.</a></p><h3>Collections</h3><table class=\"grid\"><tr><td>-</td><td><b>Collected[x]</b></td><td><b>Quantity</b></td><td><b>Method</b></td></tr><tr><td>*</td><td>Feb 25, 2021 9:30:00 AM</td><td>20 ml</td><td><span title=\"Codes: {http://snomed.info/sct 129300006}\">Puncture - action</span></td></tr></table><h3>Containers</h3><table class=\"grid\"><tr><td>-</td><td><b>Identifier</b></td><td><b>Type</b></td><td><b>Additive[x]</b></td></tr><tr><td>*</td><td>id: SPCLB4680-1 (USUAL)</td><td><span title=\"Codes: {http://snomed.info/sct 706049005}\">Blood tube</span></td><td><span title=\"Codes: {http://terminology.hl7.org/CodeSystem/v2-0371 EDTK}\">Potassium/K EDTA</span></td></tr></table><p><b>condition</b>: <span title=\"Codes: {http://terminology.hl7.org/CodeSystem/v2-0493 CFU}\">Centrifugado</span></p><p><b>note</b>: Muestra en condiciones normales.</p></div>"
  },
  "identifier": [
    {
      "use": "usual",
      "system": "https://example.org/specimen-identifiers",
      "value": "SPC4680"
    }
  ],
  "accessionIdentifier": {
    "use": "usual",
    "system": "https://example.org/specimenlab-identifiers",
    "value": "SPCLB4680-1"
  },
  "status": "available",
  "type": {
    "coding": [
      {
        "system": "http://terminology.hl7.org/CodeSystem/v2-0487",
        "code": "BLD",
        "display": "Sangre pura"
      }
    ]
  },
  "subject": {
    "reference": "Patient/Example-Patient-87356d0d"
  },
  "receivedTime": "2021-02-25T09:45:00-05:00",
  "request": [
    {
      "reference": "ServiceRequest/Example-ServiceRequest-Laboratory-6745g6at"
    }
  ],
  "collection": {
    "collectedDateTime": "2021-02-25T09:30:00-05:00",
    "quantity": {
      "value": 20,
      "unit": "ml"
    },
    "method": {
      "coding": [
        {
          "system": "http://snomed.info/sct",
          "code": "129300006",
          "display": "Puncture - action"
        }
      ]
    }
  },
  "container": [
    {
      "identifier": [
        {
          "use": "usual",
          "system": "https://laboratoryXX.org/specimen-identifiers",
          "value": "SPCLB4680-1"
        }
      ],
      "type": {
        "coding": [
          {
            "system": "http://snomed.info/sct",
            "code": "706049005",
            "display": "Blood tube"
          }
        ]
      },
      "additiveCodeableConcept": {
        "coding": [
          {
            "system": "http://terminology.hl7.org/CodeSystem/v2-0371",
            "code": "EDTK",
            "display": "Potassium/K EDTA"
          }
        ]
      }
    }
  ],
  "condition": [
    {
      "coding": [
        {
          "system": "http://terminology.hl7.org/CodeSystem/v2-0493",
          "code": "CFU",
          "display": "Centrifugado"
        }
      ]
    }
  ],
  "note": [
    {
      "text": "Muestra en condiciones normales."
    }
  ]
}