<?xml version="1.0" encoding="UTF-8"?><CodeSystem xmlns="http://hl7.org/fhir"><id value="RatesModalityINDISA"/><text><status value="generated"/><div xmlns="http://www.w3.org/1999/xhtml"><p>This code system https://digitalware-klinic.github.io/fhir/indisa/CodeSystem-RatesModalityINDISA defines the following codes:</p><table class="codes"><tr><td style="white-space:nowrap"><b>Code</b></td><td><b>Display</b></td><td><b>Definition</b></td></tr><tr><td style="white-space:nowrap">OPEN<a name="RatesModalityINDISA-OPEN"> </a></td><td>Abierta</td><td>Please. Request a description of this concept from INDISA.</td></tr><tr><td style="white-space:nowrap">FREE<a name="RatesModalityINDISA-FREE"> </a></td><td>Libre elección</td><td>Please. Request a description of this concept from INDISA.</td></tr><tr><td style="white-space:nowrap">CLOSED<a name="RatesModalityINDISA-CLOSED"> </a></td><td>Cerrada</td><td>Please. Request a description of this concept from INDISA.</td></tr><tr><td style="white-space:nowrap">PREFERRED<a name="RatesModalityINDISA-PREFERRED"> </a></td><td>Preferente</td><td>Please. Request a description of this concept from INDISA.</td></tr><tr><td style="white-space:nowrap">GES-CAEC<a name="RatesModalityINDISA-GES-CAEC"> </a></td><td>GES-CAEC</td><td>Please. Request a description of this concept from INDISA.</td></tr></table></div></text><url value="https://digitalware-klinic.github.io/fhir/indisa/CodeSystem-RatesModalityINDISA"/><version value="1.0"/><name value="RatesModalityINDISA"/><status value="active"/><experimental value="false"/><date value="2021-02-11"/><publisher value="DigitalWare S.A. - Klinic-HIS"/><contact><telecom><system value="url"/><value value="https://www.digitalware.com.co"/></telecom></contact><description value="This is a coding system that contains the rate modality codes for the interoperability scenario of INDISA (Chile)."/><caseSensitive value="true"/><content value="complete"/><count value="5"/><concept><code value="OPEN"/><display value="Abierta"/><definition value="Please. Request a description of this concept from INDISA."/></concept><concept><code value="FREE"/><display value="Libre elecci&#xF3;n"/><definition value="Please. Request a description of this concept from INDISA."/></concept><concept><code value="CLOSED"/><display value="Cerrada"/><definition value="Please. Request a description of this concept from INDISA."/></concept><concept><code value="PREFERRED"/><display value="Preferente"/><definition value="Please. Request a description of this concept from INDISA."/></concept><concept><code value="GES-CAEC"/><display value="GES-CAEC"/><definition value="Please. Request a description of this concept from INDISA."/></concept></CodeSystem>