<?xml version="1.0" encoding="UTF-8"?><CodeSystem xmlns="http://hl7.org/fhir"><id value="ISAPRES"/><text><status value="generated"/><div xmlns="http://www.w3.org/1999/xhtml"><p>This code system https://digitalware-klinic.github.io/fhir/indisa/CodeSystem-ISAPRES defines the following codes:</p><table class="codes"><tr><td style="white-space:nowrap"><b>Code</b></td><td><b>Display</b></td><td><b>Definition</b></td></tr><tr><td style="white-space:nowrap">ec20<a name="ISAPRES-ec20"> </a></td><td>Banmédica</td><td>Please. Request a description of this concept from INDISA.</td></tr><tr><td style="white-space:nowrap">c870<a name="ISAPRES-c870"> </a></td><td>Chuquicamata</td><td>Please. Request a description of this concept from INDISA.</td></tr><tr><td style="white-space:nowrap">b25c<a name="ISAPRES-b25c"> </a></td><td>Colmena Golden Cross</td><td>Please. Request a description of this concept from INDISA.</td></tr><tr><td style="white-space:nowrap">3e99<a name="ISAPRES-3e99"> </a></td><td>Consalud</td><td>Please. Request a description of this concept from INDISA.</td></tr><tr><td style="white-space:nowrap">db2d<a name="ISAPRES-db2d"> </a></td><td>Cruz Blanca</td><td>Please. Request a description of this concept from INDISA.</td></tr><tr><td style="white-space:nowrap">fcb3<a name="ISAPRES-fcb3"> </a></td><td>Cruz del Norte</td><td>Please. Request a description of this concept from INDISA.</td></tr><tr><td style="white-space:nowrap">43eb<a name="ISAPRES-43eb"> </a></td><td>Nueva Masvida</td><td>Please. Request a description of this concept from INDISA.</td></tr><tr><td style="white-space:nowrap">745d<a name="ISAPRES-745d"> </a></td><td>Fundación</td><td>Please. Request a description of this concept from INDISA.</td></tr><tr><td style="white-space:nowrap">05ea<a name="ISAPRES-05ea"> </a></td><td>Río Blanco</td><td>Please. Request a description of this concept from INDISA.</td></tr><tr><td style="white-space:nowrap">406b<a name="ISAPRES-406b"> </a></td><td>San Lorenzo</td><td>Please. Request a description of this concept from INDISA.</td></tr><tr><td style="white-space:nowrap">9a65<a name="ISAPRES-9a65"> </a></td><td>Vida Tres</td><td>Please. Request a description of this concept from INDISA.</td></tr></table></div></text><url value="https://digitalware-klinic.github.io/fhir/indisa/CodeSystem-ISAPRES"/><version value="1.0"/><name value="ISAPRES"/><status value="active"/><experimental value="false"/><date value="2021-02-11"/><publisher value="DigitalWare S.A. - Klinic-HIS"/><contact><telecom><system value="url"/><value value="https://www.digitalware.com.co"/></telecom></contact><description value="This is a coding system that contains the insurance organizations classified in ISAPRES.."/><caseSensitive value="true"/><content value="complete"/><concept><code value="ec20"/><display value="Banm&#xE9;dica"/><definition value="Please. Request a description of this concept from INDISA."/></concept><concept><code value="c870"/><display value="Chuquicamata"/><definition value="Please. Request a description of this concept from INDISA."/></concept><concept><code value="b25c"/><display value="Colmena Golden Cross"/><definition value="Please. Request a description of this concept from INDISA."/></concept><concept><code value="3e99"/><display value="Consalud"/><definition value="Please. Request a description of this concept from INDISA."/></concept><concept><code value="db2d"/><display value="Cruz Blanca"/><definition value="Please. Request a description of this concept from INDISA."/></concept><concept><code value="fcb3"/><display value="Cruz del Norte"/><definition value="Please. Request a description of this concept from INDISA."/></concept><concept><code value="43eb"/><display value="Nueva Masvida"/><definition value="Please. Request a description of this concept from INDISA."/></concept><concept><code value="745d"/><display value="Fundaci&#xF3;n"/><definition value="Please. Request a description of this concept from INDISA."/></concept><concept><code value="05ea"/><display value="R&#xED;o Blanco"/><definition value="Please. Request a description of this concept from INDISA."/></concept><concept><code value="406b"/><display value="San Lorenzo"/><definition value="Please. Request a description of this concept from INDISA."/></concept><concept><code value="9a65"/><display value="Vida Tres"/><definition value="Please. Request a description of this concept from INDISA."/></concept></CodeSystem>