<?xml version="1.0" encoding="UTF-8"?><CodeSystem xmlns="http://hl7.org/fhir"><id value="EducationalLevelChile"/><text><status value="generated"/><div xmlns="http://www.w3.org/1999/xhtml"><p>This code system https://digitalware-klinic.github.io/fhir/indisa/CodeSystem-EducationalLevelChile defines the following codes:</p><table class="codes"><tr><td style="white-space:nowrap"><b>Code</b></td><td><b>Display</b></td><td><b>Definition</b></td></tr><tr><td style="white-space:nowrap">01<a name="EducationalLevelChile-01"> </a></td><td>PREBASICA</td><td>Sala Cuna, Jadín Infantil Pre-kinder, Kinder</td></tr><tr><td style="white-space:nowrap">02<a name="EducationalLevelChile-02"> </a></td><td>BASICA</td><td>Primaria o Preparatoria</td></tr></table></div></text><url value="https://digitalware-klinic.github.io/fhir/indisa/CodeSystem-EducationalLevelChile"/><version value="1.0"/><name value="EducationalLevelChile"/><title value="Nivel Educativo Chile"/><status value="active"/><date value="2021-02-04"/><publisher value="DigitalWare S.A. - Klinic-HIS"/><contact><name value="Juan Manuel Contreras Hernandez"/><telecom><system value="email"/><value value="juanch@digitalware.com.co"/><use value="work"/></telecom></contact><contact><name value="Diana Rodriguez Suarez"/><telecom><system value="email"/><value value="dianaro@digitalware.com.co"/><use value="work"/></telecom></contact><contact><name value="Daniel Felipe Castro Romero"/><telecom><system value="email"/><value value="danielc@digitalware.com.co"/><use value="work"/></telecom></contact><contact><name value="Eduardo Felipe Solis Hernandez"/><telecom><system value="email"/><value value="felipesh@digitalware.com.co"/><use value="work"/></telecom></contact><contact><name value="Mario Enrique Cort&#xE9;s M"/><telecom><system value="email"/><value value="mario.cortes@hl7co.org"/><use value="work"/></telecom></contact><content value="complete"/><concept><code value="01"/><display value="PREBASICA"/><definition value="Sala Cuna, Jad&#xED;n Infantil Pre-kinder, Kinder"/></concept><concept><code value="02"/><display value="BASICA"/><definition value="Primaria o Preparatoria"/></concept></CodeSystem>