<?xml version="1.0" encoding="UTF-8"?><ImplementationGuide xmlns="http://hl7.org/fhir"><id value="fhir.digital-ware.klinic-api-fhir"/><text><status value="extensions"/><div xmlns="http://www.w3.org/1999/xhtml"><h2>klinicapifhir</h2><p>The official URL for this implementation guide is: </p><pre>https://digitalware-klinic.github.io/fhir/indisa/ImplementationGuide/fhir.digital-ware.klinic-api-fhir</pre><div><p>FHIR implementation guide for Klinic API FHIR (Klinic-HIS) interoperability scenarios, edited by DigitalWare S.A.</p>
</div></div></text><url value="https://digitalware-klinic.github.io/fhir/indisa/ImplementationGuide/fhir.digital-ware.klinic-api-fhir"/><version value="1.0"/><name value="klinicapifhir"/><title value="Klinic API FHIR Implementation Guide: IG Release 1 - Digital Ware S.A."/><status value="active"/><date value="2021-02-16T22:23:11-05:00"/><publisher value="DigitalWare S.A. - Klinic-HIS"/><description value="FHIR implementation guide for Klinic API FHIR (Klinic-HIS) interoperability scenarios, edited by DigitalWare S.A."/><packageId value="fhir.digital-ware.klinic-api-fhir"/><license value="CC0-1.0"/><fhirVersion value="4.0.1"/><definition><extension url="http://hl7.org/fhir/tools/StructureDefinition/ig-parameter"><extension url="code"><valueString value="copyrightyear"/></extension><extension url="value"><valueString value="2021+"/></extension></extension><extension url="http://hl7.org/fhir/tools/StructureDefinition/ig-parameter"><extension url="code"><valueString value="releaselabel"/></extension><extension url="value"><valueString value="trial-use"/></extension></extension><extension url="http://hl7.org/fhir/tools/StructureDefinition/ig-parameter"><extension url="code"><valueString value="path-liquid"/></extension><extension url="value"><valueString value="template/liquid"/></extension></extension><extension url="http://hl7.org/fhir/tools/StructureDefinition/ig-parameter"><extension url="code"><valueString value="path-liquid"/></extension><extension url="value"><valueString value="input/liquid"/></extension></extension><extension url="http://hl7.org/fhir/tools/StructureDefinition/ig-parameter"><extension url="code"><valueString value="path-qa"/></extension><extension url="value"><valueString value="temp/qa"/></extension></extension><extension url="http://hl7.org/fhir/tools/StructureDefinition/ig-parameter"><extension url="code"><valueString value="path-temp"/></extension><extension url="value"><valueString value="temp/pages"/></extension></extension><extension url="http://hl7.org/fhir/tools/StructureDefinition/ig-parameter"><extension url="code"><valueString value="path-output"/></extension><extension url="value"><valueString value="output"/></extension></extension><extension url="http://hl7.org/fhir/tools/StructureDefinition/ig-parameter"><extension url="code"><valueString value="path-suppressed-warnings"/></extension><extension url="value"><valueString value="input/ignoreWarnings.txt"/></extension></extension><extension url="http://hl7.org/fhir/tools/StructureDefinition/ig-parameter"><extension url="code"><valueString value="path-history"/></extension><extension url="value"><valueString value="https://digitalware-klinic.github.io/fhir/indisa/history.html"/></extension></extension><extension url="http://hl7.org/fhir/tools/StructureDefinition/ig-parameter"><extension url="code"><valueString value="template-html"/></extension><extension url="value"><valueString value="template-page.html"/></extension></extension><extension url="http://hl7.org/fhir/tools/StructureDefinition/ig-parameter"><extension url="code"><valueString value="template-md"/></extension><extension url="value"><valueString value="template-page-md.html"/></extension></extension><extension url="http://hl7.org/fhir/tools/StructureDefinition/ig-parameter"><extension url="code"><valueString value="apply-contact"/></extension><extension url="value"><valueString value="true"/></extension></extension><extension url="http://hl7.org/fhir/tools/StructureDefinition/ig-parameter"><extension url="code"><valueString value="apply-context"/></extension><extension url="value"><valueString value="true"/></extension></extension><extension url="http://hl7.org/fhir/tools/StructureDefinition/ig-parameter"><extension url="code"><valueString value="apply-copyright"/></extension><extension url="value"><valueString value="true"/></extension></extension><extension url="http://hl7.org/fhir/tools/StructureDefinition/ig-parameter"><extension url="code"><valueString value="apply-jurisdiction"/></extension><extension url="value"><valueString value="true"/></extension></extension><extension url="http://hl7.org/fhir/tools/StructureDefinition/ig-parameter"><extension url="code"><valueString value="apply-license"/></extension><extension url="value"><valueString value="true"/></extension></extension><extension url="http://hl7.org/fhir/tools/StructureDefinition/ig-parameter"><extension url="code"><valueString value="apply-publisher"/></extension><extension url="value"><valueString value="true"/></extension></extension><extension url="http://hl7.org/fhir/tools/StructureDefinition/ig-parameter"><extension url="code"><valueString value="apply-version"/></extension><extension url="value"><valueString value="true"/></extension></extension><extension url="http://hl7.org/fhir/tools/StructureDefinition/ig-parameter"><extension url="code"><valueString value="active-tables"/></extension><extension url="value"><valueString value="true"/></extension></extension><grouping id="_str_profile"><name value="Structures: Resource Profiles"/><description value="These define constraints on FHIR resources for systems conforming to this implementation guide"/></grouping><grouping id="_str_extension"><name value="Structures: Extension Definitions"/><description value="These define constraints on FHIR data types for systems conforming to this implementation guide"/></grouping><grouping id="_term_codesystem"><name value="Terminology: Code Systems"/><description value="These define new code systems used by systems conforming to this implementation guide"/></grouping><grouping id="_ex_example"><name value="Example: Example Instances"/><description value="These are example instances that show what data produced and consumed by systems conforming with this implementation guide might look like"/></grouping><resource><extension url="http://hl7.org/fhir/StructureDefinition/implementationguide-page"><valueUri value="StructureDefinition-LocationAreaKlinic.html"/></extension><reference><reference value="StructureDefinition/LocationAreaKlinic"/></reference><name value="LocationAreaKlinic"/><exampleBoolean value="false"/><groupingId value="_str_profile"/></resource><resource><extension url="http://hl7.org/fhir/StructureDefinition/implementationguide-page"><valueUri value="StructureDefinition-LocationBedKlinic.html"/></extension><reference><reference value="StructureDefinition/LocationBedKlinic"/></reference><name value="LocationBedKlinic"/><exampleBoolean value="false"/><groupingId value="_str_profile"/></resource><resource><extension url="http://hl7.org/fhir/StructureDefinition/implementationguide-page"><valueUri value="StructureDefinition-LocationBuildingKlinic.html"/></extension><reference><reference value="StructureDefinition/LocationBuildingKlinic"/></reference><name value="LocationBuildingKlinic"/><exampleBoolean value="false"/><groupingId value="_str_profile"/></resource><resource><extension url="http://hl7.org/fhir/StructureDefinition/implementationguide-page"><valueUri value="StructureDefinition-LocationFunctionalUnitKlinic.html"/></extension><reference><reference value="StructureDefinition/LocationFunctionalUnitKlinic"/></reference><name value="LocationFunctionalUnitKlinic"/><exampleBoolean value="false"/><groupingId value="_str_profile"/></resource><resource><extension url="http://hl7.org/fhir/StructureDefinition/implementationguide-page"><valueUri value="StructureDefinition-LocationRoomKlinic.html"/></extension><reference><reference value="StructureDefinition/LocationRoomKlinic"/></reference><name value="LocationRoomKlinic"/><exampleBoolean value="false"/><groupingId value="_str_profile"/></resource><resource><extension url="http://hl7.org/fhir/StructureDefinition/implementationguide-page"><valueUri value="StructureDefinition-OrganizationHealthcareProvider.html"/></extension><reference><reference value="StructureDefinition/OrganizationHealthcareProvider"/></reference><name value="OrganizationHealthcareProvider"/><exampleBoolean value="false"/><groupingId value="_str_profile"/></resource><resource><extension url="http://hl7.org/fhir/StructureDefinition/implementationguide-page"><valueUri value="StructureDefinition-PractitionerKlinic.html"/></extension><reference><reference value="StructureDefinition/PractitionerKlinic"/></reference><name value="PractitionerKlinic"/><exampleBoolean value="false"/><groupingId value="_str_profile"/></resource><resource><extension url="http://hl7.org/fhir/StructureDefinition/implementationguide-page"><valueUri value="StructureDefinition-ProfileAccountKlinic.html"/></extension><reference><reference value="StructureDefinition/ProfileAccountKlinic"/></reference><name value="Account"/><description value="Account patient"/><exampleBoolean value="false"/><groupingId value="_str_profile"/></resource><resource><extension url="http://hl7.org/fhir/StructureDefinition/implementationguide-page"><valueUri value="StructureDefinition-ProfileAppointment.html"/></extension><reference><reference value="StructureDefinition/ProfileAppointment"/></reference><name value="ProfileAppointment"/><exampleBoolean value="false"/><groupingId value="_str_profile"/></resource><resource><extension url="http://hl7.org/fhir/StructureDefinition/implementationguide-page"><valueUri value="StructureDefinition-ProfileCoverageKlinic.html"/></extension><reference><reference value="StructureDefinition/ProfileCoverageKlinic"/></reference><name value="Coverage patient"/><description value="patient&#39;s health coverage policy."/><exampleBoolean value="false"/><groupingId value="_str_profile"/></resource><resource><extension url="http://hl7.org/fhir/StructureDefinition/implementationguide-page"><valueUri value="StructureDefinition-ProfileEncounterKlinic.html"/></extension><reference><reference value="StructureDefinition/ProfileEncounterKlinic"/></reference><name value="Encounter"/><description value="Encounter of Patient."/><exampleBoolean value="false"/><groupingId value="_str_profile"/></resource><resource><extension url="http://hl7.org/fhir/StructureDefinition/implementationguide-page"><valueUri value="StructureDefinition-ProfileHealthcareService.html"/></extension><reference><reference value="StructureDefinition/ProfileHealthcareService"/></reference><name value="HealthcareService"/><exampleBoolean value="false"/><groupingId value="_str_profile"/></resource><resource><extension url="http://hl7.org/fhir/StructureDefinition/implementationguide-page"><valueUri value="StructureDefinition-ProfilePatientKlinic.html"/></extension><reference><reference value="StructureDefinition/ProfilePatientKlinic"/></reference><name value="Patient"/><description value="HL7 FHIR profile for Patient resource refined for Klinic API FHIR context."/><exampleBoolean value="false"/><groupingId value="_str_profile"/></resource><resource><extension url="http://hl7.org/fhir/StructureDefinition/implementationguide-page"><valueUri value="StructureDefinition-ProfileSchedule.html"/></extension><reference><reference value="StructureDefinition/ProfileSchedule"/></reference><name value="Schedule patient"/><description value="Schedule patient"/><exampleBoolean value="false"/><groupingId value="_str_profile"/></resource><resource><extension url="http://hl7.org/fhir/StructureDefinition/implementationguide-page"><valueUri value="StructureDefinition-SlotKlinic.html"/></extension><reference><reference value="StructureDefinition/SlotKlinic"/></reference><name value="SlotKlinic"/><exampleBoolean value="false"/><groupingId value="_str_profile"/></resource><resource><extension url="http://hl7.org/fhir/StructureDefinition/implementationguide-page"><valueUri value="StructureDefinition-AccountAmount.html"/></extension><reference><reference value="StructureDefinition/AccountAmount"/></reference><name value="Account Amount"/><exampleBoolean value="false"/><groupingId value="_str_extension"/></resource><resource><extension url="http://hl7.org/fhir/StructureDefinition/implementationguide-page"><valueUri value="StructureDefinition-AvailableTelemedicine.html"/></extension><reference><reference value="StructureDefinition/AvailableTelemedicine"/></reference><name value="Admite telemedicina:"/><exampleBoolean value="false"/><groupingId value="_str_extension"/></resource><resource><extension url="http://hl7.org/fhir/StructureDefinition/implementationguide-page"><valueUri value="StructureDefinition-BedWithOxygen.html"/></extension><reference><reference value="StructureDefinition/BedWithOxygen"/></reference><name value="BedWithOxygen"/><description value="Indicator if a bed has oxygen or not"/><exampleBoolean value="false"/><groupingId value="_str_extension"/></resource><resource><extension url="http://hl7.org/fhir/StructureDefinition/implementationguide-page"><valueUri value="StructureDefinition-BirthPlace.html"/></extension><reference><reference value="StructureDefinition/BirthPlace"/></reference><name value="Lugar de nacimiento"/><description value="Localizacon geografica de nacimiento del paciente."/><exampleBoolean value="false"/><groupingId value="_str_extension"/></resource><resource><extension url="http://hl7.org/fhir/StructureDefinition/implementationguide-page"><valueUri value="StructureDefinition-BonusAmount.html"/></extension><reference><reference value="StructureDefinition/BonusAmount"/></reference><name value="Bonus Amount"/><description value="Bonus amount"/><exampleBoolean value="false"/><groupingId value="_str_extension"/></resource><resource><extension url="http://hl7.org/fhir/StructureDefinition/implementationguide-page"><valueUri value="StructureDefinition-CancelationDateTime.html"/></extension><reference><reference value="StructureDefinition/CancelationDateTime"/></reference><name value="Fecha/Hora cancelacion cita"/><description value="Cancellation of the appointment."/><exampleBoolean value="false"/><groupingId value="_str_extension"/></resource><resource><extension url="http://hl7.org/fhir/StructureDefinition/implementationguide-page"><valueUri value="StructureDefinition-CancelationSanction.html"/></extension><reference><reference value="StructureDefinition/CancelationSanction"/></reference><name value="Sancion cancelacion cita"/><description value="Penalty for cancellation of appointment."/><exampleBoolean value="false"/><groupingId value="_str_extension"/></resource><resource><extension url="http://hl7.org/fhir/StructureDefinition/implementationguide-page"><valueUri value="StructureDefinition-Census.html"/></extension><reference><reference value="StructureDefinition/Census"/></reference><name value="Census"/><description value="Census bed indicator"/><exampleBoolean value="false"/><groupingId value="_str_extension"/></resource><resource><extension url="http://hl7.org/fhir/StructureDefinition/implementationguide-page"><valueUri value="StructureDefinition-ChargeBed.html"/></extension><reference><reference value="StructureDefinition/ChargeBed"/></reference><name value="ChargeBed"/><description value="Indicator if a bed was charged or not"/><exampleBoolean value="false"/><groupingId value="_str_extension"/></resource><resource><extension url="http://hl7.org/fhir/StructureDefinition/implementationguide-page"><valueUri value="StructureDefinition-ClinicalDischargeType.html"/></extension><reference><reference value="StructureDefinition/ClinicalDischargeType"/></reference><name value="Clinical discharge type"/><description value="Clinical discharge type"/><exampleBoolean value="false"/><groupingId value="_str_extension"/></resource><resource><extension url="http://hl7.org/fhir/StructureDefinition/implementationguide-page"><valueUri value="StructureDefinition-consultationsAmount.html"/></extension><reference><reference value="StructureDefinition/consultationsAmount"/></reference><name value="Consultations Amount"/><description value="Consultations amount"/><exampleBoolean value="false"/><groupingId value="_str_extension"/></resource><resource><extension url="http://hl7.org/fhir/StructureDefinition/implementationguide-page"><valueUri value="StructureDefinition-copaymentAmount.html"/></extension><reference><reference value="StructureDefinition/copaymentAmount"/></reference><name value="Copayment Amount"/><description value="Copayment amount"/><exampleBoolean value="false"/><groupingId value="_str_extension"/></resource><resource><extension url="http://hl7.org/fhir/StructureDefinition/implementationguide-page"><valueUri value="StructureDefinition-Disability.html"/></extension><reference><reference value="StructureDefinition/Disability"/></reference><name value="Discapacidad del paciente"/><description value="Discapacidad del paciente."/><exampleBoolean value="false"/><groupingId value="_str_extension"/></resource><resource><extension url="http://hl7.org/fhir/StructureDefinition/implementationguide-page"><valueUri value="StructureDefinition-EducationalLevel.html"/></extension><reference><reference value="StructureDefinition/EducationalLevel"/></reference><name value="Nivel educativo paciente"/><description value="Nivel de educacion del paciente"/><exampleBoolean value="false"/><groupingId value="_str_extension"/></resource><resource><extension url="http://hl7.org/fhir/StructureDefinition/implementationguide-page"><valueUri value="StructureDefinition-EmployerOrganization.html"/></extension><reference><reference value="StructureDefinition/EmployerOrganization"/></reference><name value="Empresa paciente"/><description value="Empresa donde labora el paciente"/><exampleBoolean value="false"/><groupingId value="_str_extension"/></resource><resource><extension url="http://hl7.org/fhir/StructureDefinition/implementationguide-page"><valueUri value="StructureDefinition-Fathersfamily.html"/></extension><reference><reference value="StructureDefinition/Fathersfamily"/></reference><name value="Primer Apellido del profesional de salud"/><description value="Primer apellido del profesional de salud."/><exampleBoolean value="false"/><groupingId value="_str_extension"/></resource><resource><extension url="http://hl7.org/fhir/StructureDefinition/implementationguide-page"><valueUri value="StructureDefinition-GenderIdentity.html"/></extension><reference><reference value="StructureDefinition/GenderIdentity"/></reference><name value="Identidad de genero"/><description value="Genero con el cual el paciente se identifica."/><exampleBoolean value="false"/><groupingId value="_str_extension"/></resource><resource><extension url="http://hl7.org/fhir/StructureDefinition/implementationguide-page"><valueUri value="StructureDefinition-hoursOfOperation.html"/></extension><reference><reference value="StructureDefinition/hoursOfOperation"/></reference><name value="HoursOfOperation"/><exampleBoolean value="false"/><groupingId value="_str_extension"/></resource><resource><extension url="http://hl7.org/fhir/StructureDefinition/implementationguide-page"><valueUri value="StructureDefinition-IdExpeditionPlace.html"/></extension><reference><reference value="StructureDefinition/IdExpeditionPlace"/></reference><name value="Lugar expedicion identificacion paciente"/><description value="Lugar expedicion identificacion paciente"/><exampleBoolean value="false"/><groupingId value="_str_extension"/></resource><resource><extension url="http://hl7.org/fhir/StructureDefinition/implementationguide-page"><valueUri value="StructureDefinition-MedicalFeesKlinic.html"/></extension><reference><reference value="StructureDefinition/MedicalFeesKlinic"/></reference><name value="Medical Fees"/><description value="Medical fees"/><exampleBoolean value="false"/><groupingId value="_str_extension"/></resource><resource><extension url="http://hl7.org/fhir/StructureDefinition/implementationguide-page"><valueUri value="StructureDefinition-medicationAmount.html"/></extension><reference><reference value="StructureDefinition/medicationAmount"/></reference><name value="Medication Amount"/><description value="Medication amount"/><exampleBoolean value="false"/><groupingId value="_str_extension"/></resource><resource><extension url="http://hl7.org/fhir/StructureDefinition/implementationguide-page"><valueUri value="StructureDefinition-Mothersfamily.html"/></extension><reference><reference value="StructureDefinition/Mothersfamily"/></reference><name value="Segundo apellido del profesional de salud"/><description value="Segundo apellido del profesional de salud."/><exampleBoolean value="false"/><groupingId value="_str_extension"/></resource><resource><extension url="http://hl7.org/fhir/StructureDefinition/implementationguide-page"><valueUri value="StructureDefinition-MultipleOccupation.html"/></extension><reference><reference value="StructureDefinition/MultipleOccupation"/></reference><name value="MultipleOccupation"/><description value="Describes whether a location admits multiple patients or professionals"/><exampleBoolean value="false"/><groupingId value="_str_extension"/></resource><resource><extension url="http://hl7.org/fhir/StructureDefinition/implementationguide-page"><valueUri value="StructureDefinition-Nationality.html"/></extension><reference><reference value="StructureDefinition/Nationality"/></reference><name value="Nacionalidad del paciente"/><description value="Nacionalidad del paciente."/><exampleBoolean value="false"/><groupingId value="_str_extension"/></resource><resource><extension url="http://hl7.org/fhir/StructureDefinition/implementationguide-page"><valueUri value="StructureDefinition-NewBorn.html"/></extension><reference><reference value="StructureDefinition/NewBorn"/></reference><name value="Recien Nacido"/><description value="Extension que permite registrar si el paciente es o no un recien nacido."/><exampleBoolean value="false"/><groupingId value="_str_extension"/></resource><resource><extension url="http://hl7.org/fhir/StructureDefinition/implementationguide-page"><valueUri value="StructureDefinition-Ocupation.html"/></extension><reference><reference value="StructureDefinition/Ocupation"/></reference><name value="Ocupacion del paciente"/><description value="Ocupacion del paciente"/><exampleBoolean value="false"/><groupingId value="_str_extension"/></resource><resource><extension url="http://hl7.org/fhir/StructureDefinition/implementationguide-page"><valueUri value="StructureDefinition-OrganizationName.html"/></extension><reference><reference value="StructureDefinition/OrganizationName"/></reference><name value="OrganizationName"/><description value="Empresa del paciente"/><exampleBoolean value="false"/><groupingId value="_str_extension"/></resource><resource><extension url="http://hl7.org/fhir/StructureDefinition/implementationguide-page"><valueUri value="StructureDefinition-OrganizationTelecom.html"/></extension><reference><reference value="StructureDefinition/OrganizationTelecom"/></reference><name value="Telefono empresa paciente"/><description value="Telefono contacto empresa del paciente"/><exampleBoolean value="false"/><groupingId value="_str_extension"/></resource><resource><extension url="http://hl7.org/fhir/StructureDefinition/implementationguide-page"><valueUri value="StructureDefinition-PatientEthnicity.html"/></extension><reference><reference value="StructureDefinition/PatientEthnicity"/></reference><name value="Grupo etnico paciente"/><description value="Grupo etnico del paciente."/><exampleBoolean value="false"/><groupingId value="_str_extension"/></resource><resource><extension url="http://hl7.org/fhir/StructureDefinition/implementationguide-page"><valueUri value="StructureDefinition-PatientPopulationGroup.html"/></extension><reference><reference value="StructureDefinition/PatientPopulationGroup"/></reference><name value="Grupo pobacional paciente"/><description value="Grupo poblacional al que pertenece el paciente."/><exampleBoolean value="false"/><groupingId value="_str_extension"/></resource><resource><extension url="http://hl7.org/fhir/StructureDefinition/implementationguide-page"><valueUri value="StructureDefinition-Personid.html"/></extension><reference><reference value="StructureDefinition/Personid"/></reference><name value="Identificacion del paciente"/><description value="Identificacion del paciente."/><exampleBoolean value="false"/><groupingId value="_str_extension"/></resource><resource><extension url="http://hl7.org/fhir/StructureDefinition/implementationguide-page"><valueUri value="StructureDefinition-QuotaPatient.html"/></extension><reference><reference value="StructureDefinition/QuotaPatient"/></reference><name value="Cupo pacientes:"/><exampleBoolean value="false"/><groupingId value="_str_extension"/></resource><resource><extension url="http://hl7.org/fhir/StructureDefinition/implementationguide-page"><valueUri value="StructureDefinition-RateModality.html"/></extension><reference><reference value="StructureDefinition/RateModality"/></reference><name value="Rate modality"/><description value="Rate modality"/><exampleBoolean value="false"/><groupingId value="_str_extension"/></resource><resource><extension url="http://hl7.org/fhir/StructureDefinition/implementationguide-page"><valueUri value="StructureDefinition-RegionalLocationIdentifier.html"/></extension><reference><reference value="StructureDefinition/RegionalLocationIdentifier"/></reference><name value="Identificador regional"/><exampleBoolean value="false"/><groupingId value="_str_extension"/></resource><resource><extension url="http://hl7.org/fhir/StructureDefinition/implementationguide-page"><valueUri value="StructureDefinition-Religion.html"/></extension><reference><reference value="StructureDefinition/Religion"/></reference><name value="Religion"/><description value="Religion patient."/><exampleBoolean value="false"/><groupingId value="_str_extension"/></resource><resource><extension url="http://hl7.org/fhir/StructureDefinition/implementationguide-page"><valueUri value="StructureDefinition-ServicePartOf.html"/></extension><reference><reference value="StructureDefinition/ServicePartOf"/></reference><name value="Subservicio"/><exampleBoolean value="false"/><groupingId value="_str_extension"/></resource><resource><extension url="http://hl7.org/fhir/StructureDefinition/implementationguide-page"><valueUri value="StructureDefinition-suppliesAmount.html"/></extension><reference><reference value="StructureDefinition/suppliesAmount"/></reference><name value="Supplies Amount"/><description value="Supplies amount"/><exampleBoolean value="false"/><groupingId value="_str_extension"/></resource><resource><extension url="http://hl7.org/fhir/StructureDefinition/implementationguide-page"><valueUri value="StructureDefinition-VirtualBed.html"/></extension><reference><reference value="StructureDefinition/VirtualBed"/></reference><name value="VirtualBed"/><description value="Indicator if a bed is virtual or not"/><exampleBoolean value="false"/><groupingId value="_str_extension"/></resource><resource><extension url="http://hl7.org/fhir/StructureDefinition/implementationguide-page"><valueUri value="Account-Example-Account-6f674e96.html"/></extension><reference><reference value="Account/Example-Account-6f674e96"/></reference><name value="Example-Account-6f674e96"/><description value="Cuenta referente a las atenciones del paciente en el ambito ambulatorio."/><exampleBoolean value="true"/><groupingId value="_ex_example"/></resource><resource><extension url="http://hl7.org/fhir/StructureDefinition/implementationguide-page"><valueUri value="Appointment-Example-Appointment-05c86b7b-4fad.html"/></extension><reference><reference value="Appointment/Example-Appointment-05c86b7b-4fad"/></reference><name value="Example-Appointment-05c86b7b-4fad"/><exampleBoolean value="true"/><groupingId value="_ex_example"/></resource><resource><extension url="http://hl7.org/fhir/StructureDefinition/implementationguide-page"><valueUri value="Appointment-Example-Appointment-05c86b7b-5drg.html"/></extension><reference><reference value="Appointment/Example-Appointment-05c86b7b-5drg"/></reference><name value="Example-Appointment-05c86b7b-5drg"/><exampleBoolean value="true"/><groupingId value="_ex_example"/></resource><resource><extension url="http://hl7.org/fhir/StructureDefinition/implementationguide-page"><valueUri value="Coverage-Example-Coverage-fa7a571e.html"/></extension><reference><reference value="Coverage/Example-Coverage-fa7a571e"/></reference><name value="Example-Coverage-fa7a571e"/><exampleBoolean value="true"/><groupingId value="_ex_example"/></resource><resource><extension url="http://hl7.org/fhir/StructureDefinition/implementationguide-page"><valueUri value="Coverage-Example-Coverage-fa7a589f.html"/></extension><reference><reference value="Coverage/Example-Coverage-fa7a589f"/></reference><name value="Example-Coverage-fa7a589f"/><exampleBoolean value="true"/><groupingId value="_ex_example"/></resource><resource><extension url="http://hl7.org/fhir/StructureDefinition/implementationguide-page"><valueUri value="Encounter-Example-Encounter-963b1515.html"/></extension><reference><reference value="Encounter/Example-Encounter-963b1515"/></reference><name value="Example-Encounter-963b1515"/><exampleBoolean value="true"/><groupingId value="_ex_example"/></resource><resource><extension url="http://hl7.org/fhir/StructureDefinition/implementationguide-page"><valueUri value="Encounter-Example-Encounter-963y1945.html"/></extension><reference><reference value="Encounter/Example-Encounter-963y1945"/></reference><name value="Example-Encounter-963y1945"/><exampleBoolean value="true"/><groupingId value="_ex_example"/></resource><resource><extension url="http://hl7.org/fhir/StructureDefinition/implementationguide-page"><valueUri value="HealthcareService-Example-HealthcareService-20ede331.html"/></extension><reference><reference value="HealthcareService/Example-HealthcareService-20ede331"/></reference><name value="Example-HealthcareService-20ede331"/><exampleBoolean value="true"/><groupingId value="_ex_example"/></resource><resource><extension url="http://hl7.org/fhir/StructureDefinition/implementationguide-page"><valueUri value="Location-Example-Laboratory-51654689466d55.html"/></extension><reference><reference value="Location/Example-Laboratory-51654689466d55"/></reference><name value="Example-Laboratory-51654689466d55"/><description value="Blood component laboratory."/><exampleBoolean value="true"/><groupingId value="_ex_example"/></resource><resource><extension url="http://hl7.org/fhir/StructureDefinition/implementationguide-page"><valueUri value="Location-Example-LocationArea-789789789789.html"/></extension><reference><reference value="Location/Example-LocationArea-789789789789"/></reference><name value="Example-LocationArea-789789789789"/><description value="Hospital medical care."/><exampleBoolean value="true"/><groupingId value="_ex_example"/></resource><resource><extension url="http://hl7.org/fhir/StructureDefinition/implementationguide-page"><valueUri value="Location-Example-LocationBed-7819819819bn915.html"/></extension><reference><reference value="Location/Example-LocationBed-7819819819bn915"/></reference><name value="Example-LocationBed-7819819819bn915"/><description value="Patient bed."/><exampleBoolean value="true"/><groupingId value="_ex_example"/></resource><resource><extension url="http://hl7.org/fhir/StructureDefinition/implementationguide-page"><valueUri value="Location-Example-LocationBuilding-7412389635sdf556.html"/></extension><reference><reference value="Location/Example-LocationBuilding-7412389635sdf556"/></reference><name value="Example-LocationBuilding-7412389635sdf556"/><description value="Clinic and emergencies"/><exampleBoolean value="true"/><groupingId value="_ex_example"/></resource><resource><extension url="http://hl7.org/fhir/StructureDefinition/implementationguide-page"><valueUri value="Location-Example-LocationFuncionalUnit-16558949sf878498.html"/></extension><reference><reference value="Location/Example-LocationFuncionalUnit-16558949sf878498"/></reference><name value="Example-LocationFuncionalUnit-16558949sf878498"/><description value="blood component laboratory / emergency pharmacy"/><exampleBoolean value="true"/><groupingId value="_ex_example"/></resource><resource><extension url="http://hl7.org/fhir/StructureDefinition/implementationguide-page"><valueUri value="Location-Example-LocationLocalUnit-789789789789.html"/></extension><reference><reference value="Location/Example-LocationLocalUnit-789789789789"/></reference><name value="Example-LocationLocalUnit-789789789789"/><description value="Hospital medical care."/><exampleBoolean value="true"/><groupingId value="_ex_example"/></resource><resource><extension url="http://hl7.org/fhir/StructureDefinition/implementationguide-page"><valueUri value="Location-Example-LocationRoom-1245687952.html"/></extension><reference><reference value="Location/Example-LocationRoom-1245687952"/></reference><name value="Example-LocationRoom-1245687952"/><description value="Hospitalization room."/><exampleBoolean value="true"/><groupingId value="_ex_example"/></resource><resource><extension url="http://hl7.org/fhir/StructureDefinition/implementationguide-page"><valueUri value="Location-Example-OperatingRoom-ads51ds5d145212ds.html"/></extension><reference><reference value="Location/Example-OperatingRoom-ads51ds5d145212ds"/></reference><name value="Example-OperatingRoom-ads51ds5d145212ds"/><description value="Minor procedure operating room."/><exampleBoolean value="true"/><groupingId value="_ex_example"/></resource><resource><extension url="http://hl7.org/fhir/StructureDefinition/implementationguide-page"><valueUri value="Organization-Example-Organization-213134sd15148f.html"/></extension><reference><reference value="Organization/Example-Organization-213134sd15148f"/></reference><name value="Example-Organization-213134sd15148f"/><exampleBoolean value="true"/><groupingId value="_ex_example"/></resource><resource><extension url="http://hl7.org/fhir/StructureDefinition/implementationguide-page"><valueUri value="Organization-Example-Organization-Payor-2910416f.html"/></extension><reference><reference value="Organization/Example-Organization-Payor-2910416f"/></reference><name value="Example-Organization-Payor-2910416f"/><exampleBoolean value="true"/><groupingId value="_ex_example"/></resource><resource><extension url="http://hl7.org/fhir/StructureDefinition/implementationguide-page"><valueUri value="Patient-Example-Patient-2a6d66d1.html"/></extension><reference><reference value="Patient/Example-Patient-2a6d66d1"/></reference><name value="Example-Patient-2a6d66d1"/><exampleBoolean value="true"/><groupingId value="_ex_example"/></resource><resource><extension url="http://hl7.org/fhir/StructureDefinition/implementationguide-page"><valueUri value="Patient-Example-Patient-87356d0d.html"/></extension><reference><reference value="Patient/Example-Patient-87356d0d"/></reference><name value="Example-Patient-87356d0d"/><exampleBoolean value="true"/><groupingId value="_ex_example"/></resource><resource><extension url="http://hl7.org/fhir/StructureDefinition/implementationguide-page"><valueUri value="Location-Example-Pharmacy-51654689466d55.html"/></extension><reference><reference value="Location/Example-Pharmacy-51654689466d55"/></reference><name value="Example-Pharmacy-51654689466d55"/><description value="Emergency pharmacy."/><exampleBoolean value="true"/><groupingId value="_ex_example"/></resource><resource><extension url="http://hl7.org/fhir/StructureDefinition/implementationguide-page"><valueUri value="Practitioner-Example-Practitioner-09709es9d.html"/></extension><reference><reference value="Practitioner/Example-Practitioner-09709es9d"/></reference><name value="Example-Practitioner-09709es9d"/><exampleBoolean value="true"/><groupingId value="_ex_example"/></resource><resource><extension url="http://hl7.org/fhir/StructureDefinition/implementationguide-page"><valueUri value="PractitionerRole-Example-PractitionerRole-987654321.html"/></extension><reference><reference value="PractitionerRole/Example-PractitionerRole-987654321"/></reference><name value="Example-PractitionerRole-987654321"/><exampleBoolean value="true"/><groupingId value="_ex_example"/></resource><resource><extension url="http://hl7.org/fhir/StructureDefinition/implementationguide-page"><valueUri value="Schedule-Example-Schedule-d83f2b28.html"/></extension><reference><reference value="Schedule/Example-Schedule-d83f2b28"/></reference><name value="Example-Schedule-d83f2b28"/><exampleBoolean value="true"/><groupingId value="_ex_example"/></resource><resource><extension url="http://hl7.org/fhir/StructureDefinition/implementationguide-page"><valueUri value="Slot-Example-Slot-f261cf86.html"/></extension><reference><reference value="Slot/Example-Slot-f261cf86"/></reference><name value="Example-Slot-f261cf86"/><exampleBoolean value="true"/><groupingId value="_ex_example"/></resource><resource><extension url="http://hl7.org/fhir/StructureDefinition/implementationguide-page"><valueUri value="CodeSystem-educationalLevelChile.html"/></extension><reference><reference value="CodeSystem/educationalLevelChile"/></reference><name value="educationalLevelChile"/><exampleBoolean value="false"/><groupingId value="_term_codesystem"/></resource><page><nameUrl value="toc.html"/><title value="Table of Contents"/><generation value="html"/><page><nameUrl value="artifacts.html"/><title value="Artifacts Summary"/><generation value="html"/><page><nameUrl value="StructureDefinition-LocationAreaKlinic.html"/><title value="LocationAreaKlinic"/><generation value="generated"/></page><page><nameUrl value="StructureDefinition-LocationBedKlinic.html"/><title value="LocationBedKlinic"/><generation value="generated"/></page><page><nameUrl value="StructureDefinition-LocationBuildingKlinic.html"/><title value="LocationBuildingKlinic"/><generation value="generated"/></page><page><nameUrl value="StructureDefinition-LocationFunctionalUnitKlinic.html"/><title value="LocationFunctionalUnitKlinic"/><generation value="generated"/></page><page><nameUrl value="StructureDefinition-LocationRoomKlinic.html"/><title value="LocationRoomKlinic"/><generation value="generated"/></page><page><nameUrl value="StructureDefinition-OrganizationHealthcareProvider.html"/><title value="OrganizationHealthcareProvider"/><generation value="generated"/></page><page><nameUrl value="StructureDefinition-PractitionerKlinic.html"/><title value="PractitionerKlinic"/><generation value="generated"/></page><page><nameUrl value="StructureDefinition-ProfileAccountKlinic.html"/><title value="Account"/><generation value="generated"/></page><page><nameUrl value="StructureDefinition-ProfileAppointment.html"/><title value="ProfileAppointment"/><generation value="generated"/></page><page><nameUrl value="StructureDefinition-ProfileCoverageKlinic.html"/><title value="Coverage patient"/><generation value="generated"/></page><page><nameUrl value="StructureDefinition-ProfileEncounterKlinic.html"/><title value="Encounter"/><generation value="generated"/></page><page><nameUrl value="StructureDefinition-ProfileHealthcareService.html"/><title value="HealthcareService"/><generation value="generated"/></page><page><nameUrl value="StructureDefinition-ProfilePatientKlinic.html"/><title value="Patient"/><generation value="generated"/></page><page><nameUrl value="StructureDefinition-ProfileSchedule.html"/><title value="Schedule patient"/><generation value="generated"/></page><page><nameUrl value="StructureDefinition-SlotKlinic.html"/><title value="SlotKlinic"/><generation value="generated"/></page><page><nameUrl value="StructureDefinition-AccountAmount.html"/><title value="Account Amount"/><generation value="generated"/></page><page><nameUrl value="StructureDefinition-AvailableTelemedicine.html"/><title value="Admite telemedicina:"/><generation value="generated"/></page><page><nameUrl value="StructureDefinition-BedWithOxygen.html"/><title value="BedWithOxygen"/><generation value="generated"/></page><page><nameUrl value="StructureDefinition-BirthPlace.html"/><title value="Lugar de nacimiento"/><generation value="generated"/></page><page><nameUrl value="StructureDefinition-BonusAmount.html"/><title value="Bonus Amount"/><generation value="generated"/></page><page><nameUrl value="StructureDefinition-CancelationDateTime.html"/><title value="Fecha/Hora cancelacion cita"/><generation value="generated"/></page><page><nameUrl value="StructureDefinition-CancelationSanction.html"/><title value="Sancion cancelacion cita"/><generation value="generated"/></page><page><nameUrl value="StructureDefinition-Census.html"/><title value="Census"/><generation value="generated"/></page><page><nameUrl value="StructureDefinition-ChargeBed.html"/><title value="ChargeBed"/><generation value="generated"/></page><page><nameUrl value="StructureDefinition-ClinicalDischargeType.html"/><title value="Clinical discharge type"/><generation value="generated"/></page><page><nameUrl value="StructureDefinition-consultationsAmount.html"/><title value="Consultations Amount"/><generation value="generated"/></page><page><nameUrl value="StructureDefinition-copaymentAmount.html"/><title value="Copayment Amount"/><generation value="generated"/></page><page><nameUrl value="StructureDefinition-Disability.html"/><title value="Discapacidad del paciente"/><generation value="generated"/></page><page><nameUrl value="StructureDefinition-EducationalLevel.html"/><title value="Nivel educativo paciente"/><generation value="generated"/></page><page><nameUrl value="StructureDefinition-EmployerOrganization.html"/><title value="Empresa paciente"/><generation value="generated"/></page><page><nameUrl value="StructureDefinition-Fathersfamily.html"/><title value="Primer Apellido del profesional de salud"/><generation value="generated"/></page><page><nameUrl value="StructureDefinition-GenderIdentity.html"/><title value="Identidad de genero"/><generation value="generated"/></page><page><nameUrl value="StructureDefinition-hoursOfOperation.html"/><title value="HoursOfOperation"/><generation value="generated"/></page><page><nameUrl value="StructureDefinition-IdExpeditionPlace.html"/><title value="Lugar expedicion identificacion paciente"/><generation value="generated"/></page><page><nameUrl value="StructureDefinition-MedicalFeesKlinic.html"/><title value="Medical Fees"/><generation value="generated"/></page><page><nameUrl value="StructureDefinition-medicationAmount.html"/><title value="Medication Amount"/><generation value="generated"/></page><page><nameUrl value="StructureDefinition-Mothersfamily.html"/><title value="Segundo apellido del profesional de salud"/><generation value="generated"/></page><page><nameUrl value="StructureDefinition-MultipleOccupation.html"/><title value="MultipleOccupation"/><generation value="generated"/></page><page><nameUrl value="StructureDefinition-Nationality.html"/><title value="Nacionalidad del paciente"/><generation value="generated"/></page><page><nameUrl value="StructureDefinition-NewBorn.html"/><title value="Recien Nacido"/><generation value="generated"/></page><page><nameUrl value="StructureDefinition-Ocupation.html"/><title value="Ocupacion del paciente"/><generation value="generated"/></page><page><nameUrl value="StructureDefinition-OrganizationName.html"/><title value="OrganizationName"/><generation value="generated"/></page><page><nameUrl value="StructureDefinition-OrganizationTelecom.html"/><title value="Telefono empresa paciente"/><generation value="generated"/></page><page><nameUrl value="StructureDefinition-PatientEthnicity.html"/><title value="Grupo etnico paciente"/><generation value="generated"/></page><page><nameUrl value="StructureDefinition-PatientPopulationGroup.html"/><title value="Grupo pobacional paciente"/><generation value="generated"/></page><page><nameUrl value="StructureDefinition-Personid.html"/><title value="Identificacion del paciente"/><generation value="generated"/></page><page><nameUrl value="StructureDefinition-QuotaPatient.html"/><title value="Cupo pacientes:"/><generation value="generated"/></page><page><nameUrl value="StructureDefinition-RateModality.html"/><title value="Rate modality"/><generation value="generated"/></page><page><nameUrl value="StructureDefinition-RegionalLocationIdentifier.html"/><title value="Identificador regional"/><generation value="generated"/></page><page><nameUrl value="StructureDefinition-Religion.html"/><title value="Religion"/><generation value="generated"/></page><page><nameUrl value="StructureDefinition-ServicePartOf.html"/><title value="Subservicio"/><generation value="generated"/></page><page><nameUrl value="StructureDefinition-suppliesAmount.html"/><title value="Supplies Amount"/><generation value="generated"/></page><page><nameUrl value="StructureDefinition-VirtualBed.html"/><title value="VirtualBed"/><generation value="generated"/></page><page><nameUrl value="CodeSystem-educationalLevelChile.html"/><title value="educationalLevelChile"/><generation value="generated"/></page><page><nameUrl value="Account-Example-Account-6f674e96.html"/><title value="Example-Account-6f674e96"/><generation value="generated"/></page><page><nameUrl value="Appointment-Example-Appointment-05c86b7b-4fad.html"/><title value="Example-Appointment-05c86b7b-4fad"/><generation value="generated"/></page><page><nameUrl value="Appointment-Example-Appointment-05c86b7b-5drg.html"/><title value="Example-Appointment-05c86b7b-5drg"/><generation value="generated"/></page><page><nameUrl value="Coverage-Example-Coverage-fa7a571e.html"/><title value="Example-Coverage-fa7a571e"/><generation value="generated"/></page><page><nameUrl value="Coverage-Example-Coverage-fa7a589f.html"/><title value="Example-Coverage-fa7a589f"/><generation value="generated"/></page><page><nameUrl value="Encounter-Example-Encounter-963b1515.html"/><title value="Example-Encounter-963b1515"/><generation value="generated"/></page><page><nameUrl value="Encounter-Example-Encounter-963y1945.html"/><title value="Example-Encounter-963y1945"/><generation value="generated"/></page><page><nameUrl value="HealthcareService-Example-HealthcareService-20ede331.html"/><title value="Example-HealthcareService-20ede331"/><generation value="generated"/></page><page><nameUrl value="Location-Example-Laboratory-51654689466d55.html"/><title value="Example-Laboratory-51654689466d55"/><generation value="generated"/></page><page><nameUrl value="Location-Example-LocationArea-789789789789.html"/><title value="Example-LocationArea-789789789789"/><generation value="generated"/></page><page><nameUrl value="Location-Example-LocationBed-7819819819bn915.html"/><title value="Example-LocationBed-7819819819bn915"/><generation value="generated"/></page><page><nameUrl value="Location-Example-LocationBuilding-7412389635sdf556.html"/><title value="Example-LocationBuilding-7412389635sdf556"/><generation value="generated"/></page><page><nameUrl value="Location-Example-LocationFuncionalUnit-16558949sf878498.html"/><title value="Example-LocationFuncionalUnit-16558949sf878498"/><generation value="generated"/></page><page><nameUrl value="Location-Example-LocationLocalUnit-789789789789.html"/><title value="Example-LocationLocalUnit-789789789789"/><generation value="generated"/></page><page><nameUrl value="Location-Example-LocationRoom-1245687952.html"/><title value="Example-LocationRoom-1245687952"/><generation value="generated"/></page><page><nameUrl value="Location-Example-OperatingRoom-ads51ds5d145212ds.html"/><title value="Example-OperatingRoom-ads51ds5d145212ds"/><generation value="generated"/></page><page><nameUrl value="Organization-Example-Organization-213134sd15148f.html"/><title value="Example-Organization-213134sd15148f"/><generation value="generated"/></page><page><nameUrl value="Organization-Example-Organization-Payor-2910416f.html"/><title value="Example-Organization-Payor-2910416f"/><generation value="generated"/></page><page><nameUrl value="Patient-Example-Patient-2a6d66d1.html"/><title value="Example-Patient-2a6d66d1"/><generation value="generated"/></page><page><nameUrl value="Patient-Example-Patient-87356d0d.html"/><title value="Example-Patient-87356d0d"/><generation value="generated"/></page><page><nameUrl value="Location-Example-Pharmacy-51654689466d55.html"/><title value="Example-Pharmacy-51654689466d55"/><generation value="generated"/></page><page><nameUrl value="Practitioner-Example-Practitioner-09709es9d.html"/><title value="Example-Practitioner-09709es9d"/><generation value="generated"/></page><page><nameUrl value="PractitionerRole-Example-PractitionerRole-987654321.html"/><title value="Example-PractitionerRole-987654321"/><generation value="generated"/></page><page><nameUrl value="Schedule-Example-Schedule-d83f2b28.html"/><title value="Example-Schedule-d83f2b28"/><generation value="generated"/></page><page><nameUrl value="Slot-Example-Slot-f261cf86.html"/><title value="Example-Slot-f261cf86"/><generation value="generated"/></page></page></page><parameter><code value="path-resource"/><value value="input/capabilities"/></parameter><parameter><code value="path-resource"/><value value="input/examples"/></parameter><parameter><code value="path-resource"/><value value="input/extensions"/></parameter><parameter><code value="path-resource"/><value value="input/models"/></parameter><parameter><code value="path-resource"/><value value="input/operations"/></parameter><parameter><code value="path-resource"/><value value="input/profiles"/></parameter><parameter><code value="path-resource"/><value value="input/resources"/></parameter><parameter><code value="path-resource"/><value value="input/vocabulary"/></parameter><parameter><code value="path-resource"/><value value="input/maps"/></parameter><parameter><code value="path-resource"/><value value="input/testing"/></parameter><parameter><code value="path-resource"/><value value="input/history"/></parameter><parameter><code value="path-resource"/><value value="fsh-generated/resources"/></parameter><parameter><code value="path-pages"/><value value="template/config"/></parameter><parameter><code value="path-pages"/><value value="input/images"/></parameter><parameter><code value="path-tx-cache"/><value value="input-cache/txcache"/></parameter></definition></ImplementationGuide>