<?xml version="1.0" encoding="UTF-8"?><ImplementationGuide xmlns="http://hl7.org/fhir"><id value="fhir.digital-ware.klinic-api-fhir"/><text><status value="extensions"/><div xmlns="http://www.w3.org/1999/xhtml"><h2>klinicapifhir</h2><p>The official URL for this implementation guide is: </p><pre>https://digitalware-klinic.github.io/fhir/indisa/ImplementationGuide/fhir.digital-ware.klinic-api-fhir</pre><div><p>FHIR implementation guide for Klinic API FHIR (Klinic-HIS) interoperability scenarios, edited by DigitalWare S.A.</p>
</div></div></text><url value="https://digitalware-klinic.github.io/fhir/indisa/ImplementationGuide/fhir.digital-ware.klinic-api-fhir"/><version value="1.0"/><name value="klinicapifhir"/><title value="Klinic API FHIR Implementation Guide: IG Release 1 - Digital Ware S.A."/><status value="active"/><date value="2021-03-16T11:25:34-05:00"/><publisher value="DigitalWare S.A. - Klinic-HIS"/><contact><name value="Juan Manuel Contreras Hernandez"/><telecom><system value="email"/><value value="juanch@digitalware.com.co"/><use value="work"/></telecom></contact><contact><name value="Diana Rodriguez Suarez"/><telecom><system value="email"/><value value="dianaro@digitalware.com.co"/><use value="work"/></telecom></contact><contact><name value="Daniel Felipe Castro Romero"/><telecom><system value="email"/><value value="danielc@digitalware.com.co"/><use value="work"/></telecom></contact><contact><name value="Eduardo Felipe Solis Hernandez"/><telecom><system value="email"/><value value="felipesh@digitalware.com.co"/><use value="work"/></telecom></contact><contact><name value="Mario Enrique Cort&#xE9;s M"/><telecom><system value="email"/><value value="mario.cortes@hl7co.org"/><use value="work"/></telecom></contact><description value="FHIR implementation guide for Klinic API FHIR (Klinic-HIS) interoperability scenarios, edited by DigitalWare S.A."/><packageId value="fhir.digital-ware.klinic-api-fhir"/><license value="CC0-1.0"/><fhirVersion value="4.0.1"/><definition><extension url="http://hl7.org/fhir/tools/StructureDefinition/ig-parameter"><extension url="code"><valueString value="copyrightyear"/></extension><extension url="value"><valueString value="2021+"/></extension></extension><extension url="http://hl7.org/fhir/tools/StructureDefinition/ig-parameter"><extension url="code"><valueString value="releaselabel"/></extension><extension url="value"><valueString value="trial-use"/></extension></extension><extension url="http://hl7.org/fhir/tools/StructureDefinition/ig-parameter"><extension url="code"><valueString value="path-liquid"/></extension><extension url="value"><valueString value="template/liquid"/></extension></extension><extension url="http://hl7.org/fhir/tools/StructureDefinition/ig-parameter"><extension url="code"><valueString value="path-liquid"/></extension><extension url="value"><valueString value="input/liquid"/></extension></extension><extension url="http://hl7.org/fhir/tools/StructureDefinition/ig-parameter"><extension url="code"><valueString value="path-qa"/></extension><extension url="value"><valueString value="temp/qa"/></extension></extension><extension url="http://hl7.org/fhir/tools/StructureDefinition/ig-parameter"><extension url="code"><valueString value="path-temp"/></extension><extension url="value"><valueString value="temp/pages"/></extension></extension><extension url="http://hl7.org/fhir/tools/StructureDefinition/ig-parameter"><extension url="code"><valueString value="path-output"/></extension><extension url="value"><valueString value="output"/></extension></extension><extension url="http://hl7.org/fhir/tools/StructureDefinition/ig-parameter"><extension url="code"><valueString value="path-suppressed-warnings"/></extension><extension url="value"><valueString value="input/ignoreWarnings.txt"/></extension></extension><extension url="http://hl7.org/fhir/tools/StructureDefinition/ig-parameter"><extension url="code"><valueString value="path-history"/></extension><extension url="value"><valueString value="https://digitalware-klinic.github.io/fhir/indisa/history.html"/></extension></extension><extension url="http://hl7.org/fhir/tools/StructureDefinition/ig-parameter"><extension url="code"><valueString value="template-html"/></extension><extension url="value"><valueString value="template-page.html"/></extension></extension><extension url="http://hl7.org/fhir/tools/StructureDefinition/ig-parameter"><extension url="code"><valueString value="template-md"/></extension><extension url="value"><valueString value="template-page-md.html"/></extension></extension><extension url="http://hl7.org/fhir/tools/StructureDefinition/ig-parameter"><extension url="code"><valueString value="apply-contact"/></extension><extension url="value"><valueString value="true"/></extension></extension><extension url="http://hl7.org/fhir/tools/StructureDefinition/ig-parameter"><extension url="code"><valueString value="apply-context"/></extension><extension url="value"><valueString value="true"/></extension></extension><extension url="http://hl7.org/fhir/tools/StructureDefinition/ig-parameter"><extension url="code"><valueString value="apply-copyright"/></extension><extension url="value"><valueString value="true"/></extension></extension><extension url="http://hl7.org/fhir/tools/StructureDefinition/ig-parameter"><extension url="code"><valueString value="apply-jurisdiction"/></extension><extension url="value"><valueString value="true"/></extension></extension><extension url="http://hl7.org/fhir/tools/StructureDefinition/ig-parameter"><extension url="code"><valueString value="apply-license"/></extension><extension url="value"><valueString value="true"/></extension></extension><extension url="http://hl7.org/fhir/tools/StructureDefinition/ig-parameter"><extension url="code"><valueString value="apply-publisher"/></extension><extension url="value"><valueString value="true"/></extension></extension><extension url="http://hl7.org/fhir/tools/StructureDefinition/ig-parameter"><extension url="code"><valueString value="apply-version"/></extension><extension url="value"><valueString value="true"/></extension></extension><extension url="http://hl7.org/fhir/tools/StructureDefinition/ig-parameter"><extension url="code"><valueString value="active-tables"/></extension><extension url="value"><valueString value="true"/></extension></extension><grouping id="_str_profile"><name value="Structures: Resource Profiles"/><description value="These define constraints on FHIR resources for systems conforming to this implementation guide"/></grouping><grouping id="_str_extension"><name value="Structures: Extension Definitions"/><description value="These define constraints on FHIR data types for systems conforming to this implementation guide"/></grouping><grouping id="_term_codesystem"><name value="Terminology: Code Systems"/><description value="These define new code systems used by systems conforming to this implementation guide"/></grouping><grouping id="_ex_example"><name value="Example: Example Instances"/><description value="These are example instances that show what data produced and consumed by systems conforming with this implementation guide might look like"/></grouping><resource><extension url="http://hl7.org/fhir/StructureDefinition/implementationguide-page"><valueUri value="StructureDefinition-ProfileAccountKlinic.html"/></extension><reference><reference value="StructureDefinition/ProfileAccountKlinic"/></reference><name value="Account"/><description value="Patient account, where all charges made at the outpatient or hospital level are found."/><exampleBoolean value="false"/><groupingId value="_str_profile"/></resource><resource><extension url="http://hl7.org/fhir/StructureDefinition/implementationguide-page"><valueUri value="StructureDefinition-ProfileAppointmentKlinic.html"/></extension><reference><reference value="StructureDefinition/ProfileAppointmentKlinic"/></reference><name value="Appointment"/><description value="Registered appointments of the patient for each general and specialized medical consultation and the performance of laboratory and imaging tests, among others."/><exampleBoolean value="false"/><groupingId value="_str_profile"/></resource><resource><extension url="http://hl7.org/fhir/StructureDefinition/implementationguide-page"><valueUri value="StructureDefinition-ProfileAppointmentResponseKlinic.html"/></extension><reference><reference value="StructureDefinition/ProfileAppointmentResponseKlinic"/></reference><name value="Appointment Response"/><description value="Response regarding the scheduling of the patient&#39;s appointment according to the availability of the agenda or regarding cancellations, reviews, among other activities on each appointment."/><exampleBoolean value="false"/><groupingId value="_str_profile"/></resource><resource><extension url="http://hl7.org/fhir/StructureDefinition/implementationguide-page"><valueUri value="StructureDefinition-ProfileCompositionKlinic.html"/></extension><reference><reference value="StructureDefinition/ProfileCompositionKlinic"/></reference><name value="Document Electronic"/><description value="Electronic composition document that allows the exchange of information between processes or between integration points and that has to do with the patient&#39;s medical information."/><exampleBoolean value="false"/><groupingId value="_str_profile"/></resource><resource><extension url="http://hl7.org/fhir/StructureDefinition/implementationguide-page"><valueUri value="StructureDefinition-ProfileConditionKlinic.html"/></extension><reference><reference value="StructureDefinition/ProfileConditionKlinic"/></reference><name value="Condition"/><description value="A clinical condition, problem, diagnosis, or other event, situation, issue, or clinical concept that has risen to a level of concern."/><exampleBoolean value="false"/><groupingId value="_str_profile"/></resource><resource><extension url="http://hl7.org/fhir/StructureDefinition/implementationguide-page"><valueUri value="StructureDefinition-ProfileCoverageKlinic.html"/></extension><reference><reference value="StructureDefinition/ProfileCoverageKlinic"/></reference><name value="Coverage patient"/><description value="Patient&#39;s health coverage policy."/><exampleBoolean value="false"/><groupingId value="_str_profile"/></resource><resource><extension url="http://hl7.org/fhir/StructureDefinition/implementationguide-page"><valueUri value="StructureDefinition-ProfileDeviceKlinic.html"/></extension><reference><reference value="StructureDefinition/ProfileDeviceKlinic"/></reference><name value="Device"/><description value="A type of a manufactured item that is used in the provision of healthcare without being substantially changed through that activity."/><exampleBoolean value="false"/><groupingId value="_str_profile"/></resource><resource><extension url="http://hl7.org/fhir/StructureDefinition/implementationguide-page"><valueUri value="StructureDefinition-ProfileDiagnosticReportLabKlinic.html"/></extension><reference><reference value="StructureDefinition/ProfileDiagnosticReportLabKlinic"/></reference><name value="Diagnostic report for laboratory, imamging study and cardiovascular tests"/><description value="Clinical diagnostic reports of the patient (laboratory, imamging study and cardiovascular tests)."/><exampleBoolean value="false"/><groupingId value="_str_profile"/></resource><resource><extension url="http://hl7.org/fhir/StructureDefinition/implementationguide-page"><valueUri value="StructureDefinition-ProfileEncounterKlinic.html"/></extension><reference><reference value="StructureDefinition/ProfileEncounterKlinic"/></reference><name value="Encounter Klinic"/><description value="Clinical and administrative encounter of the patient (ambulatory or inpatient), during the provision of health services."/><exampleBoolean value="false"/><groupingId value="_str_profile"/></resource><resource><extension url="http://hl7.org/fhir/StructureDefinition/implementationguide-page"><valueUri value="StructureDefinition-ProfileEndpointKlinic.html"/></extension><reference><reference value="StructureDefinition/ProfileEndpointKlinic"/></reference><name value="Endpoint"/><description value="Contact points where the exchange, update and consultation of medical information of the patient is allowed."/><exampleBoolean value="false"/><groupingId value="_str_profile"/></resource><resource><extension url="http://hl7.org/fhir/StructureDefinition/implementationguide-page"><valueUri value="StructureDefinition-ProfileHealthcareService.html"/></extension><reference><reference value="StructureDefinition/ProfileHealthcareService"/></reference><name value="Healthcare Service"/><description value="health services that are provided to the patient, once they enter the provider&#39;s facilities."/><exampleBoolean value="false"/><groupingId value="_str_profile"/></resource><resource><extension url="http://hl7.org/fhir/StructureDefinition/implementationguide-page"><valueUri value="StructureDefinition-ProfileImagingStudyKlinic.html"/></extension><reference><reference value="StructureDefinition/ProfileImagingStudyKlinic"/></reference><name value="Imaging Study"/><description value="A set of images produced in single study at patient."/><exampleBoolean value="false"/><groupingId value="_str_profile"/></resource><resource><extension url="http://hl7.org/fhir/StructureDefinition/implementationguide-page"><valueUri value="StructureDefinition-ProfileImplantableDeviceKlinic.html"/></extension><reference><reference value="StructureDefinition/ProfileImplantableDeviceKlinic"/></reference><name value="Device"/><description value="FHIR resource profile for Active Implantable Medical Devices (AIMD), invasive medical devices, custom medical devices, and invasive or reusable surgical medical devices.&#xA;&#xA;Many of these devices are partially or completely absorbed.&#xA;&#xA;Such as: pacemaker, extends, catheter, IUD, and surgical instruments."/><exampleBoolean value="false"/><groupingId value="_str_profile"/></resource><resource><extension url="http://hl7.org/fhir/StructureDefinition/implementationguide-page"><valueUri value="StructureDefinition-ProfileLocationAreaKlinic.html"/></extension><reference><reference value="StructureDefinition/ProfileLocationAreaKlinic"/></reference><name value="Location Area"/><description value="Physical location of each of the clinical and administrative areas within a building: Floor, Area, Wing, Waiting room, intensive care unit, among others."/><exampleBoolean value="false"/><groupingId value="_str_profile"/></resource><resource><extension url="http://hl7.org/fhir/StructureDefinition/implementationguide-page"><valueUri value="StructureDefinition-ProfileLocationBedKlinic.html"/></extension><reference><reference value="StructureDefinition/ProfileLocationBedKlinic"/></reference><name value="Location Bed"/><description value="Physical location of each of the clinical areas within a building:  Bed."/><exampleBoolean value="false"/><groupingId value="_str_profile"/></resource><resource><extension url="http://hl7.org/fhir/StructureDefinition/implementationguide-page"><valueUri value="StructureDefinition-ProfileLocationBuildingKlinic.html"/></extension><reference><reference value="StructureDefinition/ProfileLocationBuildingKlinic"/></reference><name value="Location Building"/><description value="Physical location of each of the clinical and administrative areas within a building:  Building, Wing of building, Tower, etc."/><exampleBoolean value="false"/><groupingId value="_str_profile"/></resource><resource><extension url="http://hl7.org/fhir/StructureDefinition/implementationguide-page"><valueUri value="StructureDefinition-ProfileLocationFunctionalUnitKlinic.html"/></extension><reference><reference value="StructureDefinition/ProfileLocationFunctionalUnitKlinic"/></reference><name value="Location Functional Unit"/><description value="Physical location of each of the clinical and administrative areas within a building:  Functional Unit."/><exampleBoolean value="false"/><groupingId value="_str_profile"/></resource><resource><extension url="http://hl7.org/fhir/StructureDefinition/implementationguide-page"><valueUri value="StructureDefinition-ProfileLocationRoomKlinic.html"/></extension><reference><reference value="StructureDefinition/ProfileLocationRoomKlinic"/></reference><name value="Location Room"/><description value="Physical location of each of the clinical and administrative areas within a building:  Room, Consulting room, etc."/><exampleBoolean value="false"/><groupingId value="_str_profile"/></resource><resource><extension url="http://hl7.org/fhir/StructureDefinition/implementationguide-page"><valueUri value="StructureDefinition-ProfileMedicationAdministrationKlinic.html"/></extension><reference><reference value="StructureDefinition/ProfileMedicationAdministrationKlinic"/></reference><name value="Medication Administration"/><description value="Describes the event of a patient consuming or otherwise being administered a medication."/><exampleBoolean value="false"/><groupingId value="_str_profile"/></resource><resource><extension url="http://hl7.org/fhir/StructureDefinition/implementationguide-page"><valueUri value="StructureDefinition-ProfileMedicationDispenseKlinic.html"/></extension><reference><reference value="StructureDefinition/ProfileMedicationDispenseKlinic"/></reference><name value="Medication dispense"/><description value="Indicates that a medication product is to be or has been dispensed for a named person/patient. This includes a description of the medication product (supply) provided and the instructions for administering the medication. The medication dispense is the result of a pharmacy system responding to a medication order."/><exampleBoolean value="false"/><groupingId value="_str_profile"/></resource><resource><extension url="http://hl7.org/fhir/StructureDefinition/implementationguide-page"><valueUri value="StructureDefinition-ProfileMedicationKlinic.html"/></extension><reference><reference value="StructureDefinition/ProfileMedicationKlinic"/></reference><name value="Medication"/><description value="Identification and definition of a medication for the purposes of prescribing, dispensing, and administering a medication as well as for making statements about medication use."/><exampleBoolean value="false"/><groupingId value="_str_profile"/></resource><resource><extension url="http://hl7.org/fhir/StructureDefinition/implementationguide-page"><valueUri value="StructureDefinition-ProfileMedicationRequestKlinic.html"/></extension><reference><reference value="StructureDefinition/ProfileMedicationRequestKlinic"/></reference><name value="Medication Request"/><description value="An order or request for both supply of the medication and the instructions for administration of the medication to a patient."/><exampleBoolean value="false"/><groupingId value="_str_profile"/></resource><resource><extension url="http://hl7.org/fhir/StructureDefinition/implementationguide-page"><valueUri value="StructureDefinition-ProfileMessageHeaderKlinic.html"/></extension><reference><reference value="StructureDefinition/ProfileMessageHeaderKlinic"/></reference><name value="Message header"/><description value="Message header in the messaging exchange."/><exampleBoolean value="false"/><groupingId value="_str_profile"/></resource><resource><extension url="http://hl7.org/fhir/StructureDefinition/implementationguide-page"><valueUri value="StructureDefinition-ProfileObservationLabKlinic.html"/></extension><reference><reference value="StructureDefinition/ProfileObservationLabKlinic"/></reference><name value="Observation"/><description value="Observation laboratory and imaging."/><exampleBoolean value="false"/><groupingId value="_str_profile"/></resource><resource><extension url="http://hl7.org/fhir/StructureDefinition/implementationguide-page"><valueUri value="StructureDefinition-ProfileOrganizationHealthcareProviderKlinic.html"/></extension><reference><reference value="StructureDefinition/ProfileOrganizationHealthcareProviderKlinic"/></reference><name value="Organization Healthcare Provider"/><description value="Organization Healthcare Provider."/><exampleBoolean value="false"/><groupingId value="_str_profile"/></resource><resource><extension url="http://hl7.org/fhir/StructureDefinition/implementationguide-page"><valueUri value="StructureDefinition-ProfilePatientKlinic.html"/></extension><reference><reference value="StructureDefinition/ProfilePatientKlinic"/></reference><name value="Patient"/><description value="Data of patient."/><exampleBoolean value="false"/><groupingId value="_str_profile"/></resource><resource><extension url="http://hl7.org/fhir/StructureDefinition/implementationguide-page"><valueUri value="StructureDefinition-ProfilePractitionerKlinic.html"/></extension><reference><reference value="StructureDefinition/ProfilePractitionerKlinic"/></reference><name value="Practitioner"/><description value="Practitioner of healht."/><exampleBoolean value="false"/><groupingId value="_str_profile"/></resource><resource><extension url="http://hl7.org/fhir/StructureDefinition/implementationguide-page"><valueUri value="StructureDefinition-ProfilePractitionerRole.html"/></extension><reference><reference value="StructureDefinition/ProfilePractitionerRole"/></reference><name value="Practitioner Role"/><description value="Role of practitioner."/><exampleBoolean value="false"/><groupingId value="_str_profile"/></resource><resource><extension url="http://hl7.org/fhir/StructureDefinition/implementationguide-page"><valueUri value="StructureDefinition-ProfileProcedureKlinic.html"/></extension><reference><reference value="StructureDefinition/ProfileProcedureKlinic"/></reference><name value="Procedure"/><description value="Medical procedures in health."/><exampleBoolean value="false"/><groupingId value="_str_profile"/></resource><resource><extension url="http://hl7.org/fhir/StructureDefinition/implementationguide-page"><valueUri value="StructureDefinition-ProfileQuestionnaireResponseSurveyKlinic.html"/></extension><reference><reference value="StructureDefinition/ProfileQuestionnaireResponseSurveyKlinic"/></reference><name value="Questionnaire response"/><description value="Questionnaire responses"/><exampleBoolean value="false"/><groupingId value="_str_profile"/></resource><resource><extension url="http://hl7.org/fhir/StructureDefinition/implementationguide-page"><valueUri value="StructureDefinition-ProfileQuestionnaireSurveyKlinic.html"/></extension><reference><reference value="StructureDefinition/ProfileQuestionnaireSurveyKlinic"/></reference><name value="Questionnaire"/><description value="Questionnaire of Survey"/><exampleBoolean value="false"/><groupingId value="_str_profile"/></resource><resource><extension url="http://hl7.org/fhir/StructureDefinition/implementationguide-page"><valueUri value="StructureDefinition-ProfileScheduleKlinic.html"/></extension><reference><reference value="StructureDefinition/ProfileScheduleKlinic"/></reference><name value="Schedule patient"/><description value="Schedule patient."/><exampleBoolean value="false"/><groupingId value="_str_profile"/></resource><resource><extension url="http://hl7.org/fhir/StructureDefinition/implementationguide-page"><valueUri value="StructureDefinition-ProfileServiceRequestKlinic.html"/></extension><reference><reference value="StructureDefinition/ProfileServiceRequestKlinic"/></reference><name value="Service Request"/><description value="Medical order for health services."/><exampleBoolean value="false"/><groupingId value="_str_profile"/></resource><resource><extension url="http://hl7.org/fhir/StructureDefinition/implementationguide-page"><valueUri value="StructureDefinition-ProfileSlotKlinic.html"/></extension><reference><reference value="StructureDefinition/ProfileSlotKlinic"/></reference><name value="Slot"/><description value="Agenda spaces available for appointment assignments."/><exampleBoolean value="false"/><groupingId value="_str_profile"/></resource><resource><extension url="http://hl7.org/fhir/StructureDefinition/implementationguide-page"><valueUri value="StructureDefinition-ProfileSpecimenKlinic.html"/></extension><reference><reference value="StructureDefinition/ProfileSpecimenKlinic"/></reference><name value="Specimen"/><description value="A sample to be used for analysis."/><exampleBoolean value="false"/><groupingId value="_str_profile"/></resource><resource><extension url="http://hl7.org/fhir/StructureDefinition/implementationguide-page"><valueUri value="StructureDefinition-AccountAmountKlinic.html"/></extension><reference><reference value="StructureDefinition/AccountAmountKlinic"/></reference><name value="Account Amount"/><description value="Amount of the account, which totals the services provided to the patient,"/><exampleBoolean value="false"/><groupingId value="_str_extension"/></resource><resource><extension url="http://hl7.org/fhir/StructureDefinition/implementationguide-page"><valueUri value="StructureDefinition-AvailableTelemedicine.html"/></extension><reference><reference value="StructureDefinition/AvailableTelemedicine"/></reference><name value="Admit telemedicine"/><description value="Active agenda for telemedicine care."/><exampleBoolean value="false"/><groupingId value="_str_extension"/></resource><resource><extension url="http://hl7.org/fhir/StructureDefinition/implementationguide-page"><valueUri value="StructureDefinition-BedWithOxygen.html"/></extension><reference><reference value="StructureDefinition/BedWithOxygen"/></reference><name value="BedWithOxygen"/><description value="Indicator if a bed has oxygen or not"/><exampleBoolean value="false"/><groupingId value="_str_extension"/></resource><resource><extension url="http://hl7.org/fhir/StructureDefinition/implementationguide-page"><valueUri value="StructureDefinition-BirthPlace.html"/></extension><reference><reference value="StructureDefinition/BirthPlace"/></reference><name value="Birth Place"/><description value="Geographical location of birth of the patient."/><exampleBoolean value="false"/><groupingId value="_str_extension"/></resource><resource><extension url="http://hl7.org/fhir/StructureDefinition/implementationguide-page"><valueUri value="StructureDefinition-BonusAmountKlinic.html"/></extension><reference><reference value="StructureDefinition/BonusAmountKlinic"/></reference><name value="Bonus Amount"/><description value="Amount of the bonus that legalizes the payment of the patient&#39;s account, totally or partially."/><exampleBoolean value="false"/><groupingId value="_str_extension"/></resource><resource><extension url="http://hl7.org/fhir/StructureDefinition/implementationguide-page"><valueUri value="StructureDefinition-CancelationDateTime.html"/></extension><reference><reference value="StructureDefinition/CancelationDateTime"/></reference><name value="Fecha/Hora cancelacion cita"/><description value="Cate and time of cancellation of the appointment."/><exampleBoolean value="false"/><groupingId value="_str_extension"/></resource><resource><extension url="http://hl7.org/fhir/StructureDefinition/implementationguide-page"><valueUri value="StructureDefinition-CancelationSanction.html"/></extension><reference><reference value="StructureDefinition/CancelationSanction"/></reference><name value="Sancion cancelacion cita"/><description value="Penalty for cancellation of appointment."/><exampleBoolean value="false"/><groupingId value="_str_extension"/></resource><resource><extension url="http://hl7.org/fhir/StructureDefinition/implementationguide-page"><valueUri value="StructureDefinition-Census.html"/></extension><reference><reference value="StructureDefinition/Census"/></reference><name value="Census"/><description value="Census bed indicator"/><exampleBoolean value="false"/><groupingId value="_str_extension"/></resource><resource><extension url="http://hl7.org/fhir/StructureDefinition/implementationguide-page"><valueUri value="StructureDefinition-ChargeBed.html"/></extension><reference><reference value="StructureDefinition/ChargeBed"/></reference><name value="ChargeBed"/><description value="Indicator if a bed was charged or not"/><exampleBoolean value="false"/><groupingId value="_str_extension"/></resource><resource><extension url="http://hl7.org/fhir/StructureDefinition/implementationguide-page"><valueUri value="StructureDefinition-ClinicalDischargeType.html"/></extension><reference><reference value="StructureDefinition/ClinicalDischargeType"/></reference><name value="Clinical discharge type"/><description value="Types of clinical discharge of the patient, at the hospitalization and emergency level."/><exampleBoolean value="false"/><groupingId value="_str_extension"/></resource><resource><extension url="http://hl7.org/fhir/StructureDefinition/implementationguide-page"><valueUri value="StructureDefinition-ConsultationsAmountKlinic.html"/></extension><reference><reference value="StructureDefinition/ConsultationsAmountKlinic"/></reference><name value="Consultations Amount"/><description value="Amount of consultations or health benefits, made to the patient."/><exampleBoolean value="false"/><groupingId value="_str_extension"/></resource><resource><extension url="http://hl7.org/fhir/StructureDefinition/implementationguide-page"><valueUri value="StructureDefinition-CopaymentAmountKlinic.html"/></extension><reference><reference value="StructureDefinition/CopaymentAmountKlinic"/></reference><name value="Copayment Amount"/><description value="Amount of the copayment to be paid by the patient or their person in charge, if a value is pending after paying off their account against the value of the bond from their insurer."/><exampleBoolean value="false"/><groupingId value="_str_extension"/></resource><resource><extension url="http://hl7.org/fhir/StructureDefinition/implementationguide-page"><valueUri value="StructureDefinition-CulturalGroup.html"/></extension><reference><reference value="StructureDefinition/CulturalGroup"/></reference><name value="Cultural group"/><description value="Cultural group to which the patient belongs."/><exampleBoolean value="false"/><groupingId value="_str_extension"/></resource><resource><extension url="http://hl7.org/fhir/StructureDefinition/implementationguide-page"><valueUri value="StructureDefinition-Disability.html"/></extension><reference><reference value="StructureDefinition/Disability"/></reference><name value="Discapacidad del paciente"/><description value="Disability of the patient."/><exampleBoolean value="false"/><groupingId value="_str_extension"/></resource><resource><extension url="http://hl7.org/fhir/StructureDefinition/implementationguide-page"><valueUri value="StructureDefinition-EducationalLevelChile.html"/></extension><reference><reference value="StructureDefinition/EducationalLevelChile"/></reference><name value="Education level"/><description value="Patient education level."/><exampleBoolean value="false"/><groupingId value="_str_extension"/></resource><resource><extension url="http://hl7.org/fhir/StructureDefinition/implementationguide-page"><valueUri value="StructureDefinition-EmployerOrganization.html"/></extension><reference><reference value="StructureDefinition/EmployerOrganization"/></reference><name value="Enterprise Patient"/><description value="Company where the patient works."/><exampleBoolean value="false"/><groupingId value="_str_extension"/></resource><resource><extension url="http://hl7.org/fhir/StructureDefinition/implementationguide-page"><valueUri value="StructureDefinition-FathersFamily.html"/></extension><reference><reference value="StructureDefinition/FathersFamily"/></reference><name value="Patient&#39;s first surname"/><description value="Patient&#39;s first surname."/><exampleBoolean value="false"/><groupingId value="_str_extension"/></resource><resource><extension url="http://hl7.org/fhir/StructureDefinition/implementationguide-page"><valueUri value="StructureDefinition-GenderIdentity.html"/></extension><reference><reference value="StructureDefinition/GenderIdentity"/></reference><name value="Gender patient"/><description value="Gender with which the patient identifies."/><exampleBoolean value="false"/><groupingId value="_str_extension"/></resource><resource><extension url="http://hl7.org/fhir/StructureDefinition/implementationguide-page"><valueUri value="StructureDefinition-HoursOfOperation.html"/></extension><reference><reference value="StructureDefinition/HoursOfOperation"/></reference><name value="HoursOfOperation"/><description value="Hours of attention of the schedule."/><exampleBoolean value="false"/><groupingId value="_str_extension"/></resource><resource><extension url="http://hl7.org/fhir/StructureDefinition/implementationguide-page"><valueUri value="StructureDefinition-IdExpeditionPlace.html"/></extension><reference><reference value="StructureDefinition/IdExpeditionPlace"/></reference><name value="Place of issuance of patient identification"/><description value="Place of issuance of patient identification."/><exampleBoolean value="false"/><groupingId value="_str_extension"/></resource><resource><extension url="http://hl7.org/fhir/StructureDefinition/implementationguide-page"><valueUri value="StructureDefinition-MedicalFeesKlinic.html"/></extension><reference><reference value="StructureDefinition/MedicalFeesKlinic"/></reference><name value="Medical Fees"/><description value="Medical fees that are charged to the patient&#39;s account, once the corresponding medical consultations have been made."/><exampleBoolean value="false"/><groupingId value="_str_extension"/></resource><resource><extension url="http://hl7.org/fhir/StructureDefinition/implementationguide-page"><valueUri value="StructureDefinition-MedicationAmount.html"/></extension><reference><reference value="StructureDefinition/MedicationAmount"/></reference><name value="Medication Amount"/><description value="Amount of medication given to the patient and charged to his account."/><exampleBoolean value="false"/><groupingId value="_str_extension"/></resource><resource><extension url="http://hl7.org/fhir/StructureDefinition/implementationguide-page"><valueUri value="StructureDefinition-MothersFamily.html"/></extension><reference><reference value="StructureDefinition/MothersFamily"/></reference><name value="Second surname patient"/><description value="Second surname of the patient."/><exampleBoolean value="false"/><groupingId value="_str_extension"/></resource><resource><extension url="http://hl7.org/fhir/StructureDefinition/implementationguide-page"><valueUri value="StructureDefinition-MultipleOccupation.html"/></extension><reference><reference value="StructureDefinition/MultipleOccupation"/></reference><name value="MultipleOccupation"/><description value="Describes whether a location admits multiple patients or professionals"/><exampleBoolean value="false"/><groupingId value="_str_extension"/></resource><resource><extension url="http://hl7.org/fhir/StructureDefinition/implementationguide-page"><valueUri value="StructureDefinition-Nationality.html"/></extension><reference><reference value="StructureDefinition/Nationality"/></reference><name value="Nationality patient"/><description value="Nationality of the patient."/><exampleBoolean value="false"/><groupingId value="_str_extension"/></resource><resource><extension url="http://hl7.org/fhir/StructureDefinition/implementationguide-page"><valueUri value="StructureDefinition-NewBorn.html"/></extension><reference><reference value="StructureDefinition/NewBorn"/></reference><name value="Newborn"/><description value="Extension that allows registering whether or not the patient is a newborn."/><exampleBoolean value="false"/><groupingId value="_str_extension"/></resource><resource><extension url="http://hl7.org/fhir/StructureDefinition/implementationguide-page"><valueUri value="StructureDefinition-Ocupation.html"/></extension><reference><reference value="StructureDefinition/Ocupation"/></reference><name value="Patient occupation"/><description value="Patient occupation."/><exampleBoolean value="false"/><groupingId value="_str_extension"/></resource><resource><extension url="http://hl7.org/fhir/StructureDefinition/implementationguide-page"><valueUri value="StructureDefinition-OrganizationName.html"/></extension><reference><reference value="StructureDefinition/OrganizationName"/></reference><name value="Patient company"/><description value="Patient company."/><exampleBoolean value="false"/><groupingId value="_str_extension"/></resource><resource><extension url="http://hl7.org/fhir/StructureDefinition/implementationguide-page"><valueUri value="StructureDefinition-OrganizationTelecom.html"/></extension><reference><reference value="StructureDefinition/OrganizationTelecom"/></reference><name value="Telephone company patient"/><description value="Telephone contact company of the patient."/><exampleBoolean value="false"/><groupingId value="_str_extension"/></resource><resource><extension url="http://hl7.org/fhir/StructureDefinition/implementationguide-page"><valueUri value="StructureDefinition-PatientEthnicity.html"/></extension><reference><reference value="StructureDefinition/PatientEthnicity"/></reference><name value="Ethnic group patient"/><description value="Ethnic group of the patient."/><exampleBoolean value="false"/><groupingId value="_str_extension"/></resource><resource><extension url="http://hl7.org/fhir/StructureDefinition/implementationguide-page"><valueUri value="StructureDefinition-PatientPopulationGroup.html"/></extension><reference><reference value="StructureDefinition/PatientPopulationGroup"/></reference><name value="Population group patient"/><description value="Population group to which the patient belongs."/><exampleBoolean value="false"/><groupingId value="_str_extension"/></resource><resource><extension url="http://hl7.org/fhir/StructureDefinition/implementationguide-page"><valueUri value="StructureDefinition-PersonId.html"/></extension><reference><reference value="StructureDefinition/PersonId"/></reference><name value="Patient identification"/><description value="Patient identification."/><exampleBoolean value="false"/><groupingId value="_str_extension"/></resource><resource><extension url="http://hl7.org/fhir/StructureDefinition/implementationguide-page"><valueUri value="StructureDefinition-QuotaPatient.html"/></extension><reference><reference value="StructureDefinition/QuotaPatient"/></reference><name value="Quota Patient"/><description value="Number of patients admitted in the agenda."/><exampleBoolean value="false"/><groupingId value="_str_extension"/></resource><resource><extension url="http://hl7.org/fhir/StructureDefinition/implementationguide-page"><valueUri value="StructureDefinition-RateModality.html"/></extension><reference><reference value="StructureDefinition/RateModality"/></reference><name value="Rate modality"/><description value="Rate mode on the services provided to the patient, according to their stay in the facilities where health services are provided."/><exampleBoolean value="false"/><groupingId value="_str_extension"/></resource><resource><extension url="http://hl7.org/fhir/StructureDefinition/implementationguide-page"><valueUri value="StructureDefinition-RegionalLocationIdentifier.html"/></extension><reference><reference value="StructureDefinition/RegionalLocationIdentifier"/></reference><name value="Regional location identifier"/><description value="Identification of the regional location of residence of the patient."/><exampleBoolean value="false"/><groupingId value="_str_extension"/></resource><resource><extension url="http://hl7.org/fhir/StructureDefinition/implementationguide-page"><valueUri value="StructureDefinition-Religion.html"/></extension><reference><reference value="StructureDefinition/Religion"/></reference><name value="Religion"/><description value="Religion patient."/><exampleBoolean value="false"/><groupingId value="_str_extension"/></resource><resource><extension url="http://hl7.org/fhir/StructureDefinition/implementationguide-page"><valueUri value="StructureDefinition-ServicePartOf.html"/></extension><reference><reference value="StructureDefinition/ServicePartOf"/></reference><name value="Subservices"/><description value="Subservices on health services."/><exampleBoolean value="false"/><groupingId value="_str_extension"/></resource><resource><extension url="http://hl7.org/fhir/StructureDefinition/implementationguide-page"><valueUri value="StructureDefinition-SuppliesAmountKlinic.html"/></extension><reference><reference value="StructureDefinition/SuppliesAmountKlinic"/></reference><name value="Supplies Amount"/><description value="Amount of supplies charged to the patient&#39;s account, according to the medical benefits performed."/><exampleBoolean value="false"/><groupingId value="_str_extension"/></resource><resource><extension url="http://hl7.org/fhir/StructureDefinition/implementationguide-page"><valueUri value="StructureDefinition-VirtualBed.html"/></extension><reference><reference value="StructureDefinition/VirtualBed"/></reference><name value="VirtualBed"/><description value="Indicator if a bed is virtual or not."/><exampleBoolean value="false"/><groupingId value="_str_extension"/></resource><resource><extension url="http://hl7.org/fhir/StructureDefinition/implementationguide-page"><valueUri value="CodeSystem-CoveragesTypeCl.html"/></extension><reference><reference value="CodeSystem/CoveragesTypeCl"/></reference><name value="CoveragesTypeCl"/><description value="This is a coding system that contains the types of health coverage applicable to the Chilean jurisdiction."/><exampleBoolean value="false"/><groupingId value="_term_codesystem"/></resource><resource><extension url="http://hl7.org/fhir/StructureDefinition/implementationguide-page"><valueUri value="CodeSystem-EducationalLevelChile.html"/></extension><reference><reference value="CodeSystem/EducationalLevelChile"/></reference><name value="Nivel Educativo Chile"/><exampleBoolean value="false"/><groupingId value="_term_codesystem"/></resource><resource><extension url="http://hl7.org/fhir/StructureDefinition/implementationguide-page"><valueUri value="CodeSystem-ISAPRES.html"/></extension><reference><reference value="CodeSystem/ISAPRES"/></reference><name value="ISAPRES"/><description value="This is a coding system that contains the insurance organizations classified in ISAPRES.."/><exampleBoolean value="false"/><groupingId value="_term_codesystem"/></resource><resource><extension url="http://hl7.org/fhir/StructureDefinition/implementationguide-page"><valueUri value="CodeSystem-RatesModalityINDISA.html"/></extension><reference><reference value="CodeSystem/RatesModalityINDISA"/></reference><name value="RatesModalityINDISA"/><description value="This is a coding system that contains the rate modality codes for the interoperability scenario of INDISA (Chile)."/><exampleBoolean value="false"/><groupingId value="_term_codesystem"/></resource><resource><extension url="http://hl7.org/fhir/StructureDefinition/implementationguide-page"><valueUri value="CodeSystem-TramosFONASA.html"/></extension><reference><reference value="CodeSystem/TramosFONASA"/></reference><name value="TramosFONASA"/><description value="This is a coding system that contains the the sections (tramos) of FONASA."/><exampleBoolean value="false"/><groupingId value="_term_codesystem"/></resource><resource><extension url="http://hl7.org/fhir/StructureDefinition/implementationguide-page"><valueUri value="Bundle-Bundle-Example-Bundle-Document-0ddcb465.html"/></extension><reference><reference value="Bundle/Bundle-Example-Bundle-Document-0ddcb465"/></reference><name value="Bundle-Example-Bundle-Document-0ddcb465"/><exampleBoolean value="true"/><groupingId value="_ex_example"/></resource><resource><extension url="http://hl7.org/fhir/StructureDefinition/implementationguide-page"><valueUri value="Device-Device-Example-Device-43g37a87.html"/></extension><reference><reference value="Device/Device-Example-Device-43g37a87"/></reference><name value="Device-Example-Device-43g37a87"/><exampleBoolean value="true"/><groupingId value="_ex_example"/></resource><resource><extension url="http://hl7.org/fhir/StructureDefinition/implementationguide-page"><valueUri value="Account-Example-Account-6f674e96.html"/></extension><reference><reference value="Account/Example-Account-6f674e96"/></reference><name value="Example-Account-6f674e96"/><description value="Cuenta referente a las atenciones del paciente en el ambito ambulatorio."/><exampleBoolean value="true"/><groupingId value="_ex_example"/></resource><resource><extension url="http://hl7.org/fhir/StructureDefinition/implementationguide-page"><valueUri value="Appointment-Example-Appointment-05c86b7b-4fad.html"/></extension><reference><reference value="Appointment/Example-Appointment-05c86b7b-4fad"/></reference><name value="Example-Appointment-05c86b7b-4fad"/><exampleBoolean value="true"/><groupingId value="_ex_example"/></resource><resource><extension url="http://hl7.org/fhir/StructureDefinition/implementationguide-page"><valueUri value="Appointment-Example-Appointment-05c86b7b-5drg.html"/></extension><reference><reference value="Appointment/Example-Appointment-05c86b7b-5drg"/></reference><name value="Example-Appointment-05c86b7b-5drg"/><exampleBoolean value="true"/><groupingId value="_ex_example"/></resource><resource><extension url="http://hl7.org/fhir/StructureDefinition/implementationguide-page"><valueUri value="AppointmentResponse-Example-AppointmentResponse-05c86b7b.html"/></extension><reference><reference value="AppointmentResponse/Example-AppointmentResponse-05c86b7b"/></reference><name value="Example-AppointmentResponse-05c86b7b"/><exampleBoolean value="true"/><groupingId value="_ex_example"/></resource><resource><extension url="http://hl7.org/fhir/StructureDefinition/implementationguide-page"><valueUri value="Binary-Example-Binary-111213bi.html"/></extension><reference><reference value="Binary/Example-Binary-111213bi"/></reference><name value="Example-Binary-111213bi"/><exampleBoolean value="true"/><groupingId value="_ex_example"/></resource><resource><extension url="http://hl7.org/fhir/StructureDefinition/implementationguide-page"><valueUri value="Condition-Example-Condition-Imaging-414243ci.html"/></extension><reference><reference value="Condition/Example-Condition-Imaging-414243ci"/></reference><name value="Example-Condition-Imaging-414243ci"/><exampleBoolean value="true"/><groupingId value="_ex_example"/></resource><resource><extension url="http://hl7.org/fhir/StructureDefinition/implementationguide-page"><valueUri value="Coverage-Example-Coverage-fa7a571e.html"/></extension><reference><reference value="Coverage/Example-Coverage-fa7a571e"/></reference><name value="Example-Coverage-fa7a571e"/><exampleBoolean value="true"/><groupingId value="_ex_example"/></resource><resource><extension url="http://hl7.org/fhir/StructureDefinition/implementationguide-page"><valueUri value="Coverage-Example-Coverage-fa7a589f.html"/></extension><reference><reference value="Coverage/Example-Coverage-fa7a589f"/></reference><name value="Example-Coverage-fa7a589f"/><exampleBoolean value="true"/><groupingId value="_ex_example"/></resource><resource><extension url="http://hl7.org/fhir/StructureDefinition/implementationguide-page"><valueUri value="Device-Example-Device-757677dv.html"/></extension><reference><reference value="Device/Example-Device-757677dv"/></reference><name value="Example-Device-757677dv"/><exampleBoolean value="true"/><groupingId value="_ex_example"/></resource><resource><extension url="http://hl7.org/fhir/StructureDefinition/implementationguide-page"><valueUri value="Device-Example-Device-898989dv.html"/></extension><reference><reference value="Device/Example-Device-898989dv"/></reference><name value="Example-Device-898989dv"/><exampleBoolean value="true"/><groupingId value="_ex_example"/></resource><resource><extension url="http://hl7.org/fhir/StructureDefinition/implementationguide-page"><valueUri value="DiagnosticReport-Example-DiagnosticReport-Antibiogram-3894.html"/></extension><reference><reference value="DiagnosticReport/Example-DiagnosticReport-Antibiogram-3894"/></reference><name value="Example-DiagnosticReport-Antibiogram-3894"/><exampleBoolean value="true"/><groupingId value="_ex_example"/></resource><resource><extension url="http://hl7.org/fhir/StructureDefinition/implementationguide-page"><valueUri value="DiagnosticReport-Example-DiagnosticReport-Imaging-u584i.html"/></extension><reference><reference value="DiagnosticReport/Example-DiagnosticReport-Imaging-u584i"/></reference><name value="Example-DiagnosticReport-Imaging-u584i"/><exampleBoolean value="true"/><groupingId value="_ex_example"/></resource><resource><extension url="http://hl7.org/fhir/StructureDefinition/implementationguide-page"><valueUri value="DiagnosticReport-Example-DiagnosticReport-Laboratory-265653656yf.html"/></extension><reference><reference value="DiagnosticReport/Example-DiagnosticReport-Laboratory-265653656yf"/></reference><name value="Example-DiagnosticReport-Laboratory-265653656yf"/><exampleBoolean value="true"/><groupingId value="_ex_example"/></resource><resource><extension url="http://hl7.org/fhir/StructureDefinition/implementationguide-page"><valueUri value="DiagnosticReport-Example-DiagnosticReport-Laboratory-6543g8au.html"/></extension><reference><reference value="DiagnosticReport/Example-DiagnosticReport-Laboratory-6543g8au"/></reference><name value="Example-DiagnosticReport-Laboratory-6543g8au"/><exampleBoolean value="true"/><groupingId value="_ex_example"/></resource><resource><extension url="http://hl7.org/fhir/StructureDefinition/implementationguide-page"><valueUri value="DiagnosticReport-Example-DiagnosticReport-Laboratory-782823899957f.html"/></extension><reference><reference value="DiagnosticReport/Example-DiagnosticReport-Laboratory-782823899957f"/></reference><name value="Example-DiagnosticReport-Laboratory-782823899957f"/><exampleBoolean value="true"/><groupingId value="_ex_example"/></resource><resource><extension url="http://hl7.org/fhir/StructureDefinition/implementationguide-page"><valueUri value="Composition-Example-Document-99294f378fec.html"/></extension><reference><reference value="Composition/Example-Document-99294f378fec"/></reference><name value="Example-Document-99294f378fec"/><exampleBoolean value="true"/><groupingId value="_ex_example"/></resource><resource><extension url="http://hl7.org/fhir/StructureDefinition/implementationguide-page"><valueUri value="Composition-Example-Document-c1b9fc94f1af.html"/></extension><reference><reference value="Composition/Example-Document-c1b9fc94f1af"/></reference><name value="Example-Document-c1b9fc94f1af"/><exampleBoolean value="true"/><groupingId value="_ex_example"/></resource><resource><extension url="http://hl7.org/fhir/StructureDefinition/implementationguide-page"><valueUri value="Composition-Example-Document-imagingreport-y787434ir.html"/></extension><reference><reference value="Composition/Example-Document-imagingreport-y787434ir"/></reference><name value="Example-Document-imagingreport-y787434ir"/><exampleBoolean value="true"/><groupingId value="_ex_example"/></resource><resource><extension url="http://hl7.org/fhir/StructureDefinition/implementationguide-page"><valueUri value="Encounter-Example-Encounter-963b1515.html"/></extension><reference><reference value="Encounter/Example-Encounter-963b1515"/></reference><name value="Example-Encounter-963b1515"/><exampleBoolean value="true"/><groupingId value="_ex_example"/></resource><resource><extension url="http://hl7.org/fhir/StructureDefinition/implementationguide-page"><valueUri value="Encounter-Example-Encounter-963y1945.html"/></extension><reference><reference value="Encounter/Example-Encounter-963y1945"/></reference><name value="Example-Encounter-963y1945"/><exampleBoolean value="true"/><groupingId value="_ex_example"/></resource><resource><extension url="http://hl7.org/fhir/StructureDefinition/implementationguide-page"><valueUri value="Endpoint-Example-EndPoint-PACServer-676767endp.html"/></extension><reference><reference value="Endpoint/Example-EndPoint-PACServer-676767endp"/></reference><name value="Example-EndPoint-PACServer-676767endp"/><exampleBoolean value="true"/><groupingId value="_ex_example"/></resource><resource><extension url="http://hl7.org/fhir/StructureDefinition/implementationguide-page"><valueUri value="HealthcareService-Example-HealthcareService-20ede331.html"/></extension><reference><reference value="HealthcareService/Example-HealthcareService-20ede331"/></reference><name value="Example-HealthcareService-20ede331"/><exampleBoolean value="true"/><groupingId value="_ex_example"/></resource><resource><extension url="http://hl7.org/fhir/StructureDefinition/implementationguide-page"><valueUri value="ImagingStudy-Example-ImagingStudy-1.2.840.10008.86767.4545.87878.323.html"/></extension><reference><reference value="ImagingStudy/Example-ImagingStudy-1.2.840.10008.86767.4545.87878.323"/></reference><name value="Example-ImagingStudy-1.2.840.10008.86767.4545.87878.323"/><description value="Estudio en parametros normales"/><exampleBoolean value="true"/><groupingId value="_ex_example"/></resource><resource><extension url="http://hl7.org/fhir/StructureDefinition/implementationguide-page"><valueUri value="Location-Example-LocationArea-789789789789.html"/></extension><reference><reference value="Location/Example-LocationArea-789789789789"/></reference><name value="Example-LocationArea-789789789789"/><description value="Hospital medical care."/><exampleBoolean value="true"/><groupingId value="_ex_example"/></resource><resource><extension url="http://hl7.org/fhir/StructureDefinition/implementationguide-page"><valueUri value="Location-Example-LocationBed-7819819819bn915.html"/></extension><reference><reference value="Location/Example-LocationBed-7819819819bn915"/></reference><name value="Example-LocationBed-7819819819bn915"/><description value="Patient bed."/><exampleBoolean value="true"/><groupingId value="_ex_example"/></resource><resource><extension url="http://hl7.org/fhir/StructureDefinition/implementationguide-page"><valueUri value="Location-Example-LocationBuilding-7412389635sdf556.html"/></extension><reference><reference value="Location/Example-LocationBuilding-7412389635sdf556"/></reference><name value="Example-LocationBuilding-7412389635sdf556"/><description value="Clinic and emergencies"/><exampleBoolean value="true"/><groupingId value="_ex_example"/></resource><resource><extension url="http://hl7.org/fhir/StructureDefinition/implementationguide-page"><valueUri value="Location-Example-LocationFuncionalUnit-16558949sf878498.html"/></extension><reference><reference value="Location/Example-LocationFuncionalUnit-16558949sf878498"/></reference><name value="Example-LocationFuncionalUnit-16558949sf878498"/><description value="blood component laboratory / emergency pharmacy"/><exampleBoolean value="true"/><groupingId value="_ex_example"/></resource><resource><extension url="http://hl7.org/fhir/StructureDefinition/implementationguide-page"><valueUri value="Location-Example-LocationLaboratory-51654689466d55.html"/></extension><reference><reference value="Location/Example-LocationLaboratory-51654689466d55"/></reference><name value="Example-LocationLaboratory-51654689466d55"/><description value="Blood component laboratory."/><exampleBoolean value="true"/><groupingId value="_ex_example"/></resource><resource><extension url="http://hl7.org/fhir/StructureDefinition/implementationguide-page"><valueUri value="Location-Example-LocationLocalUnit-789789789789.html"/></extension><reference><reference value="Location/Example-LocationLocalUnit-789789789789"/></reference><name value="Example-LocationLocalUnit-789789789789"/><description value="Hospital medical care."/><exampleBoolean value="true"/><groupingId value="_ex_example"/></resource><resource><extension url="http://hl7.org/fhir/StructureDefinition/implementationguide-page"><valueUri value="Location-Example-LocationRoom-1245687952.html"/></extension><reference><reference value="Location/Example-LocationRoom-1245687952"/></reference><name value="Example-LocationRoom-1245687952"/><description value="Hospitalization room."/><exampleBoolean value="true"/><groupingId value="_ex_example"/></resource><resource><extension url="http://hl7.org/fhir/StructureDefinition/implementationguide-page"><valueUri value="Media-Example-Media-3253255523yf.html"/></extension><reference><reference value="Media/Example-Media-3253255523yf"/></reference><name value="Example-Media-3253255523yf"/><exampleBoolean value="true"/><groupingId value="_ex_example"/></resource><resource><extension url="http://hl7.org/fhir/StructureDefinition/implementationguide-page"><valueUri value="Medication-Example-Medication-12345mdiny.html"/></extension><reference><reference value="Medication/Example-Medication-12345mdiny"/></reference><name value="Example-Medication-12345mdiny"/><exampleBoolean value="true"/><groupingId value="_ex_example"/></resource><resource><extension url="http://hl7.org/fhir/StructureDefinition/implementationguide-page"><valueUri value="Medication-Example-Medication-986756md.html"/></extension><reference><reference value="Medication/Example-Medication-986756md"/></reference><name value="Example-Medication-986756md"/><exampleBoolean value="true"/><groupingId value="_ex_example"/></resource><resource><extension url="http://hl7.org/fhir/StructureDefinition/implementationguide-page"><valueUri value="MedicationAdministration-Example-MedicationAdministration-123456mdadm.html"/></extension><reference><reference value="MedicationAdministration/Example-MedicationAdministration-123456mdadm"/></reference><name value="Example-MedicationAdministration-123456mdadm"/><exampleBoolean value="true"/><groupingId value="_ex_example"/></resource><resource><extension url="http://hl7.org/fhir/StructureDefinition/implementationguide-page"><valueUri value="MedicationDispense-Example-MedicationDispense-123456mdd.html"/></extension><reference><reference value="MedicationDispense/Example-MedicationDispense-123456mdd"/></reference><name value="Example-MedicationDispense-123456mdd"/><exampleBoolean value="true"/><groupingId value="_ex_example"/></resource><resource><extension url="http://hl7.org/fhir/StructureDefinition/implementationguide-page"><valueUri value="MedicationRequest-Example-MedicationRequest-123456mdr.html"/></extension><reference><reference value="MedicationRequest/Example-MedicationRequest-123456mdr"/></reference><name value="Example-MedicationRequest-123456mdr"/><exampleBoolean value="true"/><groupingId value="_ex_example"/></resource><resource><extension url="http://hl7.org/fhir/StructureDefinition/implementationguide-page"><valueUri value="MedicationRequest-Example-MedicationRequest-123456mdr1.html"/></extension><reference><reference value="MedicationRequest/Example-MedicationRequest-123456mdr1"/></reference><name value="Example-MedicationRequest-123456mdr1"/><exampleBoolean value="true"/><groupingId value="_ex_example"/></resource><resource><extension url="http://hl7.org/fhir/StructureDefinition/implementationguide-page"><valueUri value="MessageHeader-Example-MessageHeader-07bde3c45e7c.html"/></extension><reference><reference value="MessageHeader/Example-MessageHeader-07bde3c45e7c"/></reference><name value="Example-MessageHeader-07bde3c45e7c"/><exampleBoolean value="true"/><groupingId value="_ex_example"/></resource><resource><extension url="http://hl7.org/fhir/StructureDefinition/implementationguide-page"><valueUri value="MessageHeader-Example-MessageHeader-737630488u.html"/></extension><reference><reference value="MessageHeader/Example-MessageHeader-737630488u"/></reference><name value="Example-MessageHeader-737630488u"/><exampleBoolean value="true"/><groupingId value="_ex_example"/></resource><resource><extension url="http://hl7.org/fhir/StructureDefinition/implementationguide-page"><valueUri value="Observation-Example-Observation-3232352365gf.html"/></extension><reference><reference value="Observation/Example-Observation-3232352365gf"/></reference><name value="Example-Observation-3232352365gf"/><exampleBoolean value="true"/><groupingId value="_ex_example"/></resource><resource><extension url="http://hl7.org/fhir/StructureDefinition/implementationguide-page"><valueUri value="Observation-Example-Observation-643767367434f.html"/></extension><reference><reference value="Observation/Example-Observation-643767367434f"/></reference><name value="Example-Observation-643767367434f"/><exampleBoolean value="true"/><groupingId value="_ex_example"/></resource><resource><extension url="http://hl7.org/fhir/StructureDefinition/implementationguide-page"><valueUri value="Observation-Example-Observation-7373847387f.html"/></extension><reference><reference value="Observation/Example-Observation-7373847387f"/></reference><name value="Example-Observation-7373847387f"/><exampleBoolean value="true"/><groupingId value="_ex_example"/></resource><resource><extension url="http://hl7.org/fhir/StructureDefinition/implementationguide-page"><valueUri value="Observation-Example-Observation-Antibiogram-obx0.html"/></extension><reference><reference value="Observation/Example-Observation-Antibiogram-obx0"/></reference><name value="Example-Observation-Antibiogram-obx0"/><exampleBoolean value="true"/><groupingId value="_ex_example"/></resource><resource><extension url="http://hl7.org/fhir/StructureDefinition/implementationguide-page"><valueUri value="Observation-Example-Observation-Antibiogram-obx1.html"/></extension><reference><reference value="Observation/Example-Observation-Antibiogram-obx1"/></reference><name value="Example-Observation-Antibiogram-obx1"/><exampleBoolean value="true"/><groupingId value="_ex_example"/></resource><resource><extension url="http://hl7.org/fhir/StructureDefinition/implementationguide-page"><valueUri value="Observation-Example-Observation-Antibiogram-obx2.html"/></extension><reference><reference value="Observation/Example-Observation-Antibiogram-obx2"/></reference><name value="Example-Observation-Antibiogram-obx2"/><exampleBoolean value="true"/><groupingId value="_ex_example"/></resource><resource><extension url="http://hl7.org/fhir/StructureDefinition/implementationguide-page"><valueUri value="Observation-Example-Observation-Antibiogram-obx3.html"/></extension><reference><reference value="Observation/Example-Observation-Antibiogram-obx3"/></reference><name value="Example-Observation-Antibiogram-obx3"/><exampleBoolean value="true"/><groupingId value="_ex_example"/></resource><resource><extension url="http://hl7.org/fhir/StructureDefinition/implementationguide-page"><valueUri value="Observation-Example-Observation-Antibiogram-obx4.html"/></extension><reference><reference value="Observation/Example-Observation-Antibiogram-obx4"/></reference><name value="Example-Observation-Antibiogram-obx4"/><exampleBoolean value="true"/><groupingId value="_ex_example"/></resource><resource><extension url="http://hl7.org/fhir/StructureDefinition/implementationguide-page"><valueUri value="Observation-Example-Observation-Antibiogram-obx5.html"/></extension><reference><reference value="Observation/Example-Observation-Antibiogram-obx5"/></reference><name value="Example-Observation-Antibiogram-obx5"/><exampleBoolean value="true"/><groupingId value="_ex_example"/></resource><resource><extension url="http://hl7.org/fhir/StructureDefinition/implementationguide-page"><valueUri value="Location-Example-OperatingRoom-ads51ds5d145212ds.html"/></extension><reference><reference value="Location/Example-OperatingRoom-ads51ds5d145212ds"/></reference><name value="Example-OperatingRoom-ads51ds5d145212ds"/><description value="Minor procedure operating room."/><exampleBoolean value="true"/><groupingId value="_ex_example"/></resource><resource><extension url="http://hl7.org/fhir/StructureDefinition/implementationguide-page"><valueUri value="Organization-Example-Organization-213134sd15148f.html"/></extension><reference><reference value="Organization/Example-Organization-213134sd15148f"/></reference><name value="Example-Organization-213134sd15148f"/><exampleBoolean value="true"/><groupingId value="_ex_example"/></resource><resource><extension url="http://hl7.org/fhir/StructureDefinition/implementationguide-page"><valueUri value="Organization-Example-Organization-Payor-2910416f.html"/></extension><reference><reference value="Organization/Example-Organization-Payor-2910416f"/></reference><name value="Example-Organization-Payor-2910416f"/><exampleBoolean value="true"/><groupingId value="_ex_example"/></resource><resource><extension url="http://hl7.org/fhir/StructureDefinition/implementationguide-page"><valueUri value="Patient-Example-Patient-2a6d66d1.html"/></extension><reference><reference value="Patient/Example-Patient-2a6d66d1"/></reference><name value="Example-Patient-2a6d66d1"/><exampleBoolean value="true"/><groupingId value="_ex_example"/></resource><resource><extension url="http://hl7.org/fhir/StructureDefinition/implementationguide-page"><valueUri value="Patient-Example-Patient-87356d0d.html"/></extension><reference><reference value="Patient/Example-Patient-87356d0d"/></reference><name value="Example-Patient-87356d0d"/><exampleBoolean value="true"/><groupingId value="_ex_example"/></resource><resource><extension url="http://hl7.org/fhir/StructureDefinition/implementationguide-page"><valueUri value="Location-Example-Pharmacy-51654689466d55.html"/></extension><reference><reference value="Location/Example-Pharmacy-51654689466d55"/></reference><name value="Example-Pharmacy-51654689466d55"/><description value="Emergency pharmacy."/><exampleBoolean value="true"/><groupingId value="_ex_example"/></resource><resource><extension url="http://hl7.org/fhir/StructureDefinition/implementationguide-page"><valueUri value="Practitioner-Example-Practitioner-09709es9d.html"/></extension><reference><reference value="Practitioner/Example-Practitioner-09709es9d"/></reference><name value="Example-Practitioner-09709es9d"/><exampleBoolean value="true"/><groupingId value="_ex_example"/></resource><resource><extension url="http://hl7.org/fhir/StructureDefinition/implementationguide-page"><valueUri value="Practitioner-Example-Practitioner-4290sd6n.html"/></extension><reference><reference value="Practitioner/Example-Practitioner-4290sd6n"/></reference><name value="Example-Practitioner-4290sd6n"/><exampleBoolean value="true"/><groupingId value="_ex_example"/></resource><resource><extension url="http://hl7.org/fhir/StructureDefinition/implementationguide-page"><valueUri value="Practitioner-Example-Practitioner-4343433d.html"/></extension><reference><reference value="Practitioner/Example-Practitioner-4343433d"/></reference><name value="Example-Practitioner-4343433d"/><exampleBoolean value="true"/><groupingId value="_ex_example"/></resource><resource><extension url="http://hl7.org/fhir/StructureDefinition/implementationguide-page"><valueUri value="Practitioner-Example-Practitioner-746746379d.html"/></extension><reference><reference value="Practitioner/Example-Practitioner-746746379d"/></reference><name value="Example-Practitioner-746746379d"/><exampleBoolean value="true"/><groupingId value="_ex_example"/></resource><resource><extension url="http://hl7.org/fhir/StructureDefinition/implementationguide-page"><valueUri value="Practitioner-Example-Practitioner-78456er9f.html"/></extension><reference><reference value="Practitioner/Example-Practitioner-78456er9f"/></reference><name value="Example-Practitioner-78456er9f"/><exampleBoolean value="true"/><groupingId value="_ex_example"/></resource><resource><extension url="http://hl7.org/fhir/StructureDefinition/implementationguide-page"><valueUri value="Procedure-Example-ProcedureDevice-894536pd.html"/></extension><reference><reference value="Procedure/Example-ProcedureDevice-894536pd"/></reference><name value="Example-ProcedureDevice-894536pd"/><exampleBoolean value="true"/><groupingId value="_ex_example"/></resource><resource><extension url="http://hl7.org/fhir/StructureDefinition/implementationguide-page"><valueUri value="Procedure-Example-ProcedureSurgical-878773ps.html"/></extension><reference><reference value="Procedure/Example-ProcedureSurgical-878773ps"/></reference><name value="Example-ProcedureSurgical-878773ps"/><exampleBoolean value="true"/><groupingId value="_ex_example"/></resource><resource><extension url="http://hl7.org/fhir/StructureDefinition/implementationguide-page"><valueUri value="Questionnaire-Example-Questionnaire-7878008qu.html"/></extension><reference><reference value="Questionnaire/Example-Questionnaire-7878008qu"/></reference><name value="Example-Questionnaire-7878008qu-of-Questionnaire"/><exampleBoolean value="true"/><groupingId value="_ex_example"/></resource><resource><extension url="http://hl7.org/fhir/StructureDefinition/implementationguide-page"><valueUri value="QuestionnaireResponse-Example-Questionnaire-7878008qu.html"/></extension><reference><reference value="QuestionnaireResponse/Example-Questionnaire-7878008qu"/></reference><name value="Example-Questionnaire-7878008qu-of-QuestionnaireResponse"/><exampleBoolean value="true"/><groupingId value="_ex_example"/></resource><resource><extension url="http://hl7.org/fhir/StructureDefinition/implementationguide-page"><valueUri value="Schedule-Example-Schedule-d83f2b28.html"/></extension><reference><reference value="Schedule/Example-Schedule-d83f2b28"/></reference><name value="Example-Schedule-d83f2b28"/><exampleBoolean value="true"/><groupingId value="_ex_example"/></resource><resource><extension url="http://hl7.org/fhir/StructureDefinition/implementationguide-page"><valueUri value="ServiceRequest-Example-ServiceRequest-4948f6ad.html"/></extension><reference><reference value="ServiceRequest/Example-ServiceRequest-4948f6ad"/></reference><name value="Example-ServiceRequest-4948f6ad"/><exampleBoolean value="true"/><groupingId value="_ex_example"/></resource><resource><extension url="http://hl7.org/fhir/StructureDefinition/implementationguide-page"><valueUri value="ServiceRequest-Example-ServiceRequest-Imaging-87878hdim.html"/></extension><reference><reference value="ServiceRequest/Example-ServiceRequest-Imaging-87878hdim"/></reference><name value="Example-ServiceRequest-Imaging-87878hdim"/><exampleBoolean value="true"/><groupingId value="_ex_example"/></resource><resource><extension url="http://hl7.org/fhir/StructureDefinition/implementationguide-page"><valueUri value="ServiceRequest-Example-ServiceRequest-Laboratory-4637g6ad.html"/></extension><reference><reference value="ServiceRequest/Example-ServiceRequest-Laboratory-4637g6ad"/></reference><name value="Example-ServiceRequest-Laboratory-4637g6ad"/><exampleBoolean value="true"/><groupingId value="_ex_example"/></resource><resource><extension url="http://hl7.org/fhir/StructureDefinition/implementationguide-page"><valueUri value="ServiceRequest-Example-ServiceRequest-Laboratory-5688g6ay.html"/></extension><reference><reference value="ServiceRequest/Example-ServiceRequest-Laboratory-5688g6ay"/></reference><name value="Example-ServiceRequest-Laboratory-5688g6ay"/><exampleBoolean value="true"/><groupingId value="_ex_example"/></resource><resource><extension url="http://hl7.org/fhir/StructureDefinition/implementationguide-page"><valueUri value="ServiceRequest-Example-ServiceRequest-Laboratory-6745g6at.html"/></extension><reference><reference value="ServiceRequest/Example-ServiceRequest-Laboratory-6745g6at"/></reference><name value="Example-ServiceRequest-Laboratory-6745g6at"/><exampleBoolean value="true"/><groupingId value="_ex_example"/></resource><resource><extension url="http://hl7.org/fhir/StructureDefinition/implementationguide-page"><valueUri value="ServiceRequest-Example-ServiceRequest-Laboratory-7856f89ad.html"/></extension><reference><reference value="ServiceRequest/Example-ServiceRequest-Laboratory-7856f89ad"/></reference><name value="Example-ServiceRequest-Laboratory-7856f89ad"/><exampleBoolean value="true"/><groupingId value="_ex_example"/></resource><resource><extension url="http://hl7.org/fhir/StructureDefinition/implementationguide-page"><valueUri value="Slot-Example-Slot-f261cf86.html"/></extension><reference><reference value="Slot/Example-Slot-f261cf86"/></reference><name value="Example-Slot-f261cf86"/><exampleBoolean value="true"/><groupingId value="_ex_example"/></resource><resource><extension url="http://hl7.org/fhir/StructureDefinition/implementationguide-page"><valueUri value="Specimen-Example-Specimen-Blood-56789856d.html"/></extension><reference><reference value="Specimen/Example-Specimen-Blood-56789856d"/></reference><name value="Example-Specimen-Blood-56789856d"/><exampleBoolean value="true"/><groupingId value="_ex_example"/></resource><page><nameUrl value="toc.html"/><title value="Table of Contents"/><generation value="html"/><page><nameUrl value="index.html"/><title value="Home"/><generation value="markdown"/></page><page><nameUrl value="messaging.html"/><title value="Messaging"/><generation value="markdown"/></page><page><nameUrl value="artifacts.html"/><title value="Artifacts Summary"/><generation value="html"/><page><nameUrl value="StructureDefinition-ProfileAccountKlinic.html"/><title value="Account"/><generation value="generated"/></page><page><nameUrl value="StructureDefinition-ProfileAppointmentKlinic.html"/><title value="Appointment"/><generation value="generated"/></page><page><nameUrl value="StructureDefinition-ProfileAppointmentResponseKlinic.html"/><title value="Appointment Response"/><generation value="generated"/></page><page><nameUrl value="StructureDefinition-ProfileCompositionKlinic.html"/><title value="Document Electronic"/><generation value="generated"/></page><page><nameUrl value="StructureDefinition-ProfileConditionKlinic.html"/><title value="Condition"/><generation value="generated"/></page><page><nameUrl value="StructureDefinition-ProfileCoverageKlinic.html"/><title value="Coverage patient"/><generation value="generated"/></page><page><nameUrl value="StructureDefinition-ProfileDeviceKlinic.html"/><title value="Device"/><generation value="generated"/></page><page><nameUrl value="StructureDefinition-ProfileDiagnosticReportLabKlinic.html"/><title value="Diagnostic report for laboratory, imamging study and cardiovascular tests"/><generation value="generated"/></page><page><nameUrl value="StructureDefinition-ProfileEncounterKlinic.html"/><title value="Encounter Klinic"/><generation value="generated"/></page><page><nameUrl value="StructureDefinition-ProfileEndpointKlinic.html"/><title value="Endpoint"/><generation value="generated"/></page><page><nameUrl value="StructureDefinition-ProfileHealthcareService.html"/><title value="Healthcare Service"/><generation value="generated"/></page><page><nameUrl value="StructureDefinition-ProfileImagingStudyKlinic.html"/><title value="Imaging Study"/><generation value="generated"/></page><page><nameUrl value="StructureDefinition-ProfileImplantableDeviceKlinic.html"/><title value="Device"/><generation value="generated"/></page><page><nameUrl value="StructureDefinition-ProfileLocationAreaKlinic.html"/><title value="Location Area"/><generation value="generated"/></page><page><nameUrl value="StructureDefinition-ProfileLocationBedKlinic.html"/><title value="Location Bed"/><generation value="generated"/></page><page><nameUrl value="StructureDefinition-ProfileLocationBuildingKlinic.html"/><title value="Location Building"/><generation value="generated"/></page><page><nameUrl value="StructureDefinition-ProfileLocationFunctionalUnitKlinic.html"/><title value="Location Functional Unit"/><generation value="generated"/></page><page><nameUrl value="StructureDefinition-ProfileLocationRoomKlinic.html"/><title value="Location Room"/><generation value="generated"/></page><page><nameUrl value="StructureDefinition-ProfileMedicationAdministrationKlinic.html"/><title value="Medication Administration"/><generation value="generated"/></page><page><nameUrl value="StructureDefinition-ProfileMedicationDispenseKlinic.html"/><title value="Medication dispense"/><generation value="generated"/></page><page><nameUrl value="StructureDefinition-ProfileMedicationKlinic.html"/><title value="Medication"/><generation value="generated"/></page><page><nameUrl value="StructureDefinition-ProfileMedicationRequestKlinic.html"/><title value="Medication Request"/><generation value="generated"/></page><page><nameUrl value="StructureDefinition-ProfileMessageHeaderKlinic.html"/><title value="Message header"/><generation value="generated"/></page><page><nameUrl value="StructureDefinition-ProfileObservationLabKlinic.html"/><title value="Observation"/><generation value="generated"/></page><page><nameUrl value="StructureDefinition-ProfileOrganizationHealthcareProviderKlinic.html"/><title value="Organization Healthcare Provider"/><generation value="generated"/></page><page><nameUrl value="StructureDefinition-ProfilePatientKlinic.html"/><title value="Patient"/><generation value="generated"/></page><page><nameUrl value="StructureDefinition-ProfilePractitionerKlinic.html"/><title value="Practitioner"/><generation value="generated"/></page><page><nameUrl value="StructureDefinition-ProfilePractitionerRole.html"/><title value="Practitioner Role"/><generation value="generated"/></page><page><nameUrl value="StructureDefinition-ProfileProcedureKlinic.html"/><title value="Procedure"/><generation value="generated"/></page><page><nameUrl value="StructureDefinition-ProfileQuestionnaireResponseSurveyKlinic.html"/><title value="Questionnaire response"/><generation value="generated"/></page><page><nameUrl value="StructureDefinition-ProfileQuestionnaireSurveyKlinic.html"/><title value="Questionnaire"/><generation value="generated"/></page><page><nameUrl value="StructureDefinition-ProfileScheduleKlinic.html"/><title value="Schedule patient"/><generation value="generated"/></page><page><nameUrl value="StructureDefinition-ProfileServiceRequestKlinic.html"/><title value="Service Request"/><generation value="generated"/></page><page><nameUrl value="StructureDefinition-ProfileSlotKlinic.html"/><title value="Slot"/><generation value="generated"/></page><page><nameUrl value="StructureDefinition-ProfileSpecimenKlinic.html"/><title value="Specimen"/><generation value="generated"/></page><page><nameUrl value="StructureDefinition-AccountAmountKlinic.html"/><title value="Account Amount"/><generation value="generated"/></page><page><nameUrl value="StructureDefinition-AvailableTelemedicine.html"/><title value="Admit telemedicine"/><generation value="generated"/></page><page><nameUrl value="StructureDefinition-BedWithOxygen.html"/><title value="BedWithOxygen"/><generation value="generated"/></page><page><nameUrl value="StructureDefinition-BirthPlace.html"/><title value="Birth Place"/><generation value="generated"/></page><page><nameUrl value="StructureDefinition-BonusAmountKlinic.html"/><title value="Bonus Amount"/><generation value="generated"/></page><page><nameUrl value="StructureDefinition-CancelationDateTime.html"/><title value="Fecha/Hora cancelacion cita"/><generation value="generated"/></page><page><nameUrl value="StructureDefinition-CancelationSanction.html"/><title value="Sancion cancelacion cita"/><generation value="generated"/></page><page><nameUrl value="StructureDefinition-Census.html"/><title value="Census"/><generation value="generated"/></page><page><nameUrl value="StructureDefinition-ChargeBed.html"/><title value="ChargeBed"/><generation value="generated"/></page><page><nameUrl value="StructureDefinition-ClinicalDischargeType.html"/><title value="Clinical discharge type"/><generation value="generated"/></page><page><nameUrl value="StructureDefinition-ConsultationsAmountKlinic.html"/><title value="Consultations Amount"/><generation value="generated"/></page><page><nameUrl value="StructureDefinition-CopaymentAmountKlinic.html"/><title value="Copayment Amount"/><generation value="generated"/></page><page><nameUrl value="StructureDefinition-CulturalGroup.html"/><title value="Cultural group"/><generation value="generated"/></page><page><nameUrl value="StructureDefinition-Disability.html"/><title value="Discapacidad del paciente"/><generation value="generated"/></page><page><nameUrl value="StructureDefinition-EducationalLevelChile.html"/><title value="Education level"/><generation value="generated"/></page><page><nameUrl value="StructureDefinition-EmployerOrganization.html"/><title value="Enterprise Patient"/><generation value="generated"/></page><page><nameUrl value="StructureDefinition-FathersFamily.html"/><title value="Patient&#39;s first surname"/><generation value="generated"/></page><page><nameUrl value="StructureDefinition-GenderIdentity.html"/><title value="Gender patient"/><generation value="generated"/></page><page><nameUrl value="StructureDefinition-HoursOfOperation.html"/><title value="HoursOfOperation"/><generation value="generated"/></page><page><nameUrl value="StructureDefinition-IdExpeditionPlace.html"/><title value="Place of issuance of patient identification"/><generation value="generated"/></page><page><nameUrl value="StructureDefinition-MedicalFeesKlinic.html"/><title value="Medical Fees"/><generation value="generated"/></page><page><nameUrl value="StructureDefinition-MedicationAmount.html"/><title value="Medication Amount"/><generation value="generated"/></page><page><nameUrl value="StructureDefinition-MothersFamily.html"/><title value="Second surname patient"/><generation value="generated"/></page><page><nameUrl value="StructureDefinition-MultipleOccupation.html"/><title value="MultipleOccupation"/><generation value="generated"/></page><page><nameUrl value="StructureDefinition-Nationality.html"/><title value="Nationality patient"/><generation value="generated"/></page><page><nameUrl value="StructureDefinition-NewBorn.html"/><title value="Newborn"/><generation value="generated"/></page><page><nameUrl value="StructureDefinition-Ocupation.html"/><title value="Patient occupation"/><generation value="generated"/></page><page><nameUrl value="StructureDefinition-OrganizationName.html"/><title value="Patient company"/><generation value="generated"/></page><page><nameUrl value="StructureDefinition-OrganizationTelecom.html"/><title value="Telephone company patient"/><generation value="generated"/></page><page><nameUrl value="StructureDefinition-PatientEthnicity.html"/><title value="Ethnic group patient"/><generation value="generated"/></page><page><nameUrl value="StructureDefinition-PatientPopulationGroup.html"/><title value="Population group patient"/><generation value="generated"/></page><page><nameUrl value="StructureDefinition-PersonId.html"/><title value="Patient identification"/><generation value="generated"/></page><page><nameUrl value="StructureDefinition-QuotaPatient.html"/><title value="Quota Patient"/><generation value="generated"/></page><page><nameUrl value="StructureDefinition-RateModality.html"/><title value="Rate modality"/><generation value="generated"/></page><page><nameUrl value="StructureDefinition-RegionalLocationIdentifier.html"/><title value="Regional location identifier"/><generation value="generated"/></page><page><nameUrl value="StructureDefinition-Religion.html"/><title value="Religion"/><generation value="generated"/></page><page><nameUrl value="StructureDefinition-ServicePartOf.html"/><title value="Subservices"/><generation value="generated"/></page><page><nameUrl value="StructureDefinition-SuppliesAmountKlinic.html"/><title value="Supplies Amount"/><generation value="generated"/></page><page><nameUrl value="StructureDefinition-VirtualBed.html"/><title value="VirtualBed"/><generation value="generated"/></page><page><nameUrl value="CodeSystem-CoveragesTypeCl.html"/><title value="CoveragesTypeCl"/><generation value="generated"/></page><page><nameUrl value="CodeSystem-EducationalLevelChile.html"/><title value="Nivel Educativo Chile"/><generation value="generated"/></page><page><nameUrl value="CodeSystem-ISAPRES.html"/><title value="ISAPRES"/><generation value="generated"/></page><page><nameUrl value="CodeSystem-RatesModalityINDISA.html"/><title value="RatesModalityINDISA"/><generation value="generated"/></page><page><nameUrl value="CodeSystem-TramosFONASA.html"/><title value="TramosFONASA"/><generation value="generated"/></page><page><nameUrl value="Bundle-Bundle-Example-Bundle-Document-0ddcb465.html"/><title value="Bundle-Example-Bundle-Document-0ddcb465"/><generation value="generated"/></page><page><nameUrl value="Device-Device-Example-Device-43g37a87.html"/><title value="Device-Example-Device-43g37a87"/><generation value="generated"/></page><page><nameUrl value="Account-Example-Account-6f674e96.html"/><title value="Example-Account-6f674e96"/><generation value="generated"/></page><page><nameUrl value="Appointment-Example-Appointment-05c86b7b-4fad.html"/><title value="Example-Appointment-05c86b7b-4fad"/><generation value="generated"/></page><page><nameUrl value="Appointment-Example-Appointment-05c86b7b-5drg.html"/><title value="Example-Appointment-05c86b7b-5drg"/><generation value="generated"/></page><page><nameUrl value="AppointmentResponse-Example-AppointmentResponse-05c86b7b.html"/><title value="Example-AppointmentResponse-05c86b7b"/><generation value="generated"/></page><page><nameUrl value="Binary-Example-Binary-111213bi.html"/><title value="Example-Binary-111213bi"/><generation value="generated"/></page><page><nameUrl value="Condition-Example-Condition-Imaging-414243ci.html"/><title value="Example-Condition-Imaging-414243ci"/><generation value="generated"/></page><page><nameUrl value="Coverage-Example-Coverage-fa7a571e.html"/><title value="Example-Coverage-fa7a571e"/><generation value="generated"/></page><page><nameUrl value="Coverage-Example-Coverage-fa7a589f.html"/><title value="Example-Coverage-fa7a589f"/><generation value="generated"/></page><page><nameUrl value="Device-Example-Device-757677dv.html"/><title value="Example-Device-757677dv"/><generation value="generated"/></page><page><nameUrl value="Device-Example-Device-898989dv.html"/><title value="Example-Device-898989dv"/><generation value="generated"/></page><page><nameUrl value="DiagnosticReport-Example-DiagnosticReport-Antibiogram-3894.html"/><title value="Example-DiagnosticReport-Antibiogram-3894"/><generation value="generated"/></page><page><nameUrl value="DiagnosticReport-Example-DiagnosticReport-Imaging-u584i.html"/><title value="Example-DiagnosticReport-Imaging-u584i"/><generation value="generated"/></page><page><nameUrl value="DiagnosticReport-Example-DiagnosticReport-Laboratory-265653656yf.html"/><title value="Example-DiagnosticReport-Laboratory-265653656yf"/><generation value="generated"/></page><page><nameUrl value="DiagnosticReport-Example-DiagnosticReport-Laboratory-6543g8au.html"/><title value="Example-DiagnosticReport-Laboratory-6543g8au"/><generation value="generated"/></page><page><nameUrl value="DiagnosticReport-Example-DiagnosticReport-Laboratory-782823899957f.html"/><title value="Example-DiagnosticReport-Laboratory-782823899957f"/><generation value="generated"/></page><page><nameUrl value="Composition-Example-Document-99294f378fec.html"/><title value="Example-Document-99294f378fec"/><generation value="generated"/></page><page><nameUrl value="Composition-Example-Document-c1b9fc94f1af.html"/><title value="Example-Document-c1b9fc94f1af"/><generation value="generated"/></page><page><nameUrl value="Composition-Example-Document-imagingreport-y787434ir.html"/><title value="Example-Document-imagingreport-y787434ir"/><generation value="generated"/></page><page><nameUrl value="Encounter-Example-Encounter-963b1515.html"/><title value="Example-Encounter-963b1515"/><generation value="generated"/></page><page><nameUrl value="Encounter-Example-Encounter-963y1945.html"/><title value="Example-Encounter-963y1945"/><generation value="generated"/></page><page><nameUrl value="Endpoint-Example-EndPoint-PACServer-676767endp.html"/><title value="Example-EndPoint-PACServer-676767endp"/><generation value="generated"/></page><page><nameUrl value="HealthcareService-Example-HealthcareService-20ede331.html"/><title value="Example-HealthcareService-20ede331"/><generation value="generated"/></page><page><nameUrl value="ImagingStudy-Example-ImagingStudy-1.2.840.10008.86767.4545.87878.323.html"/><title value="Example-ImagingStudy-1.2.840.10008.86767.4545.87878.323"/><generation value="generated"/></page><page><nameUrl value="Location-Example-LocationArea-789789789789.html"/><title value="Example-LocationArea-789789789789"/><generation value="generated"/></page><page><nameUrl value="Location-Example-LocationBed-7819819819bn915.html"/><title value="Example-LocationBed-7819819819bn915"/><generation value="generated"/></page><page><nameUrl value="Location-Example-LocationBuilding-7412389635sdf556.html"/><title value="Example-LocationBuilding-7412389635sdf556"/><generation value="generated"/></page><page><nameUrl value="Location-Example-LocationFuncionalUnit-16558949sf878498.html"/><title value="Example-LocationFuncionalUnit-16558949sf878498"/><generation value="generated"/></page><page><nameUrl value="Location-Example-LocationLaboratory-51654689466d55.html"/><title value="Example-LocationLaboratory-51654689466d55"/><generation value="generated"/></page><page><nameUrl value="Location-Example-LocationLocalUnit-789789789789.html"/><title value="Example-LocationLocalUnit-789789789789"/><generation value="generated"/></page><page><nameUrl value="Location-Example-LocationRoom-1245687952.html"/><title value="Example-LocationRoom-1245687952"/><generation value="generated"/></page><page><nameUrl value="Media-Example-Media-3253255523yf.html"/><title value="Example-Media-3253255523yf"/><generation value="generated"/></page><page><nameUrl value="Medication-Example-Medication-12345mdiny.html"/><title value="Example-Medication-12345mdiny"/><generation value="generated"/></page><page><nameUrl value="Medication-Example-Medication-986756md.html"/><title value="Example-Medication-986756md"/><generation value="generated"/></page><page><nameUrl value="MedicationAdministration-Example-MedicationAdministration-123456mdadm.html"/><title value="Example-MedicationAdministration-123456mdadm"/><generation value="generated"/></page><page><nameUrl value="MedicationDispense-Example-MedicationDispense-123456mdd.html"/><title value="Example-MedicationDispense-123456mdd"/><generation value="generated"/></page><page><nameUrl value="MedicationRequest-Example-MedicationRequest-123456mdr.html"/><title value="Example-MedicationRequest-123456mdr"/><generation value="generated"/></page><page><nameUrl value="MedicationRequest-Example-MedicationRequest-123456mdr1.html"/><title value="Example-MedicationRequest-123456mdr1"/><generation value="generated"/></page><page><nameUrl value="MessageHeader-Example-MessageHeader-07bde3c45e7c.html"/><title value="Example-MessageHeader-07bde3c45e7c"/><generation value="generated"/></page><page><nameUrl value="MessageHeader-Example-MessageHeader-737630488u.html"/><title value="Example-MessageHeader-737630488u"/><generation value="generated"/></page><page><nameUrl value="Observation-Example-Observation-3232352365gf.html"/><title value="Example-Observation-3232352365gf"/><generation value="generated"/></page><page><nameUrl value="Observation-Example-Observation-643767367434f.html"/><title value="Example-Observation-643767367434f"/><generation value="generated"/></page><page><nameUrl value="Observation-Example-Observation-7373847387f.html"/><title value="Example-Observation-7373847387f"/><generation value="generated"/></page><page><nameUrl value="Observation-Example-Observation-Antibiogram-obx0.html"/><title value="Example-Observation-Antibiogram-obx0"/><generation value="generated"/></page><page><nameUrl value="Observation-Example-Observation-Antibiogram-obx1.html"/><title value="Example-Observation-Antibiogram-obx1"/><generation value="generated"/></page><page><nameUrl value="Observation-Example-Observation-Antibiogram-obx2.html"/><title value="Example-Observation-Antibiogram-obx2"/><generation value="generated"/></page><page><nameUrl value="Observation-Example-Observation-Antibiogram-obx3.html"/><title value="Example-Observation-Antibiogram-obx3"/><generation value="generated"/></page><page><nameUrl value="Observation-Example-Observation-Antibiogram-obx4.html"/><title value="Example-Observation-Antibiogram-obx4"/><generation value="generated"/></page><page><nameUrl value="Observation-Example-Observation-Antibiogram-obx5.html"/><title value="Example-Observation-Antibiogram-obx5"/><generation value="generated"/></page><page><nameUrl value="Location-Example-OperatingRoom-ads51ds5d145212ds.html"/><title value="Example-OperatingRoom-ads51ds5d145212ds"/><generation value="generated"/></page><page><nameUrl value="Organization-Example-Organization-213134sd15148f.html"/><title value="Example-Organization-213134sd15148f"/><generation value="generated"/></page><page><nameUrl value="Organization-Example-Organization-Payor-2910416f.html"/><title value="Example-Organization-Payor-2910416f"/><generation value="generated"/></page><page><nameUrl value="Patient-Example-Patient-2a6d66d1.html"/><title value="Example-Patient-2a6d66d1"/><generation value="generated"/></page><page><nameUrl value="Patient-Example-Patient-87356d0d.html"/><title value="Example-Patient-87356d0d"/><generation value="generated"/></page><page><nameUrl value="Location-Example-Pharmacy-51654689466d55.html"/><title value="Example-Pharmacy-51654689466d55"/><generation value="generated"/></page><page><nameUrl value="Practitioner-Example-Practitioner-09709es9d.html"/><title value="Example-Practitioner-09709es9d"/><generation value="generated"/></page><page><nameUrl value="Practitioner-Example-Practitioner-4290sd6n.html"/><title value="Example-Practitioner-4290sd6n"/><generation value="generated"/></page><page><nameUrl value="Practitioner-Example-Practitioner-4343433d.html"/><title value="Example-Practitioner-4343433d"/><generation value="generated"/></page><page><nameUrl value="Practitioner-Example-Practitioner-746746379d.html"/><title value="Example-Practitioner-746746379d"/><generation value="generated"/></page><page><nameUrl value="Practitioner-Example-Practitioner-78456er9f.html"/><title value="Example-Practitioner-78456er9f"/><generation value="generated"/></page><page><nameUrl value="Procedure-Example-ProcedureDevice-894536pd.html"/><title value="Example-ProcedureDevice-894536pd"/><generation value="generated"/></page><page><nameUrl value="Procedure-Example-ProcedureSurgical-878773ps.html"/><title value="Example-ProcedureSurgical-878773ps"/><generation value="generated"/></page><page><nameUrl value="Questionnaire-Example-Questionnaire-7878008qu.html"/><title value="Example-Questionnaire-7878008qu-of-Questionnaire"/><generation value="generated"/></page><page><nameUrl value="QuestionnaireResponse-Example-Questionnaire-7878008qu.html"/><title value="Example-Questionnaire-7878008qu-of-QuestionnaireResponse"/><generation value="generated"/></page><page><nameUrl value="Schedule-Example-Schedule-d83f2b28.html"/><title value="Example-Schedule-d83f2b28"/><generation value="generated"/></page><page><nameUrl value="ServiceRequest-Example-ServiceRequest-4948f6ad.html"/><title value="Example-ServiceRequest-4948f6ad"/><generation value="generated"/></page><page><nameUrl value="ServiceRequest-Example-ServiceRequest-Imaging-87878hdim.html"/><title value="Example-ServiceRequest-Imaging-87878hdim"/><generation value="generated"/></page><page><nameUrl value="ServiceRequest-Example-ServiceRequest-Laboratory-4637g6ad.html"/><title value="Example-ServiceRequest-Laboratory-4637g6ad"/><generation value="generated"/></page><page><nameUrl value="ServiceRequest-Example-ServiceRequest-Laboratory-5688g6ay.html"/><title value="Example-ServiceRequest-Laboratory-5688g6ay"/><generation value="generated"/></page><page><nameUrl value="ServiceRequest-Example-ServiceRequest-Laboratory-6745g6at.html"/><title value="Example-ServiceRequest-Laboratory-6745g6at"/><generation value="generated"/></page><page><nameUrl value="ServiceRequest-Example-ServiceRequest-Laboratory-7856f89ad.html"/><title value="Example-ServiceRequest-Laboratory-7856f89ad"/><generation value="generated"/></page><page><nameUrl value="Slot-Example-Slot-f261cf86.html"/><title value="Example-Slot-f261cf86"/><generation value="generated"/></page><page><nameUrl value="Specimen-Example-Specimen-Blood-56789856d.html"/><title value="Example-Specimen-Blood-56789856d"/><generation value="generated"/></page></page></page><parameter><code value="path-resource"/><value value="input/capabilities"/></parameter><parameter><code value="path-resource"/><value value="input/examples"/></parameter><parameter><code value="path-resource"/><value value="input/extensions"/></parameter><parameter><code value="path-resource"/><value value="input/models"/></parameter><parameter><code value="path-resource"/><value value="input/operations"/></parameter><parameter><code value="path-resource"/><value value="input/profiles"/></parameter><parameter><code value="path-resource"/><value value="input/resources"/></parameter><parameter><code value="path-resource"/><value value="input/vocabulary"/></parameter><parameter><code value="path-resource"/><value value="input/maps"/></parameter><parameter><code value="path-resource"/><value value="input/testing"/></parameter><parameter><code value="path-resource"/><value value="input/history"/></parameter><parameter><code value="path-resource"/><value value="fsh-generated/resources"/></parameter><parameter><code value="path-pages"/><value value="template/config"/></parameter><parameter><code value="path-pages"/><value value="input/images"/></parameter><parameter><code value="path-tx-cache"/><value value="input-cache/txcache"/></parameter></definition></ImplementationGuide>