<?xml version="1.0" encoding="UTF-8"?><ImplementationGuide xmlns="http://hl7.org/fhir"><id value="fhir.digital-ware.klinic-api-fhir"/><text><status value="extensions"/><div xmlns="http://www.w3.org/1999/xhtml"><h2>klinicapifhir</h2><p>The official URL for this implementation guide is: </p><pre>https://digitalware-klinic.github.io/fhir/indisa/ImplementationGuide/fhir.digital-ware.klinic-api-fhir</pre><div><p>FHIR implementation guide for Klinic API FHIR (Klinic-HIS) interoperability scenarios, edited by DigitalWare S.A.</p>
</div></div></text><url value="https://digitalware-klinic.github.io/fhir/indisa/ImplementationGuide/fhir.digital-ware.klinic-api-fhir"/><version value="1.0"/><name value="klinicapifhir"/><title value="Klinic API FHIR Implementation Guide: IG Release 1 - Digital Ware S.A."/><status value="active"/><date value="2021-02-10T18:43:59-05:00"/><publisher value="DigitalWare S.A. - Klinic-HIS"/><description value="FHIR implementation guide for Klinic API FHIR (Klinic-HIS) interoperability scenarios, edited by DigitalWare S.A."/><packageId value="fhir.digital-ware.klinic-api-fhir"/><license value="CC0-1.0"/><fhirVersion value="4.0.1"/><definition><extension url="http://hl7.org/fhir/tools/StructureDefinition/ig-parameter"><extension url="code"><valueString value="copyrightyear"/></extension><extension url="value"><valueString value="2021+"/></extension></extension><extension url="http://hl7.org/fhir/tools/StructureDefinition/ig-parameter"><extension url="code"><valueString value="releaselabel"/></extension><extension url="value"><valueString value="trial-use"/></extension></extension><extension url="http://hl7.org/fhir/tools/StructureDefinition/ig-parameter"><extension url="code"><valueString value="path-liquid"/></extension><extension url="value"><valueString value="template/liquid"/></extension></extension><extension url="http://hl7.org/fhir/tools/StructureDefinition/ig-parameter"><extension url="code"><valueString value="path-liquid"/></extension><extension url="value"><valueString value="input/liquid"/></extension></extension><extension url="http://hl7.org/fhir/tools/StructureDefinition/ig-parameter"><extension url="code"><valueString value="path-qa"/></extension><extension url="value"><valueString value="temp/qa"/></extension></extension><extension url="http://hl7.org/fhir/tools/StructureDefinition/ig-parameter"><extension url="code"><valueString value="path-temp"/></extension><extension url="value"><valueString value="temp/pages"/></extension></extension><extension url="http://hl7.org/fhir/tools/StructureDefinition/ig-parameter"><extension url="code"><valueString value="path-output"/></extension><extension url="value"><valueString value="output"/></extension></extension><extension url="http://hl7.org/fhir/tools/StructureDefinition/ig-parameter"><extension url="code"><valueString value="path-suppressed-warnings"/></extension><extension url="value"><valueString value="input/ignoreWarnings.txt"/></extension></extension><extension url="http://hl7.org/fhir/tools/StructureDefinition/ig-parameter"><extension url="code"><valueString value="path-history"/></extension><extension url="value"><valueString value="https://digitalware-klinic.github.io/fhir/indisa/history.html"/></extension></extension><extension url="http://hl7.org/fhir/tools/StructureDefinition/ig-parameter"><extension url="code"><valueString value="template-html"/></extension><extension url="value"><valueString value="template-page.html"/></extension></extension><extension url="http://hl7.org/fhir/tools/StructureDefinition/ig-parameter"><extension url="code"><valueString value="template-md"/></extension><extension url="value"><valueString value="template-page-md.html"/></extension></extension><extension url="http://hl7.org/fhir/tools/StructureDefinition/ig-parameter"><extension url="code"><valueString value="apply-contact"/></extension><extension url="value"><valueString value="true"/></extension></extension><extension url="http://hl7.org/fhir/tools/StructureDefinition/ig-parameter"><extension url="code"><valueString value="apply-context"/></extension><extension url="value"><valueString value="true"/></extension></extension><extension url="http://hl7.org/fhir/tools/StructureDefinition/ig-parameter"><extension url="code"><valueString value="apply-copyright"/></extension><extension url="value"><valueString value="true"/></extension></extension><extension url="http://hl7.org/fhir/tools/StructureDefinition/ig-parameter"><extension url="code"><valueString value="apply-jurisdiction"/></extension><extension url="value"><valueString value="true"/></extension></extension><extension url="http://hl7.org/fhir/tools/StructureDefinition/ig-parameter"><extension url="code"><valueString value="apply-license"/></extension><extension url="value"><valueString value="true"/></extension></extension><extension url="http://hl7.org/fhir/tools/StructureDefinition/ig-parameter"><extension url="code"><valueString value="apply-publisher"/></extension><extension url="value"><valueString value="true"/></extension></extension><extension url="http://hl7.org/fhir/tools/StructureDefinition/ig-parameter"><extension url="code"><valueString value="apply-version"/></extension><extension url="value"><valueString value="true"/></extension></extension><extension url="http://hl7.org/fhir/tools/StructureDefinition/ig-parameter"><extension url="code"><valueString value="active-tables"/></extension><extension url="value"><valueString value="true"/></extension></extension><grouping id="_str_profile"><name value="Structures: Resource Profiles"/><description value="These define constraints on FHIR resources for systems conforming to this implementation guide"/></grouping><grouping id="_str_extension"><name value="Structures: Extension Definitions"/><description value="These define constraints on FHIR data types for systems conforming to this implementation guide"/></grouping><grouping id="_ex_example"><name value="Example: Example Instances"/><description value="These are example instances that show what data produced and consumed by systems conforming with this implementation guide might look like"/></grouping><resource><extension url="http://hl7.org/fhir/StructureDefinition/implementationguide-page"><valueUri value="StructureDefinition-LocationAreaKlinic.html"/></extension><reference><reference value="StructureDefinition/LocationAreaKlinic"/></reference><name value="LocationAreaKlinic"/><exampleBoolean value="false"/><groupingId value="_str_profile"/></resource><resource><extension url="http://hl7.org/fhir/StructureDefinition/implementationguide-page"><valueUri value="StructureDefinition-LocationBedKlinic.html"/></extension><reference><reference value="StructureDefinition/LocationBedKlinic"/></reference><name value="LocationBedKlinic"/><exampleBoolean value="false"/><groupingId value="_str_profile"/></resource><resource><extension url="http://hl7.org/fhir/StructureDefinition/implementationguide-page"><valueUri value="StructureDefinition-LocationBuildingKlinic.html"/></extension><reference><reference value="StructureDefinition/LocationBuildingKlinic"/></reference><name value="LocationBuildingKlinic"/><exampleBoolean value="false"/><groupingId value="_str_profile"/></resource><resource><extension url="http://hl7.org/fhir/StructureDefinition/implementationguide-page"><valueUri value="StructureDefinition-LocationFunctionalUnitKlinic.html"/></extension><reference><reference value="StructureDefinition/LocationFunctionalUnitKlinic"/></reference><name value="LocationFunctionalUnitKlinic"/><exampleBoolean value="false"/><groupingId value="_str_profile"/></resource><resource><extension url="http://hl7.org/fhir/StructureDefinition/implementationguide-page"><valueUri value="StructureDefinition-LocationRoomKlinic.html"/></extension><reference><reference value="StructureDefinition/LocationRoomKlinic"/></reference><name value="LocationRoomKlinic"/><exampleBoolean value="false"/><groupingId value="_str_profile"/></resource><resource><extension url="http://hl7.org/fhir/StructureDefinition/implementationguide-page"><valueUri value="StructureDefinition-OrganizationHealthcareProvider.html"/></extension><reference><reference value="StructureDefinition/OrganizationHealthcareProvider"/></reference><name value="OrganizationHealthcareProvider"/><exampleBoolean value="false"/><groupingId value="_str_profile"/></resource><resource><extension url="http://hl7.org/fhir/StructureDefinition/implementationguide-page"><valueUri value="StructureDefinition-PatientKlinic.html"/></extension><reference><reference value="StructureDefinition/PatientKlinic"/></reference><name value="Patient Klinic API FHIR"/><description value="Perfil HL7 FHIR para el recurso Patient refinado para el contexto Klinic API FHIR."/><exampleBoolean value="false"/><groupingId value="_str_profile"/></resource><resource><extension url="http://hl7.org/fhir/StructureDefinition/implementationguide-page"><valueUri value="StructureDefinition-PerfilAppointment.html"/></extension><reference><reference value="StructureDefinition/PerfilAppointment"/></reference><name value="PerfilAppointment"/><exampleBoolean value="false"/><groupingId value="_str_profile"/></resource><resource><extension url="http://hl7.org/fhir/StructureDefinition/implementationguide-page"><valueUri value="StructureDefinition-PractitionerKlinic.html"/></extension><reference><reference value="StructureDefinition/PractitionerKlinic"/></reference><name value="PractitionerKlinic"/><exampleBoolean value="false"/><groupingId value="_str_profile"/></resource><resource><extension url="http://hl7.org/fhir/StructureDefinition/implementationguide-page"><valueUri value="StructureDefinition-ProfileHealthcareService.html"/></extension><reference><reference value="StructureDefinition/ProfileHealthcareService"/></reference><name value="HealthcareService"/><exampleBoolean value="false"/><groupingId value="_str_profile"/></resource><resource><extension url="http://hl7.org/fhir/StructureDefinition/implementationguide-page"><valueUri value="StructureDefinition-ProfileSchedule.html"/></extension><reference><reference value="StructureDefinition/ProfileSchedule"/></reference><name value="Schedule patient"/><description value="Schedule patient"/><exampleBoolean value="false"/><groupingId value="_str_profile"/></resource><resource><extension url="http://hl7.org/fhir/StructureDefinition/implementationguide-page"><valueUri value="StructureDefinition-SlotKlinic.html"/></extension><reference><reference value="StructureDefinition/SlotKlinic"/></reference><name value="SlotKlinic"/><exampleBoolean value="false"/><groupingId value="_str_profile"/></resource><resource><extension url="http://hl7.org/fhir/StructureDefinition/implementationguide-page"><valueUri value="StructureDefinition-AvailableTelemedicine.html"/></extension><reference><reference value="StructureDefinition/AvailableTelemedicine"/></reference><name value="Admite telemedicina:"/><exampleBoolean value="false"/><groupingId value="_str_extension"/></resource><resource><extension url="http://hl7.org/fhir/StructureDefinition/implementationguide-page"><valueUri value="StructureDefinition-BedWithOxygen.html"/></extension><reference><reference value="StructureDefinition/BedWithOxygen"/></reference><name value="BedWithOxygen"/><description value="Indicator if a bed has oxygen or not"/><exampleBoolean value="false"/><groupingId value="_str_extension"/></resource><resource><extension url="http://hl7.org/fhir/StructureDefinition/implementationguide-page"><valueUri value="StructureDefinition-BirthPlace.html"/></extension><reference><reference value="StructureDefinition/BirthPlace"/></reference><name value="Lugar de nacimiento"/><description value="Localizacon geografica de nacimiento del paciente."/><exampleBoolean value="false"/><groupingId value="_str_extension"/></resource><resource><extension url="http://hl7.org/fhir/StructureDefinition/implementationguide-page"><valueUri value="StructureDefinition-CancelationDateTime.html"/></extension><reference><reference value="StructureDefinition/CancelationDateTime"/></reference><name value="Fecha/Hora cancelacion cita"/><description value="Cancellation of the appointment."/><exampleBoolean value="false"/><groupingId value="_str_extension"/></resource><resource><extension url="http://hl7.org/fhir/StructureDefinition/implementationguide-page"><valueUri value="StructureDefinition-CancelationSanction.html"/></extension><reference><reference value="StructureDefinition/CancelationSanction"/></reference><name value="Sancion cancelacion cita"/><description value="Penalty for cancellation of appointment."/><exampleBoolean value="false"/><groupingId value="_str_extension"/></resource><resource><extension url="http://hl7.org/fhir/StructureDefinition/implementationguide-page"><valueUri value="StructureDefinition-Census.html"/></extension><reference><reference value="StructureDefinition/Census"/></reference><name value="Census"/><description value="Census bed indicator"/><exampleBoolean value="false"/><groupingId value="_str_extension"/></resource><resource><extension url="http://hl7.org/fhir/StructureDefinition/implementationguide-page"><valueUri value="StructureDefinition-ChargeBed.html"/></extension><reference><reference value="StructureDefinition/ChargeBed"/></reference><name value="ChargeBed"/><description value="Indicator if a bed was charged or not"/><exampleBoolean value="false"/><groupingId value="_str_extension"/></resource><resource><extension url="http://hl7.org/fhir/StructureDefinition/implementationguide-page"><valueUri value="StructureDefinition-Disability.html"/></extension><reference><reference value="StructureDefinition/Disability"/></reference><name value="Discapacidad del paciente"/><description value="Discapacidad del paciente."/><exampleBoolean value="false"/><groupingId value="_str_extension"/></resource><resource><extension url="http://hl7.org/fhir/StructureDefinition/implementationguide-page"><valueUri value="StructureDefinition-EducationalLevel.html"/></extension><reference><reference value="StructureDefinition/EducationalLevel"/></reference><name value="Nivel educativo paciente"/><description value="Nivel de educacion del paciente"/><exampleBoolean value="false"/><groupingId value="_str_extension"/></resource><resource><extension url="http://hl7.org/fhir/StructureDefinition/implementationguide-page"><valueUri value="StructureDefinition-EmployerOrganization.html"/></extension><reference><reference value="StructureDefinition/EmployerOrganization"/></reference><name value="Empresa paciente"/><description value="Empresa donde labora el paciente"/><exampleBoolean value="false"/><groupingId value="_str_extension"/></resource><resource><extension url="http://hl7.org/fhir/StructureDefinition/implementationguide-page"><valueUri value="StructureDefinition-Fathersfamily.html"/></extension><reference><reference value="StructureDefinition/Fathersfamily"/></reference><name value="Primer Apellido del profesional de salud"/><description value="Primer apellido del profesional de salud."/><exampleBoolean value="false"/><groupingId value="_str_extension"/></resource><resource><extension url="http://hl7.org/fhir/StructureDefinition/implementationguide-page"><valueUri value="StructureDefinition-GenderIdentity.html"/></extension><reference><reference value="StructureDefinition/GenderIdentity"/></reference><name value="Identidad de genero"/><description value="Genero con el cual el paciente se identifica."/><exampleBoolean value="false"/><groupingId value="_str_extension"/></resource><resource><extension url="http://hl7.org/fhir/StructureDefinition/implementationguide-page"><valueUri value="StructureDefinition-hoursOfOperation.html"/></extension><reference><reference value="StructureDefinition/hoursOfOperation"/></reference><name value="HoursOfOperation"/><exampleBoolean value="false"/><groupingId value="_str_extension"/></resource><resource><extension url="http://hl7.org/fhir/StructureDefinition/implementationguide-page"><valueUri value="StructureDefinition-IdExpeditionPlace.html"/></extension><reference><reference value="StructureDefinition/IdExpeditionPlace"/></reference><name value="Lugar expedicion identificacion paciente"/><description value="Lugar expedicion identificacion paciente"/><exampleBoolean value="false"/><groupingId value="_str_extension"/></resource><resource><extension url="http://hl7.org/fhir/StructureDefinition/implementationguide-page"><valueUri value="StructureDefinition-Mothersfamily.html"/></extension><reference><reference value="StructureDefinition/Mothersfamily"/></reference><name value="Segundo apellido del profesional de salud"/><description value="Segundo apellido del profesional de salud."/><exampleBoolean value="false"/><groupingId value="_str_extension"/></resource><resource><extension url="http://hl7.org/fhir/StructureDefinition/implementationguide-page"><valueUri value="StructureDefinition-MultipleOccupation.html"/></extension><reference><reference value="StructureDefinition/MultipleOccupation"/></reference><name value="MultipleOccupation"/><description value="Describes whether a location admits multiple patients or professionals"/><exampleBoolean value="false"/><groupingId value="_str_extension"/></resource><resource><extension url="http://hl7.org/fhir/StructureDefinition/implementationguide-page"><valueUri value="StructureDefinition-Nationality.html"/></extension><reference><reference value="StructureDefinition/Nationality"/></reference><name value="Nacionalidad del paciente"/><description value="Nacionalidad del paciente."/><exampleBoolean value="false"/><groupingId value="_str_extension"/></resource><resource><extension url="http://hl7.org/fhir/StructureDefinition/implementationguide-page"><valueUri value="StructureDefinition-NewBorn.html"/></extension><reference><reference value="StructureDefinition/NewBorn"/></reference><name value="Recien Nacido"/><description value="Extension que permite registrar si el paciente es o no un recien nacido."/><exampleBoolean value="false"/><groupingId value="_str_extension"/></resource><resource><extension url="http://hl7.org/fhir/StructureDefinition/implementationguide-page"><valueUri value="StructureDefinition-Ocupation.html"/></extension><reference><reference value="StructureDefinition/Ocupation"/></reference><name value="Ocupacion del paciente"/><description value="Ocupacion del paciente"/><exampleBoolean value="false"/><groupingId value="_str_extension"/></resource><resource><extension url="http://hl7.org/fhir/StructureDefinition/implementationguide-page"><valueUri value="StructureDefinition-OrganizationName.html"/></extension><reference><reference value="StructureDefinition/OrganizationName"/></reference><name value="OrganizationName"/><description value="Empresa del paciente"/><exampleBoolean value="false"/><groupingId value="_str_extension"/></resource><resource><extension url="http://hl7.org/fhir/StructureDefinition/implementationguide-page"><valueUri value="StructureDefinition-OrganizationTelecom.html"/></extension><reference><reference value="StructureDefinition/OrganizationTelecom"/></reference><name value="Telefono empresa paciente"/><description value="Telefono contacto empresa del paciente"/><exampleBoolean value="false"/><groupingId value="_str_extension"/></resource><resource><extension url="http://hl7.org/fhir/StructureDefinition/implementationguide-page"><valueUri value="StructureDefinition-PatientEthnicity.html"/></extension><reference><reference value="StructureDefinition/PatientEthnicity"/></reference><name value="Grupo etnico paciente"/><description value="Grupo etnico del paciente."/><exampleBoolean value="false"/><groupingId value="_str_extension"/></resource><resource><extension url="http://hl7.org/fhir/StructureDefinition/implementationguide-page"><valueUri value="StructureDefinition-PatientPopulationGroup.html"/></extension><reference><reference value="StructureDefinition/PatientPopulationGroup"/></reference><name value="Grupo pobacional paciente"/><description value="Grupo poblacional al que pertenece el paciente."/><exampleBoolean value="false"/><groupingId value="_str_extension"/></resource><resource><extension url="http://hl7.org/fhir/StructureDefinition/implementationguide-page"><valueUri value="StructureDefinition-Personid.html"/></extension><reference><reference value="StructureDefinition/Personid"/></reference><name value="Identificacion del paciente"/><description value="Identificacion del paciente."/><exampleBoolean value="false"/><groupingId value="_str_extension"/></resource><resource><extension url="http://hl7.org/fhir/StructureDefinition/implementationguide-page"><valueUri value="StructureDefinition-QuotaPatient.html"/></extension><reference><reference value="StructureDefinition/QuotaPatient"/></reference><name value="Cupo pacientes:"/><exampleBoolean value="false"/><groupingId value="_str_extension"/></resource><resource><extension url="http://hl7.org/fhir/StructureDefinition/implementationguide-page"><valueUri value="StructureDefinition-RegionalLocationIdentifier.html"/></extension><reference><reference value="StructureDefinition/RegionalLocationIdentifier"/></reference><name value="Identificador regional"/><exampleBoolean value="false"/><groupingId value="_str_extension"/></resource><resource><extension url="http://hl7.org/fhir/StructureDefinition/implementationguide-page"><valueUri value="StructureDefinition-ServicePartOf.html"/></extension><reference><reference value="StructureDefinition/ServicePartOf"/></reference><name value="Subservicio"/><exampleBoolean value="false"/><groupingId value="_str_extension"/></resource><resource><extension url="http://hl7.org/fhir/StructureDefinition/implementationguide-page"><valueUri value="StructureDefinition-VirtualBed.html"/></extension><reference><reference value="StructureDefinition/VirtualBed"/></reference><name value="VirtualBed"/><description value="Indicator if a bed is virtual or not"/><exampleBoolean value="false"/><groupingId value="_str_extension"/></resource><resource><extension url="http://hl7.org/fhir/StructureDefinition/implementationguide-page"><valueUri value="Appointment-05c86b7b-4fad-4f1b-a470-9755953b5d5b.html"/></extension><reference><reference value="Appointment/05c86b7b-4fad-4f1b-a470-9755953b5d5b"/></reference><name value="05c86b7b-4fad-4f1b-a470-9755953b5d5b"/><exampleBoolean value="true"/><groupingId value="_ex_example"/></resource><resource><extension url="http://hl7.org/fhir/StructureDefinition/implementationguide-page"><valueUri value="Practitioner-09709es9d7a090d9f0s9d.html"/></extension><reference><reference value="Practitioner/09709es9d7a090d9f0s9d"/></reference><name value="09709es9d7a090d9f0s9d"/><exampleBoolean value="true"/><groupingId value="_ex_example"/></resource><resource><extension url="http://hl7.org/fhir/StructureDefinition/implementationguide-page"><valueUri value="Location-16558949sf878498.html"/></extension><reference><reference value="Location/16558949sf878498"/></reference><name value="16558949sf878498"/><description value="Laboratorio de hemocomponentes/ farmacia de urgencias"/><exampleBoolean value="true"/><groupingId value="_ex_example"/></resource><resource><extension url="http://hl7.org/fhir/StructureDefinition/implementationguide-page"><valueUri value="HealthcareService-20ede331-0bc9-4d70-a209-49ecbed7922a.html"/></extension><reference><reference value="HealthcareService/20ede331-0bc9-4d70-a209-49ecbed7922a"/></reference><name value="20ede331-0bc9-4d70-a209-49ecbed7922a"/><exampleBoolean value="true"/><groupingId value="_ex_example"/></resource><resource><extension url="http://hl7.org/fhir/StructureDefinition/implementationguide-page"><valueUri value="Organization-213134sd15148f.html"/></extension><reference><reference value="Organization/213134sd15148f"/></reference><name value="213134sd15148f"/><exampleBoolean value="true"/><groupingId value="_ex_example"/></resource><resource><extension url="http://hl7.org/fhir/StructureDefinition/implementationguide-page"><valueUri value="Location-51654689466d55.html"/></extension><reference><reference value="Location/51654689466d55"/></reference><name value="51654689466d55"/><description value="Laboratorio de hemocomponentes"/><exampleBoolean value="true"/><groupingId value="_ex_example"/></resource><resource><extension url="http://hl7.org/fhir/StructureDefinition/implementationguide-page"><valueUri value="Location-7412389635sdf556.html"/></extension><reference><reference value="Location/7412389635sdf556"/></reference><name value="7412389635sdf556"/><description value="Clinica y urgencias"/><exampleBoolean value="true"/><groupingId value="_ex_example"/></resource><resource><extension url="http://hl7.org/fhir/StructureDefinition/implementationguide-page"><valueUri value="Location-7819819819bn915.html"/></extension><reference><reference value="Location/7819819819bn915"/></reference><name value="7819819819bn915"/><description value="Cama del paciente"/><exampleBoolean value="true"/><groupingId value="_ex_example"/></resource><resource><extension url="http://hl7.org/fhir/StructureDefinition/implementationguide-page"><valueUri value="Patient-87356d0d-3891-45b7-b678-c623281f8b9c.html"/></extension><reference><reference value="Patient/87356d0d-3891-45b7-b678-c623281f8b9c"/></reference><name value="87356d0d-3891-45b7-b678-c623281f8b9c"/><exampleBoolean value="true"/><groupingId value="_ex_example"/></resource><resource><extension url="http://hl7.org/fhir/StructureDefinition/implementationguide-page"><valueUri value="Encounter-963b1515-1ced-4020-b3df-0568accf41c9.html"/></extension><reference><reference value="Encounter/963b1515-1ced-4020-b3df-0568accf41c9"/></reference><name value="963b1515-1ced-4020-b3df-0568accf41c9"/><exampleBoolean value="true"/><groupingId value="_ex_example"/></resource><resource><extension url="http://hl7.org/fhir/StructureDefinition/implementationguide-page"><valueUri value="Location-ads51ds5d145212ds.html"/></extension><reference><reference value="Location/ads51ds5d145212ds"/></reference><name value="ads51ds5d145212ds"/><description value="Quirof&#xE1;no de procedimientos menores"/><exampleBoolean value="true"/><groupingId value="_ex_example"/></resource><resource><extension url="http://hl7.org/fhir/StructureDefinition/implementationguide-page"><valueUri value="Schedule-d83f2b28-24e6-4464-aefe-be45eaa820d4.html"/></extension><reference><reference value="Schedule/d83f2b28-24e6-4464-aefe-be45eaa820d4"/></reference><name value="d83f2b28-24e6-4464-aefe-be45eaa820d4"/><exampleBoolean value="true"/><groupingId value="_ex_example"/></resource><resource><extension url="http://hl7.org/fhir/StructureDefinition/implementationguide-page"><valueUri value="Slot-f261cf86-786c-46b0-bce7-0fc93aa185f6.html"/></extension><reference><reference value="Slot/f261cf86-786c-46b0-bce7-0fc93aa185f6"/></reference><name value="f261cf86-786c-46b0-bce7-0fc93aa185f6"/><exampleBoolean value="true"/><groupingId value="_ex_example"/></resource><page><nameUrl value="toc.html"/><title value="Table of Contents"/><generation value="html"/><page><nameUrl value="artifacts.html"/><title value="Artifacts Summary"/><generation value="html"/><page><nameUrl value="StructureDefinition-LocationAreaKlinic.html"/><title value="LocationAreaKlinic"/><generation value="generated"/></page><page><nameUrl value="StructureDefinition-LocationBedKlinic.html"/><title value="LocationBedKlinic"/><generation value="generated"/></page><page><nameUrl value="StructureDefinition-LocationBuildingKlinic.html"/><title value="LocationBuildingKlinic"/><generation value="generated"/></page><page><nameUrl value="StructureDefinition-LocationFunctionalUnitKlinic.html"/><title value="LocationFunctionalUnitKlinic"/><generation value="generated"/></page><page><nameUrl value="StructureDefinition-LocationRoomKlinic.html"/><title value="LocationRoomKlinic"/><generation value="generated"/></page><page><nameUrl value="StructureDefinition-OrganizationHealthcareProvider.html"/><title value="OrganizationHealthcareProvider"/><generation value="generated"/></page><page><nameUrl value="StructureDefinition-PatientKlinic.html"/><title value="Patient Klinic API FHIR"/><generation value="generated"/></page><page><nameUrl value="StructureDefinition-PerfilAppointment.html"/><title value="PerfilAppointment"/><generation value="generated"/></page><page><nameUrl value="StructureDefinition-PractitionerKlinic.html"/><title value="PractitionerKlinic"/><generation value="generated"/></page><page><nameUrl value="StructureDefinition-ProfileHealthcareService.html"/><title value="HealthcareService"/><generation value="generated"/></page><page><nameUrl value="StructureDefinition-ProfileSchedule.html"/><title value="Schedule patient"/><generation value="generated"/></page><page><nameUrl value="StructureDefinition-SlotKlinic.html"/><title value="SlotKlinic"/><generation value="generated"/></page><page><nameUrl value="StructureDefinition-AvailableTelemedicine.html"/><title value="Admite telemedicina:"/><generation value="generated"/></page><page><nameUrl value="StructureDefinition-BedWithOxygen.html"/><title value="BedWithOxygen"/><generation value="generated"/></page><page><nameUrl value="StructureDefinition-BirthPlace.html"/><title value="Lugar de nacimiento"/><generation value="generated"/></page><page><nameUrl value="StructureDefinition-CancelationDateTime.html"/><title value="Fecha/Hora cancelacion cita"/><generation value="generated"/></page><page><nameUrl value="StructureDefinition-CancelationSanction.html"/><title value="Sancion cancelacion cita"/><generation value="generated"/></page><page><nameUrl value="StructureDefinition-Census.html"/><title value="Census"/><generation value="generated"/></page><page><nameUrl value="StructureDefinition-ChargeBed.html"/><title value="ChargeBed"/><generation value="generated"/></page><page><nameUrl value="StructureDefinition-Disability.html"/><title value="Discapacidad del paciente"/><generation value="generated"/></page><page><nameUrl value="StructureDefinition-EducationalLevel.html"/><title value="Nivel educativo paciente"/><generation value="generated"/></page><page><nameUrl value="StructureDefinition-EmployerOrganization.html"/><title value="Empresa paciente"/><generation value="generated"/></page><page><nameUrl value="StructureDefinition-Fathersfamily.html"/><title value="Primer Apellido del profesional de salud"/><generation value="generated"/></page><page><nameUrl value="StructureDefinition-GenderIdentity.html"/><title value="Identidad de genero"/><generation value="generated"/></page><page><nameUrl value="StructureDefinition-hoursOfOperation.html"/><title value="HoursOfOperation"/><generation value="generated"/></page><page><nameUrl value="StructureDefinition-IdExpeditionPlace.html"/><title value="Lugar expedicion identificacion paciente"/><generation value="generated"/></page><page><nameUrl value="StructureDefinition-Mothersfamily.html"/><title value="Segundo apellido del profesional de salud"/><generation value="generated"/></page><page><nameUrl value="StructureDefinition-MultipleOccupation.html"/><title value="MultipleOccupation"/><generation value="generated"/></page><page><nameUrl value="StructureDefinition-Nationality.html"/><title value="Nacionalidad del paciente"/><generation value="generated"/></page><page><nameUrl value="StructureDefinition-NewBorn.html"/><title value="Recien Nacido"/><generation value="generated"/></page><page><nameUrl value="StructureDefinition-Ocupation.html"/><title value="Ocupacion del paciente"/><generation value="generated"/></page><page><nameUrl value="StructureDefinition-OrganizationName.html"/><title value="OrganizationName"/><generation value="generated"/></page><page><nameUrl value="StructureDefinition-OrganizationTelecom.html"/><title value="Telefono empresa paciente"/><generation value="generated"/></page><page><nameUrl value="StructureDefinition-PatientEthnicity.html"/><title value="Grupo etnico paciente"/><generation value="generated"/></page><page><nameUrl value="StructureDefinition-PatientPopulationGroup.html"/><title value="Grupo pobacional paciente"/><generation value="generated"/></page><page><nameUrl value="StructureDefinition-Personid.html"/><title value="Identificacion del paciente"/><generation value="generated"/></page><page><nameUrl value="StructureDefinition-QuotaPatient.html"/><title value="Cupo pacientes:"/><generation value="generated"/></page><page><nameUrl value="StructureDefinition-RegionalLocationIdentifier.html"/><title value="Identificador regional"/><generation value="generated"/></page><page><nameUrl value="StructureDefinition-ServicePartOf.html"/><title value="Subservicio"/><generation value="generated"/></page><page><nameUrl value="StructureDefinition-VirtualBed.html"/><title value="VirtualBed"/><generation value="generated"/></page><page><nameUrl value="Appointment-05c86b7b-4fad-4f1b-a470-9755953b5d5b.html"/><title value="05c86b7b-4fad-4f1b-a470-9755953b5d5b"/><generation value="generated"/></page><page><nameUrl value="Practitioner-09709es9d7a090d9f0s9d.html"/><title value="09709es9d7a090d9f0s9d"/><generation value="generated"/></page><page><nameUrl value="Location-16558949sf878498.html"/><title value="16558949sf878498"/><generation value="generated"/></page><page><nameUrl value="HealthcareService-20ede331-0bc9-4d70-a209-49ecbed7922a.html"/><title value="20ede331-0bc9-4d70-a209-49ecbed7922a"/><generation value="generated"/></page><page><nameUrl value="Organization-213134sd15148f.html"/><title value="213134sd15148f"/><generation value="generated"/></page><page><nameUrl value="Location-51654689466d55.html"/><title value="51654689466d55"/><generation value="generated"/></page><page><nameUrl value="Location-7412389635sdf556.html"/><title value="7412389635sdf556"/><generation value="generated"/></page><page><nameUrl value="Location-7819819819bn915.html"/><title value="7819819819bn915"/><generation value="generated"/></page><page><nameUrl value="Patient-87356d0d-3891-45b7-b678-c623281f8b9c.html"/><title value="87356d0d-3891-45b7-b678-c623281f8b9c"/><generation value="generated"/></page><page><nameUrl value="Encounter-963b1515-1ced-4020-b3df-0568accf41c9.html"/><title value="963b1515-1ced-4020-b3df-0568accf41c9"/><generation value="generated"/></page><page><nameUrl value="Location-ads51ds5d145212ds.html"/><title value="ads51ds5d145212ds"/><generation value="generated"/></page><page><nameUrl value="Schedule-d83f2b28-24e6-4464-aefe-be45eaa820d4.html"/><title value="d83f2b28-24e6-4464-aefe-be45eaa820d4"/><generation value="generated"/></page><page><nameUrl value="Slot-f261cf86-786c-46b0-bce7-0fc93aa185f6.html"/><title value="f261cf86-786c-46b0-bce7-0fc93aa185f6"/><generation value="generated"/></page></page></page><parameter><code value="path-resource"/><value value="input/capabilities"/></parameter><parameter><code value="path-resource"/><value value="input/examples"/></parameter><parameter><code value="path-resource"/><value value="input/extensions"/></parameter><parameter><code value="path-resource"/><value value="input/models"/></parameter><parameter><code value="path-resource"/><value value="input/operations"/></parameter><parameter><code value="path-resource"/><value value="input/profiles"/></parameter><parameter><code value="path-resource"/><value value="input/resources"/></parameter><parameter><code value="path-resource"/><value value="input/vocabulary"/></parameter><parameter><code value="path-resource"/><value value="input/maps"/></parameter><parameter><code value="path-resource"/><value value="input/testing"/></parameter><parameter><code value="path-resource"/><value value="input/history"/></parameter><parameter><code value="path-resource"/><value value="fsh-generated/resources"/></parameter><parameter><code value="path-pages"/><value value="template/config"/></parameter><parameter><code value="path-pages"/><value value="input/images"/></parameter><parameter><code value="path-tx-cache"/><value value="input-cache/txcache"/></parameter></definition></ImplementationGuide>